ts_utc,ts_ms,open_interest,contract_volume,long_short,taker_buy,taker_sell,funding_okx
2026-07-02T00:00:00+00:00,1782950400000,2487510489.3226,304048382.5586,1.73,174043750.4636,128947241.7185,9.0342275479e-05
2026-07-02T01:00:00+00:00,1782954000000,2470493673.0896,353327960.1777,1.81,177814141.25,174021279.5225,9.0342275479e-05
2026-07-02T02:00:00+00:00,1782957600000,2478013630.3585,318253837.4056,1.88,144744608.02,173508033.2597,9.0342275479e-05
2026-07-02T03:00:00+00:00,1782961200000,2484730430.8608,227608263.6667,1.84,116835072.933,110773190.7337,9.0342275479e-05
2026-07-02T04:00:00+00:00,1782964800000,2462981820.276,496539508.1484,1.78,230319598.2908,266219909.8576,9.0342275479e-05
2026-07-02T05:00:00+00:00,1782968400000,2465308976.1698,252579746.8673,1.65,142855649.9884,109720221.3518,9.0342275479e-05
2026-07-02T06:00:00+00:00,1782972000000,2468539601.6897,270212481.7834,1.67,161053277.8975,108895265.4159,9.0342275479e-05
2026-07-02T07:00:00+00:00,1782975600000,2459158139.7169,292673205.1431,1.75,144685605.8362,147802802.1191,9.0342275479e-05
2026-07-02T08:00:00+00:00,1782979200000,2474888703.7115,300660974.264,1.83,138959007.0458,161275323.3535,0.0001
2026-07-02T09:00:00+00:00,1782982800000,2487059133.9528,284660276.4349,1.93,115402245.9614,169258030.4735,0.0001
2026-07-02T10:00:00+00:00,1782986400000,2468263789.67,872748328.174,1.77,399904006.8479,472844236.2101,0.0001
2026-07-02T11:00:00+00:00,1782990000000,2472570000.5703,316584314.5518,1.68,162244422.6007,154339561.5881,0.0001
2026-07-02T12:00:00+00:00,1782993600000,2478112935.6528,245441807.6479,1.64,106031274.9614,139410140.1681,0.0001
2026-07-02T13:00:00+00:00,1782997200000,2469682475.3255,583153990.1336,1.64,259494148.3831,323611780.9768,0.0001
2026-07-02T14:00:00+00:00,1783000800000,2479434498.9915,1087687849.1792,1.58,503606249.606,583971144.5665,0.0001
2026-07-02T15:00:00+00:00,1783004400000,2481579482.2706,763304828.9971,1.52,396866492.3805,364528209.8848,0.0001
2026-07-02T16:00:00+00:00,1783008000000,2488436196.0538,281140599.412,1.52,148202411.1709,132323946.2411,3.11543020607e-05
2026-07-02T17:00:00+00:00,1783011600000,2489985599.0468,599727878.2085,1.56,276666794.5647,317247827.1828,3.11543020607e-05
2026-07-02T18:00:00+00:00,1783015200000,2518466147.4398,232180980.4243,1.54,107785355.6869,124395624.7374,3.11543020607e-05
2026-07-02T19:00:00+00:00,1783018800000,2518897545.9849,86991368.7868,1.53,40906503.8884,46084864.8984,3.11543020607e-05
2026-07-02T20:00:00+00:00,1783022400000,2535420870.7856,199532544.9895,1.53,113795340.1932,85669057.8023,3.11543020607e-05
2026-07-02T21:00:00+00:00,1783026000000,2533098077.1076,141451220.0133,1.55,57126110.6179,84167267.7822,3.11543020607e-05
2026-07-02T22:00:00+00:00,1783029600000,2534478079.9779,68021405.8217,1.54,31915685.6558,36105720.1658,3.11543020607e-05
2026-07-02T23:00:00+00:00,1783033200000,2533805761.7557,58223627.7699,1.51,31126993.2655,27096634.5045,3.11543020607e-05
2026-07-03T00:00:00+00:00,1783036800000,2529998686.5997,80487309.6473,1.52,40376969.4027,40110266.6275,0.0001
2026-07-03T01:00:00+00:00,1783040400000,2556141076.297,165442805.8664,1.53,89917320.3406,75329341.479,0.0001
2026-07-03T02:00:00+00:00,1783044000000,2552283196.8936,171245385.0647,1.62,72416488.1759,98828896.8888,0.0001
2026-07-03T03:00:00+00:00,1783047600000,2560195764.6506,146175898.4463,1.64,74682160.8787,70654692.255,0.0001
2026-07-03T04:00:00+00:00,1783051200000,2544666271.0923,156090566.5434,1.64,83793039.784,72297526.7594,0.0001
2026-07-03T05:00:00+00:00,1783054800000,2565969919.1978,136457827.1812,1.65,54936308.5763,81521518.6049,0.0001
2026-07-03T06:00:00+00:00,1783058400000,2557513684.5027,169784095.2586,1.65,89055786.8073,80728308.4513,0.0001
2026-07-03T07:00:00+00:00,1783062000000,2547123527.5999,168806146.6265,1.63,100973097.6331,67833048.9934,0.0001
2026-07-03T08:00:00+00:00,1783065600000,2558553046.6331,109424229.5911,1.63,56317259.4412,53106970.1499,0.0001
2026-07-03T09:00:00+00:00,1783069200000,2564576889.2148,161261917.6042,1.62,75875602.1865,85364932.6423,0.0001
2026-07-03T10:00:00+00:00,1783072800000,2558857160.2836,129642389.6776,1.63,63323843.9657,66297050.3224,0.0001
2026-07-03T11:00:00+00:00,1783076400000,2554063179.0197,222462261.0238,1.62,96508169.6284,125954091.3954,0.0001
2026-07-03T12:00:00+00:00,1783080000000,2568169101.1087,185974724.6933,1.6,88842600.8954,97132123.7979,0.0001
2026-07-03T13:00:00+00:00,1783083600000,2565174996.9825,227276072.9263,1.62,110711772.8021,116564300.1242,0.0001
2026-07-03T14:00:00+00:00,1783087200000,2559797421.4258,195111604.5016,1.64,91653769.233,103457835.2686,0.0001
2026-07-03T15:00:00+00:00,1783090800000,2567604544.8565,331527546.9566,1.59,168697970.8804,161863549.3264,0.0001
2026-07-03T16:00:00+00:00,1783094400000,2581889584.3978,424706393.07,1.57,230454830.2095,194040948.2115,5.38283058701e-05
2026-07-03T17:00:00+00:00,1783098000000,2578919419.9074,150361546.209,1.51,76976312.3917,73385233.8173,5.38283058701e-05
2026-07-03T18:00:00+00:00,1783101600000,2595388210.0562,133904968.091,1.48,66870578.5709,67034389.5201,5.38283058701e-05
2026-07-03T19:00:00+00:00,1783105200000,2593681618.4004,72800641.7382,1.48,44146308.37,28654333.3682,5.38283058701e-05
2026-07-03T20:00:00+00:00,1783108800000,2592976723.4052,90657119.9435,1.48,42001729.2738,48655316.0393,5.38283058701e-05
2026-07-03T21:00:00+00:00,1783112400000,2520142261.6917,649803573.0499,1.52,276354901.4919,373448432.7652,5.38283058701e-05
2026-07-03T22:00:00+00:00,1783116000000,2524342883.203,261257736.9608,1.53,133640206.2198,127609071.3087,5.38283058701e-05
2026-07-03T23:00:00+00:00,1783119600000,2528740328.7141,97068113.5766,1.52,49675076.8074,47393036.7692,5.38283058701e-05
2026-07-04T00:00:00+00:00,1783123200000,2531050623.8275,74299217.8775,1.52,37864178.5308,36435039.3467,4.07757884118e-05
2026-07-04T01:00:00+00:00,1783126800000,2531372871.9062,182698823.4832,1.49,74337154.7928,108361668.6904,4.07757884118e-05
2026-07-04T02:00:00+00:00,1783130400000,2526693971.0287,186831304.1998,1.47,101132737.6785,85582655.043,4.07757884118e-05
2026-07-04T03:00:00+00:00,1783134000000,2529199042.6429,67284981.8075,1.48,30168589.3976,37116348.6818,4.07757884118e-05
2026-07-04T04:00:00+00:00,1783137600000,2534635478.4939,113183482.2782,1.48,54531566.8768,58651915.4013,4.07757884118e-05
2026-07-04T05:00:00+00:00,1783141200000,2543501660.5887,88456470.5988,1.48,47613729.9265,40842740.6723,4.07757884118e-05
2026-07-04T06:00:00+00:00,1783144800000,2553049400.9577,92472468.7967,1.47,53335998.9197,39136469.877,4.07757884118e-05
2026-07-04T07:00:00+00:00,1783148400000,2549092581.6665,131847007.7531,1.48,75514315.8389,55637686.6852,4.07757884118e-05
2026-07-04T08:00:00+00:00,1783152000000,2549765903.9144,113358009.5618,1.47,61234644.6236,52123364.9382,6.08954397873e-05
2026-07-04T09:00:00+00:00,1783155600000,2539486329.0631,85738817.0135,1.47,38240157.2469,47498347.2561,6.08954397873e-05
2026-07-04T10:00:00+00:00,1783159200000,2547990058.4451,103128361.6217,1.46,50327662.8443,52789142.2864,6.08954397873e-05
2026-07-04T11:00:00+00:00,1783162800000,2550347083.7083,49258302.784,1.47,24849389.9826,24407882.426,6.08954397873e-05
2026-07-04T12:00:00+00:00,1783166400000,2555491415.5346,44517882.5266,1.47,19200495.6776,25317386.8491,6.08954397873e-05
2026-07-04T13:00:00+00:00,1783170000000,2552858375.5957,87335215.3462,1.48,37629725.16,49684846.0113,6.08954397873e-05
2026-07-04T14:00:00+00:00,1783173600000,2540907753.106,117976986.1017,1.47,57022522.1655,60954457.6652,6.08954397873e-05
2026-07-04T15:00:00+00:00,1783177200000,2538683249.5252,85895426.8539,1.47,35054735.9643,50840684.6241,6.08954397873e-05
2026-07-04T16:00:00+00:00,1783180800000,2477442354.4937,489722638.8233,1.5,231281917.9236,258420636.2329,6.44399138913e-05
2026-07-04T17:00:00+00:00,1783184400000,2487194358.0721,158875452.7053,1.51,82511151.1942,76364188.4585,6.44399138913e-05
2026-07-04T18:00:00+00:00,1783188000000,2522412340.677,445893640.287,1.57,175756267.7038,270137014.2769,6.44399138913e-05
2026-07-04T19:00:00+00:00,1783191600000,2512821096.7875,147006405.7853,1.55,84493929.6949,62512476.0905,6.44399138913e-05
2026-07-04T20:00:00+00:00,1783195200000,2511358447.4125,108737554.3663,1.51,56979905.6422,51757648.7241,6.44399138913e-05
2026-07-04T21:00:00+00:00,1783198800000,2507812610.2272,68114973.1103,1.5,38887292.0346,29221636.3884,6.44399138913e-05
2026-07-04T22:00:00+00:00,1783202400000,2501601436.2649,82391263.5778,1.49,36120094.384,46271169.1938,6.44399138913e-05
2026-07-04T23:00:00+00:00,1783206000000,2500616763.4588,66950739.1507,1.48,36064848.0503,30885865.8181,6.44399138913e-05
2026-07-05T00:00:00+00:00,1783209600000,2507404694.3679,155270735.4648,1.47,73607839.9354,81181386.7016,0.0001
2026-07-05T01:00:00+00:00,1783213200000,2518539045.7026,134622282.3396,1.49,73178800.0392,61365755.1813,0.0001
2026-07-05T02:00:00+00:00,1783216800000,2506889351.726,174631382.8665,1.46,105487820.4149,68865429.9745,0.0001
2026-07-05T03:00:00+00:00,1783220400000,2502119867.6236,176356821.8589,1.45,100171407.0915,75499058.9477,0.0001
2026-07-05T04:00:00+00:00,1783224000000,2503305752.2014,74184706.6909,1.46,29887252.2601,44297316.4277,0.0001
2026-07-05T05:00:00+00:00,1783227600000,2511259208.2014,138639599.6127,1.49,57781045.4424,80858554.1704,0.0001
2026-07-05T06:00:00+00:00,1783231200000,2505198018.7936,92782732.4171,1.48,54261997.5625,38520722.3062,0.0001
2026-07-05T07:00:00+00:00,1783234800000,2511476044.3202,49253127.1596,1.49,19625797.2818,29627329.8778,0.0001
2026-07-05T08:00:00+00:00,1783238400000,2515737391.366,143243003.5839,1.49,58253307.4214,84989476.4549,7.36099190415e-05
2026-07-05T09:00:00+00:00,1783242000000,2517987600.1397,118627510.7081,1.47,68894986.3108,49732524.3973,7.36099190415e-05
2026-07-05T10:00:00+00:00,1783245600000,2509463566.4916,310330045.3015,1.47,173962788.2225,135333878.8143,7.36099190415e-05
2026-07-05T11:00:00+00:00,1783249200000,2515551070.2394,99071415.5431,1.47,47478711.8022,51592484.8281,7.36099190415e-05
2026-07-05T12:00:00+00:00,1783252800000,2522467897.4397,69536077.2724,1.45,40532037.1236,29004040.1488,7.36099190415e-05
2026-07-05T13:00:00+00:00,1783256400000,2523046058.0372,88907351.2712,1.46,46797029.6129,42110321.6583,7.36099190415e-05
2026-07-05T14:00:00+00:00,1783260000000,2529648142.5865,99843344.208,1.46,50677780.9686,49165563.2394,7.36099190415e-05
2026-07-05T15:00:00+00:00,1783263600000,2527006982.689,75063324.8602,1.46,35767543.5886,39295781.2716,7.36099190415e-05
2026-07-05T16:00:00+00:00,1783267200000,2514101718.053,186454720.8145,1.46,102509044.2256,83945645.2203,2.11483321941e-05
2026-07-05T17:00:00+00:00,1783270800000,2532880560.2238,115846552.8185,1.45,52706992.3055,63139203.2889,2.11483321941e-05
2026-07-05T18:00:00+00:00,1783274400000,2531134328.7308,77442005.596,1.46,42696166.2198,34745839.3762,2.11483321941e-05
2026-07-05T19:00:00+00:00,1783278000000,2524975250.7858,54359840.3521,1.47,23221046.1312,31138794.2209,2.11483321941e-05
2026-07-05T20:00:00+00:00,1783281600000,2521739494.5167,39085501.551,1.47,19149764.6882,19935736.8628,2.11483321941e-05
2026-07-05T21:00:00+00:00,1783285200000,2521544854.1216,28597822.1706,1.46,13265828.0741,15331994.0965,2.11483321941e-05
2026-07-05T22:00:00+00:00,1783288800000,2506763682.0274,220730859.9449,1.48,90955589.5924,129774949.3335,2.11483321941e-05
2026-07-05T23:00:00+00:00,1783292400000,2494251428.5229,641460618.1849,1.46,280591050.9339,360869567.251,2.11483321941e-05
2026-07-06T00:00:00+00:00,1783296000000,2500058789.1625,295790990.858,1.41,143763706.46,152015886.0398,6.17667680351e-05
2026-07-06T01:00:00+00:00,1783299600000,2492778409.876,254167381.9024,1.41,122349360.5351,131498797.6972,6.17667680351e-05
2026-07-06T02:00:00+00:00,1783303200000,2504212058.8267,187495175.479,1.43,97624701.9656,89869284.0137,6.17667680351e-05
2026-07-06T03:00:00+00:00,1783306800000,2505756430.3311,189278699.5019,1.46,86877944.7808,102333121.9581,6.17667680351e-05
2026-07-06T04:00:00+00:00,1783310400000,2507079850.2957,255410863.5631,1.5,114039502.334,140636992.1037,6.17667680351e-05
2026-07-06T05:00:00+00:00,1783314000000,2503598351.1975,114584926.0695,1.52,60475244.5535,54109681.516,6.17667680351e-05
2026-07-06T06:00:00+00:00,1783317600000,2507581695.3414,244192017.6529,1.54,136606359.8173,107112523.1149,6.17667680351e-05
2026-07-06T07:00:00+00:00,1783321200000,2520145590.3877,120915043.9434,1.54,55369712.7601,65544398.0374,6.17667680351e-05
2026-07-06T08:00:00+00:00,1783324800000,2520640866.063,166214510.7485,1.57,73108622.5984,93047621.2555,9.8247928749e-05
2026-07-06T09:00:00+00:00,1783328400000,2517117182.2429,216407820.5231,1.58,116756509.5123,98655115.14,9.8247928749e-05
2026-07-06T10:00:00+00:00,1783332000000,2501515252.9334,243775433.8366,1.59,138571675.6048,103278873.7253,9.8247928749e-05
2026-07-06T11:00:00+00:00,1783335600000,2531317970.4158,308310243.0077,1.56,155692415.6459,152617827.3618,9.8247928749e-05
2026-07-06T12:00:00+00:00,1783339200000,2546898960.6595,282167483.6439,1.57,158501778.7784,121486415.1643,9.8247928749e-05
2026-07-06T13:00:00+00:00,1783342800000,2563411161.2256,1328037806.6336,1.55,675010207.4594,623195384.7152,9.8247928749e-05
2026-07-06T14:00:00+00:00,1783346400000,2550526542.093,844250877.2659,1.62,421778210.935,415546585.7084,9.8247928749e-05
2026-07-06T15:00:00+00:00,1783350000000,2563172464.7141,598809321.6407,1.63,282110440.868,316546879.2246,9.8247928749e-05
2026-07-06T16:00:00+00:00,1783353600000,2498704233.6523,1120205955.7722,1.52,511744247.6601,608461708.1122,4.35732937955e-05
2026-07-06T17:00:00+00:00,1783357200000,2520644886.8217,726825642.9574,1.42,359926139.077,366854326.1557,4.35732937955e-05
2026-07-06T18:00:00+00:00,1783360800000,2559172885.7987,327441936.6929,1.31,164492138.7423,162948923.0672,4.35732937955e-05
2026-07-06T19:00:00+00:00,1783364400000,2560028776.3812,140978145.4333,1.32,57553992.3939,83416754.7171,4.35732937955e-05
2026-07-06T20:00:00+00:00,1783368000000,2559226281.1478,104320006.7754,1.31,50027595.43,54292411.3454,4.35732937955e-05
2026-07-06T21:00:00+00:00,1783371600000,2538942261.8656,101410395.2714,1.27,49788473.1899,51621922.0816,4.35732937955e-05
2026-07-06T22:00:00+00:00,1783375200000,2478424801.8306,639104977.6516,1.34,251797456.433,387288694.2311,4.35732937955e-05
2026-07-06T23:00:00+00:00,1783378800000,2473857372.9319,121121961.2302,1.31,63613050.8266,57508910.4037,4.35732937955e-05
2026-07-07T00:00:00+00:00,1783382400000,2474963497.7556,121940560.5094,1.28,75792283.507,45959727.6909,0.0001
2026-07-07T01:00:00+00:00,1783386000000,2499250861.7007,217113779.2176,1.34,89471066.2803,127571160.3445,0.0001
2026-07-07T02:00:00+00:00,1783389600000,2498725169.137,236986841.528,1.31,141480421.1605,95149834.7385,0.0001
2026-07-07T03:00:00+00:00,1783393200000,2494046253.4857,364460864.7746,1.34,204629784.9617,158641583.633,0.0001
2026-07-07T04:00:00+00:00,1783396800000,2502380395.9605,231653984.9424,1.37,111546507.4,119805029.8334,0.0001
2026-07-07T05:00:00+00:00,1783400400000,2506825494.9609,192373705.3137,1.42,94978743.2269,97297939.7336,0.0001
2026-07-07T06:00:00+00:00,1783404000000,2508653439.6978,376891022.3837,1.44,182744052.0758,193157170.1659,0.0001
2026-07-07T07:00:00+00:00,1783407600000,2524385463.8081,207724161.4054,1.5,95003258.1383,112720896.9438,0.0001
2026-07-07T08:00:00+00:00,1783411200000,2534481104.7382,199022995.5137,1.5,118119754.2575,80893858.0398,6.78140695912e-05
2026-07-07T09:00:00+00:00,1783414800000,2547537940.7561,140866458.173,1.5,75276352.978,65340657.5547,6.78140695912e-05
2026-07-07T10:00:00+00:00,1783418400000,2564948518.8689,149540440.5713,1.54,58879855.4739,90660585.0974,6.78140695912e-05
2026-07-07T11:00:00+00:00,1783422000000,2556380137.1641,170039911.0825,1.54,78759938.1805,91278764.5148,6.78140695912e-05
2026-07-07T12:00:00+00:00,1783425600000,2561113821.1316,208169257.8438,1.54,118154198.5475,90008654.9047,6.78140695912e-05
2026-07-07T13:00:00+00:00,1783429200000,2557225480.1542,403467809.6957,1.5,189798547.0135,213649413.6728,6.78140695912e-05
2026-07-07T14:00:00+00:00,1783432800000,2564054051.363,526716436.8423,1.49,280085827.9289,245811616.9624,6.78140695912e-05
2026-07-07T15:00:00+00:00,1783436400000,2563816730.4394,752068998.4397,1.49,358271254.1387,390827191.8015,6.78140695912e-05
2026-07-07T16:00:00+00:00,1783440000000,2553627948.672,572318748.9685,1.5,275082707.1801,297221606.5442,5.89596545996e-05
2026-07-07T17:00:00+00:00,1783443600000,2542454023.7019,293802390.7945,1.44,139957324.6938,153844133.0191,5.89596545996e-05
2026-07-07T18:00:00+00:00,1783447200000,2559421501.551,170685165.341,1.44,83983923.2003,86674469.1062,5.89596545996e-05
2026-07-07T19:00:00+00:00,1783450800000,2533730517.9344,208507830.2917,1.4,125051802.6675,82491586.3665,5.89596545996e-05
2026-07-07T20:00:00+00:00,1783454400000,2507756758.0595,273470504.1148,1.42,133711407.632,139223110.5168,5.89596545996e-05
2026-07-07T21:00:00+00:00,1783458000000,2500295618.3346,109736902.6708,1.4,48315075.9876,61421826.6832,5.89596545996e-05
2026-07-07T22:00:00+00:00,1783461600000,2489721009.7862,153810948.3558,1.41,82452037.4654,71195458.9895,5.89596545996e-05
2026-07-07T23:00:00+00:00,1783465200000,2493429987.637,139278764.583,1.42,69883111.1947,68657429.028,5.89596545996e-05
2026-07-08T00:00:00+00:00,1783468800000,2493325571.748,89111118.7468,1.41,45435587.3318,43655793.4825,5.68819916406e-05
2026-07-08T01:00:00+00:00,1783472400000,2499684696.5257,150884535.1755,1.42,76555248.97,74327773.2841,5.68819916406e-05
2026-07-08T02:00:00+00:00,1783476000000,2516072769.2446,320739961.8914,1.46,184180289.3496,134726130.1618,5.68819916406e-05
2026-07-08T03:00:00+00:00,1783479600000,2523790287.6069,440887805.1863,1.53,234919395.7334,203978677.4861,5.68819916406e-05
2026-07-08T04:00:00+00:00,1783483200000,2531831878.1911,139126028.8155,1.53,75163931.6177,63918335.4954,5.68819916406e-05
2026-07-08T05:00:00+00:00,1783486800000,2534219488.1703,137625503.889,1.55,67136692.8046,70480199.9664,5.68819916406e-05
2026-07-08T06:00:00+00:00,1783490400000,2541179319.2561,133362335.1388,1.55,66207802.3844,66977752.3354,5.68819916406e-05
2026-07-08T07:00:00+00:00,1783494000000,2545387608.6709,225873368.4209,1.58,112435670.3741,112682447.1114,5.68819916406e-05
2026-07-08T08:00:00+00:00,1783497600000,2556596926.6032,203040281.9475,1.62,84488522.4809,118503339.9194,4.44623992899e-05
2026-07-08T09:00:00+00:00,1783501200000,2565362107.3097,937843845.2335,1.64,525111761.9874,401896218.0667,4.44623992899e-05
2026-07-08T10:00:00+00:00,1783504800000,2565285115.4859,499529853.2947,1.62,261568358.8189,237287687.5811,4.44623992899e-05
2026-07-08T11:00:00+00:00,1783508400000,2571025226.3856,176762296.7639,1.64,74740021.4166,102022275.3474,4.44623992899e-05
2026-07-08T12:00:00+00:00,1783512000000,2572941086.4502,232074351.1377,1.64,97105295.5063,134965569.987,4.44623992899e-05
2026-07-08T13:00:00+00:00,1783515600000,2552862293.8455,236547317.8174,1.66,135456181.9717,100983754.6898,4.44623992899e-05
2026-07-08T14:00:00+00:00,1783519200000,2570336049.1069,454418236.6878,1.62,230785452.6128,222098023.2955,4.44623992899e-05
2026-07-08T15:00:00+00:00,1783522800000,2567846320.2259,398554290.0304,1.64,190858566.8629,207059628.1375,4.44623992899e-05
2026-07-08T16:00:00+00:00,1783526400000,2593736085.7468,312087457.8529,1.67,161904314.9843,148503238.6334,8.51580031502e-05
2026-07-08T17:00:00+00:00,1783530000000,2601147040.781,273969915.4784,1.69,98475335.691,175494579.7874,8.51580031502e-05
2026-07-08T18:00:00+00:00,1783533600000,2508058772.644,248894701.8255,1.65,130260564.5322,118634137.2934,8.51580031502e-05
2026-07-08T19:00:00+00:00,1783537200000,2512878790.6566,161777631.2128,1.63,82397894.7745,79339973.304,8.51580031502e-05
2026-07-08T20:00:00+00:00,1783540800000,2512101214.7177,90976230.9175,1.63,46740044.0828,44236186.8347,8.51580031502e-05
2026-07-08T21:00:00+00:00,1783544400000,2512101478.2137,78356981.7513,1.63,44564459.116,33792324.044,8.51580031502e-05
2026-07-08T22:00:00+00:00,1783548000000,2502535902.503,128566408.4571,1.61,70132057.3118,58432955.9229,8.51580031502e-05
2026-07-08T23:00:00+00:00,1783551600000,2501109235.6534,64369459.8365,1.61,30806849.9503,33562609.8862,8.51580031502e-05
2026-07-09T00:00:00+00:00,1783555200000,2504958476.4908,67053875.1988,1.6,32427831.159,34626044.0398,7.23410745506e-05
2026-07-09T01:00:00+00:00,1783558800000,2507796101.5838,95717183.1831,1.57,52102590.3678,43612770.994,7.23410745506e-05
2026-07-09T02:00:00+00:00,1783562400000,2497088433.2666,385335511.7779,1.59,196812895.8274,186791492.2503,7.23410745506e-05
2026-07-09T03:00:00+00:00,1783566000000,2507963410.5128,230941060.9179,1.58,122531620.6642,107412370.1743,7.23410745506e-05
2026-07-09T04:00:00+00:00,1783569600000,2503295942.8756,149516877.1475,1.6,71927172.4926,76972604.6549,7.23410745506e-05
2026-07-09T05:00:00+00:00,1783573200000,2497111203.5583,197339748.4758,1.58,89996195.7921,107343552.6838,7.23410745506e-05
2026-07-09T06:00:00+00:00,1783576800000,2504801135.9622,266103843.9609,1.52,130264319.779,135839524.1819,7.23410745506e-05
2026-07-09T07:00:00+00:00,1783580400000,2486005705.2888,461053249.2292,1.47,197420324.7108,263632924.5184,7.23410745506e-05
2026-07-09T08:00:00+00:00,1783584000000,2474475132.9139,525418480.9126,1.47,247662955.6652,277753936.5389,1.3105775059e-06
2026-07-09T09:00:00+00:00,1783587600000,2470918263.8145,172774251.5547,1.42,91131190.7696,81643060.7851,1.3105775059e-06
2026-07-09T10:00:00+00:00,1783591200000,2467901197.0953,147668736.8702,1.4,73383895.7069,74265714.88,1.3105775059e-06
2026-07-09T11:00:00+00:00,1783594800000,2457778529.9202,175018629.502,1.38,93181149.059,81492632.1551,1.3105775059e-06
2026-07-09T12:00:00+00:00,1783598400000,2452813472.5125,191449954.567,1.39,102736100.0221,88683461.266,1.3105775059e-06
2026-07-09T13:00:00+00:00,1783602000000,2441417141.3934,894875999.5601,1.44,454208887.3171,440232800.3288,1.3105775059e-06
2026-07-09T14:00:00+00:00,1783605600000,2463757660.9021,376197044.6262,1.46,159181326.858,216950981.8865,1.3105775059e-06
2026-07-09T15:00:00+00:00,1783609200000,2458103241.8808,306502474.9439,1.46,159463913.3381,146962856.0066,1.3105775059e-06
2026-07-09T16:00:00+00:00,1783612800000,2459353110.63,338907555.1361,1.43,167728506.1659,171176078.3974,3.51830663184e-05
2026-07-09T17:00:00+00:00,1783616400000,2450359827.7608,221790027.4,1.47,114053487.2116,106568425.7594,3.51830663184e-05
2026-07-09T18:00:00+00:00,1783620000000,2490146383.3389,213182074.9598,1.48,97038016.4471,116143261.1064,3.51830663184e-05
2026-07-09T19:00:00+00:00,1783623600000,2470167608.0904,416895887.9363,1.45,182157593.7453,234736300.1056,3.51830663184e-05
2026-07-09T20:00:00+00:00,1783627200000,2475530229.2065,120055236.2618,1.44,48620577.6386,71434658.6232,3.51830663184e-05
2026-07-09T21:00:00+00:00,1783630800000,2465305363.6633,63171577.3146,1.43,27606495.6524,35563817.6502,3.51830663184e-05
2026-07-09T22:00:00+00:00,1783634400000,2465279448.8544,65474164.9316,1.42,29606141.388,35810037.701,3.51830663184e-05
2026-07-09T23:00:00+00:00,1783638000000,2487346666.4192,126044510.6881,1.41,73521763.8114,52522746.8768,3.51830663184e-05
2026-07-10T00:00:00+00:00,1783641600000,2486466926.4658,133255033.436,1.39,58383398.949,74861680.1454,7.32355162048e-05
2026-07-10T01:00:00+00:00,1783645200000,2480246369.6459,195086132.3884,1.38,113935919.4675,81038387.1345,7.32355162048e-05
2026-07-10T02:00:00+00:00,1783648800000,2485910141.846,558849083.7929,1.37,222868356.7639,335980727.029,7.32355162048e-05
2026-07-10T03:00:00+00:00,1783652400000,2499309007.7158,370549935.9267,1.35,162409380.9644,208140554.9624,7.32355162048e-05
2026-07-10T04:00:00+00:00,1783656000000,2514127159.8693,162125838.1341,1.31,89279831.6478,72846006.4863,7.32355162048e-05
2026-07-10T05:00:00+00:00,1783659600000,2511806350.8857,251925348.8494,1.28,115197911.8907,136727436.9587,7.32355162048e-05
2026-07-10T06:00:00+00:00,1783663200000,2512497493.7174,154551018.6018,1.27,72187485.8742,82363225.7277,7.32355162048e-05
2026-07-10T07:00:00+00:00,1783666800000,2510337251.4672,152895886.7737,1.24,85442520.9988,67453365.7749,7.32355162048e-05
2026-07-10T08:00:00+00:00,1783670400000,2526069583.025,156523418.4267,1.24,67043657.4215,89473191.9161,8.40924532537e-05
2026-07-10T09:00:00+00:00,1783674000000,2544511929.1923,402351698.7114,1.23,190612231.1822,211739467.5292,8.40924532537e-05
2026-07-10T10:00:00+00:00,1783677600000,2562545900.9537,276767603.3587,1.18,127266803.2206,149500800.1382,8.40924532537e-05
2026-07-10T11:00:00+00:00,1783681200000,2570122941.1236,172123125.5213,1.19,74338727.8724,97784397.6489,8.40924532537e-05
2026-07-10T12:00:00+00:00,1783684800000,2568776889.0791,113477699.0657,1.18,58531044.5026,54946654.5631,8.40924532537e-05
2026-07-10T13:00:00+00:00,1783688400000,2555672834.6545,298459447.1124,1.17,150153345.7501,148306101.3623,8.40924532537e-05
2026-07-10T14:00:00+00:00,1783692000000,2543778855.4541,391309151.9951,1.17,162525435.0262,228774977.2559,8.40924532537e-05
2026-07-10T15:00:00+00:00,1783695600000,2528220689.4849,574986736.4058,1.16,297975719.4262,273927935.9753,8.40924532537e-05
2026-07-10T16:00:00+00:00,1783699200000,2532099914.2614,203849888.4458,1.18,91012287.9582,112837600.4876,7.54950605994e-05
2026-07-10T17:00:00+00:00,1783702800000,2525159098.4092,203429104.2309,1.18,97631973.962,105794421.9735,7.54950605994e-05
2026-07-10T18:00:00+00:00,1783706400000,2566923114.0263,111717220.4871,1.19,50748543.5332,60958952.7588,7.54950605994e-05
2026-07-10T19:00:00+00:00,1783710000000,2559227835.8808,111853555.9196,1.19,59254831.038,52524036.7254,7.54950605994e-05
2026-07-10T20:00:00+00:00,1783713600000,2557202521.4705,146965307.2173,1.2,72446576.0156,74518731.2016,7.54950605994e-05
2026-07-10T21:00:00+00:00,1783717200000,2545632141.4366,162234160.7749,1.2,85926074.6438,76107713.9275,7.54950605994e-05
2026-07-10T22:00:00+00:00,1783720800000,2541717207.5633,69887363.4711,1.21,30452905.8614,39434438.4147,7.54950605994e-05
2026-07-10T23:00:00+00:00,1783724400000,2542982690.6917,76155672.1888,1.21,34942787.6768,41212660.3654,7.54950605994e-05
2026-07-11T00:00:00+00:00,1783728000000,2545506861.3288,71810221.7199,1.22,32320470.6632,39489751.0567,8.22511513621e-05
2026-07-11T01:00:00+00:00,1783731600000,2543910065.7641,70041338.4449,1.22,44946523.4295,25094815.0155,8.22511513621e-05
2026-07-11T02:00:00+00:00,1783735200000,2537837730.9534,117090603.2914,1.23,52351617.5643,64738985.7271,8.22511513621e-05
2026-07-11T03:00:00+00:00,1783738800000,2543231580.1664,74030629.7593,1.22,35020498.5569,39010131.2024,8.22511513621e-05
2026-07-11T04:00:00+00:00,1783742400000,2547599517.4944,70368148.626,1.22,36147785.244,34220363.382,8.22511513621e-05
2026-07-11T05:00:00+00:00,1783746000000,2550259753.7047,43034194.5255,1.22,21689166.1024,21340486.9207,8.22511513621e-05
2026-07-11T06:00:00+00:00,1783749600000,2549876793.5347,44620857.7851,1.23,22122949.5514,22497908.2337,8.22511513621e-05
2026-07-11T07:00:00+00:00,1783753200000,2558555656.2386,71967478.2604,1.23,35347305.2957,36618890.6326,8.22511513621e-05
2026-07-11T08:00:00+00:00,1783756800000,2566697773.8516,61907802.3116,1.23,30400569.5953,31507232.7162,-2.15211796162e-05
2026-07-11T09:00:00+00:00,1783760400000,2571722932.3821,59395723.6621,1.22,19865441.3411,39530282.3209,-2.15211796162e-05
2026-07-11T10:00:00+00:00,1783764000000,2570386961.4686,63708025.9307,1.23,32663543.9092,31044482.0214,-2.15211796162e-05
2026-07-11T11:00:00+00:00,1783767600000,2572225772.5688,51728470.2079,1.22,26198656.2289,25529807.5633,-2.15211796162e-05
2026-07-11T12:00:00+00:00,1783771200000,2576257093.344,48681962.572,1.23,20875115.9969,27806846.5751,-2.15211796162e-05
2026-07-11T13:00:00+00:00,1783774800000,2574494636.4162,51681954.608,1.23,26918980.2655,24762974.3425,-2.15211796162e-05
2026-07-11T14:00:00+00:00,1783778400000,2572644155.9956,48624040.4174,1.23,24102859.788,24521180.6294,-2.15211796162e-05
2026-07-11T15:00:00+00:00,1783782000000,2579190101.4968,170359215.4611,1.23,76226348.6798,94118785.2533,-2.15211796162e-05
2026-07-11T16:00:00+00:00,1783785600000,2586471039.1021,350963976.5371,1.2,188332422.7989,161557034.7667,3.4033691268e-05
2026-07-11T17:00:00+00:00,1783789200000,2588949568.0966,129885699.2412,1.22,63929227.5534,65956401.1905,3.4033691268e-05
2026-07-11T18:00:00+00:00,1783792800000,2596336893.3635,77791179.2306,1.19,36856934.901,40934167.1036,3.4033691268e-05
2026-07-11T19:00:00+00:00,1783796400000,2593343471.5629,39698361.5903,1.19,22695868.6979,17002492.8924,3.4033691268e-05
2026-07-11T20:00:00+00:00,1783800000000,2592593847.8367,32033438.4808,1.19,18275565.3983,13757873.0825,3.4033691268e-05
2026-07-11T21:00:00+00:00,1783803600000,2592461363.6991,39938320.4119,1.19,16575562.1519,23362758.26,3.4033691268e-05
2026-07-11T22:00:00+00:00,1783807200000,2592793480.2478,25709190.1313,1.19,12366434.8504,13342755.2809,3.4033691268e-05
2026-07-11T23:00:00+00:00,1783810800000,2583746270.1968,76196682.4988,1.22,47152069.2469,29044362.8454,3.4033691268e-05
2026-07-12T00:00:00+00:00,1783814400000,2568490229.2796,279857117.4048,1.22,147511214.2636,130728471.3152,6.65193799449e-05
2026-07-12T01:00:00+00:00,1783818000000,2585151955.1256,194024738.7313,1.23,99245893.9116,93505914.2562,6.65193799449e-05
2026-07-12T02:00:00+00:00,1783821600000,2591420597.567,163837467.7678,1.27,70347240.2034,93490227.5644,6.65193799449e-05
2026-07-12T03:00:00+00:00,1783825200000,2593582944.7159,71448181.6825,1.26,47597129.4722,23851052.2103,6.65193799449e-05
2026-07-12T04:00:00+00:00,1783828800000,2594712995.95,75236178.6131,1.25,29231777.4725,46004401.1406,6.65193799449e-05
2026-07-12T05:00:00+00:00,1783832400000,2598183099.6923,108544118.2675,1.25,66670639.6013,41873478.6662,6.65193799449e-05
2026-07-12T06:00:00+00:00,1783836000000,2603586069.4054,60258391.68,1.25,33202546.1525,27055845.5275,6.65193799449e-05
2026-07-12T07:00:00+00:00,1783839600000,2602837118.6231,242407766.1146,1.28,123664238.4805,118149573.4644,6.65193799449e-05
2026-07-12T08:00:00+00:00,1783843200000,2598057768.9299,72065260.4511,1.29,31144060.2791,40921200.172,6.27690257703e-05
2026-07-12T09:00:00+00:00,1783846800000,2588497697.4833,138002019.8497,1.26,63163140.1192,74838879.7305,6.27690257703e-05
2026-07-12T10:00:00+00:00,1783850400000,2591422962.6979,122738124.2096,1.26,58441016.5428,64297107.6668,6.27690257703e-05
2026-07-12T11:00:00+00:00,1783854000000,2595381300.6415,62174763.8533,1.25,31876718.8799,30298044.9734,6.27690257703e-05
2026-07-12T12:00:00+00:00,1783857600000,2585952153.5011,93715013.3554,1.26,48273697.2565,45441316.0989,6.27690257703e-05
2026-07-12T13:00:00+00:00,1783861200000,2580266028.0086,89378788.4045,1.26,42096291.8878,47282496.5167,6.27690257703e-05
2026-07-12T14:00:00+00:00,1783864800000,2580108522.4897,44103057.5154,1.26,26082232.2064,18020825.309,6.27690257703e-05
2026-07-12T15:00:00+00:00,1783868400000,2577699877.1373,135701425.4712,1.24,57648941.0869,78051695.6448,6.27690257703e-05
2026-07-12T16:00:00+00:00,1783872000000,2581194025.693,108346129.9956,1.24,55177286.6951,53168843.3005,5.64601192152e-05
2026-07-12T17:00:00+00:00,1783875600000,2580791747.715,119278156.6498,1.24,68556684.5254,50721472.1244,5.64601192152e-05
2026-07-12T18:00:00+00:00,1783879200000,2578832013.5718,49897842.9251,1.24,25420383.0705,24477459.8547,5.64601192152e-05
2026-07-12T19:00:00+00:00,1783882800000,2579981921.891,45196920.603,1.24,22233398.2896,22963522.3134,5.64601192152e-05
2026-07-12T20:00:00+00:00,1783886400000,2577618092.6114,45966856.5295,1.2,15582727.1332,30384129.3963,5.64601192152e-05
2026-07-12T21:00:00+00:00,1783890000000,2572471910.8736,28969191.2431,1.2,17571028.9981,11398162.2451,5.64601192152e-05
2026-07-12T22:00:00+00:00,1783893600000,2564090006.215,92024094.7554,1.23,48436729.889,43584053.6139,5.64601192152e-05
2026-07-12T23:00:00+00:00,1783897200000,2556900701.2732,218972723.701,1.26,106715409.8919,111103459.8251,5.64601192152e-05
2026-07-13T00:00:00+00:00,1783900800000,2565392507.3419,125786720.831,1.28,60735947.7536,65050773.0775,6.70987512867e-05
2026-07-13T01:00:00+00:00,1783904400000,2546001067.0854,670277915.9162,1.29,322120304.1803,345896196.0665,6.70987512867e-05
2026-07-13T02:00:00+00:00,1783908000000,2560353800.4182,479746086.1129,1.34,244985032.4401,232169122.949,6.70987512867e-05
2026-07-13T03:00:00+00:00,1783911600000,2601191742.5576,446190133.9362,1.35,222588597.8886,222176573.5134,6.70987512867e-05
2026-07-13T04:00:00+00:00,1783915200000,2593510710.7191,806390215.4992,1.46,439509062.6076,359492956.644,6.70987512867e-05
2026-07-13T05:00:00+00:00,1783918800000,2593384686.1206,370921733.7584,1.52,209755089.5494,160180576.4039,6.70987512867e-05
2026-07-13T06:00:00+00:00,1783922400000,2604774924.629,414454619.9577,1.58,206148847.5536,203650729.9125,6.70987512867e-05
2026-07-13T07:00:00+00:00,1783926000000,2613771058.0694,120889527.2048,1.59,56096554.9742,64780406.0106,6.70987512867e-05
2026-07-13T08:00:00+00:00,1783929600000,2620741024.5969,254636818.9712,1.62,118429036.961,136207782.0102,7.0183139456e-06
2026-07-13T09:00:00+00:00,1783933200000,2605533712.9118,252650680.2772,1.57,118584700.9909,134065979.2864,7.0183139456e-06
2026-07-13T10:00:00+00:00,1783936800000,2604003304.0132,109397541.1324,1.52,63181883.7293,46215512.3723,7.0183139456e-06
2026-07-13T11:00:00+00:00,1783940400000,2586342544.3722,195640085.8922,1.49,114429051.9583,81185256.7886,7.0183139456e-06
2026-07-13T12:00:00+00:00,1783944000000,2605255355.6854,157428349.1824,1.49,66495022.4887,90933326.6937,7.0183139456e-06
2026-07-13T13:00:00+00:00,1783947600000,2633018521.8374,287572151.8386,1.52,148460254.7142,138022985.7328,7.0183139456e-06
2026-07-13T14:00:00+00:00,1783951200000,2651925394.0558,600723917.1727,1.58,295433042.0598,300536896.9488,7.0183139456e-06
2026-07-13T15:00:00+00:00,1783954800000,2662083278.1337,574418713.0255,1.63,278594069.3911,294810375.7365,7.0183139456e-06
2026-07-13T16:00:00+00:00,1783958400000,2654169099.5592,273804217.7975,1.64,134672845.1616,139116295.4839,8.85517560254e-05
2026-07-13T17:00:00+00:00,1783962000000,2659566005.1643,331635943.0654,1.68,179750145.135,150954137.8826,8.85517560254e-05
2026-07-13T18:00:00+00:00,1783965600000,2590775001.2673,446746118.9548,1.71,252278407.4133,189626569.4451,8.85517560254e-05
2026-07-13T19:00:00+00:00,1783969200000,2617764487.0253,247949692.669,1.71,107267088.2247,139299733.7382,8.85517560254e-05
2026-07-13T20:00:00+00:00,1783972800000,2623218669.4942,137000609.5141,1.73,61958927.0559,75041676.2595,8.85517560254e-05
2026-07-13T21:00:00+00:00,1783976400000,2613660112.0792,122151279.8789,1.72,68971160.6225,52949591.4446,8.85517560254e-05
2026-07-13T22:00:00+00:00,1783980000000,2606309039.2497,112855617.2043,1.73,66440933.5261,46351399.9922,8.85517560254e-05
2026-07-13T23:00:00+00:00,1783983600000,2602104961.8155,106180159.9049,1.74,52176427.2873,54003732.6176,8.85517560254e-05
2026-07-14T00:00:00+00:00,1783987200000,2604916624.6305,133684525.7405,1.76,48293500.8111,85107998.0037,6.66043492605e-05
2026-07-14T01:00:00+00:00,1783990800000,2592874038.875,272623903.3812,1.77,115188837.5825,157435065.7987,6.66043492605e-05
2026-07-14T02:00:00+00:00,1783994400000,2591029422.3178,153231631.604,1.75,74934083.0051,78297548.5989,6.66043492605e-05
2026-07-14T03:00:00+00:00,1783998000000,2602264601.7335,151746585.7163,1.72,75575430.9253,76170492.2644,6.66043492605e-05
2026-07-14T04:00:00+00:00,1784001600000,2598666507.2241,115743641.7624,1.72,54935237.0332,60805199.1971,6.66043492605e-05
2026-07-14T05:00:00+00:00,1784005200000,2592413770.7213,156376267.9924,1.71,75562538.6693,80792755.2592,6.66043492605e-05
2026-07-14T06:00:00+00:00,1784008800000,2595890923.9097,204155319.6295,1.68,105979495.1628,98175742.9184,6.66043492605e-05
2026-07-14T07:00:00+00:00,1784012400000,2584432296.3938,160877832.3601,1.66,89496167.1328,71381665.2273,6.66043492605e-05
2026-07-14T08:00:00+00:00,1784016000000,2561102049.2036,166391331.1676,1.65,78908868.1956,87400115.9974,1.56977471317e-05
2026-07-14T09:00:00+00:00,1784019600000,2579224399.7701,127172466.9427,1.66,53644257.6577,73479376.2716,1.56977471317e-05
2026-07-14T10:00:00+00:00,1784023200000,2571860648.7762,83202030.1546,1.65,44706645.3218,38495384.8328,1.56977471317e-05
2026-07-14T11:00:00+00:00,1784026800000,2563741044.9062,146338250.5784,1.66,69304122.8665,77034127.7119,1.56977471317e-05
2026-07-14T12:00:00+00:00,1784030400000,2562329536.7284,136307139.1197,1.65,62550208.568,73756930.5517,1.56977471317e-05
2026-07-14T13:00:00+00:00,1784034000000,2564042830.9173,1531844968.6743,1.6,700734032.0086,831088388.6305,1.56977471317e-05
2026-07-14T14:00:00+00:00,1784037600000,2583032900.9382,720438896.6216,1.51,365436986.9324,354851332.0388,1.56977471317e-05
2026-07-14T15:00:00+00:00,1784041200000,2554808885.3923,644571876.694,1.46,282621606.8924,361184146.6093,1.56977471317e-05
2026-07-14T16:00:00+00:00,1784044800000,2519647782.8729,1312178792.826,1.37,594470993.1779,717703342.3793,7.99498182818e-05
2026-07-14T17:00:00+00:00,1784048400000,2532348504.7631,358182006.9678,1.31,194379377.8405,163802629.1272,7.99498182818e-05
2026-07-14T18:00:00+00:00,1784052000000,2599631432.1365,434062319.742,1.29,208128199.317,225076028.6296,7.99498182818e-05
2026-07-14T19:00:00+00:00,1784055600000,2592993329.0569,128427548.7489,1.28,65450668.166,62976880.5829,7.99498182818e-05
2026-07-14T20:00:00+00:00,1784059200000,2585792813.4832,106453053.8527,1.28,47982692.5893,58470361.2634,7.99498182818e-05
2026-07-14T21:00:00+00:00,1784062800000,2593268914.0652,76607260.7856,1.27,36067418.0999,40539842.6856,7.99498182818e-05
2026-07-14T22:00:00+00:00,1784066400000,2569166087.0881,160257666.2345,1.28,80957199.9604,79300466.2741,7.99498182818e-05
2026-07-14T23:00:00+00:00,1784070000000,2560336871.6994,360441598.1515,1.26,135438338.512,225003007.9606,7.99498182818e-05
2026-07-15T00:00:00+00:00,1784073600000,2565505105.4689,138907029.4697,1.26,65016949.6805,73889365.1016,0.0001
2026-07-15T01:00:00+00:00,1784077200000,2560044431.8857,148804128.9337,1.27,88623491.0818,60180637.8519,0.0001
2026-07-15T02:00:00+00:00,1784080800000,2561611514.1232,143651998.5464,1.24,78024251.1422,65584873.1178,0.0001
2026-07-15T03:00:00+00:00,1784084400000,2566261746.9311,158814626.916,1.25,77662778.4382,80576256.2887,0.0001
2026-07-15T04:00:00+00:00,1784088000000,2574176622.1097,173684009.4284,1.25,65557324.4424,108126555.8086,0.0001
2026-07-15T05:00:00+00:00,1784091600000,2591087199.4562,107278758.2057,1.24,48989306.1186,58289452.0871,0.0001
2026-07-15T06:00:00+00:00,1784095200000,2591331883.2321,117402189.0588,1.24,58057560.8545,59344628.2042,0.0001
2026-07-15T07:00:00+00:00,1784098800000,2582582401.1816,503706073.0956,1.24,246799399.5474,256881710.1101,0.0001
2026-07-15T08:00:00+00:00,1784102400000,2539879551.8597,392029041.6747,1.26,186832836.1947,204817118.227,0.0001
2026-07-15T09:00:00+00:00,1784106000000,2538451769.9282,167887349.7175,1.28,73834515.5699,94005779.4454,0.0001
2026-07-15T10:00:00+00:00,1784109600000,2547879986.2953,161013122.5965,1.26,95078152.1183,65934970.4781,0.0001
2026-07-15T11:00:00+00:00,1784113200000,2539931543.966,102887993.8232,1.26,50214969.621,52673024.2022,0.0001
2026-07-15T12:00:00+00:00,1784116800000,2533609352.0263,66739945.8387,1.28,29271955.7945,37467990.0442,0.0001
2026-07-15T13:00:00+00:00,1784120400000,2542297606.4337,518861613.2748,1.31,220052802.1159,298650489.9391,0.0001
2026-07-15T14:00:00+00:00,1784124000000,2594298962.2491,993071149.6885,1.28,457297770.4211,534992396.9075,0.0001
2026-07-15T15:00:00+00:00,1784127600000,2597621748.7511,502952279.0075,1.25,245962077.6758,256990201.3316,0.0001
2026-07-15T16:00:00+00:00,1784131200000,2601981476.291,327054705.954,1.24,161723196.3358,165331476.887,2.95691248966e-05
2026-07-15T17:00:00+00:00,1784134800000,2594367294.2868,559085127.1883,1.25,288527338.437,269552952.5744,2.95691248966e-05
2026-07-15T18:00:00+00:00,1784138400000,2626861317.0558,227306917.2756,1.25,113692322.0648,113614595.2108,2.95691248966e-05
2026-07-15T19:00:00+00:00,1784142000000,2623053987.4993,135539844.7245,1.26,79055850.0816,56483994.6429,2.95691248966e-05
2026-07-15T20:00:00+00:00,1784145600000,2604734480.5687,146810147.0611,1.26,78558790.843,67587717.9834,2.95691248966e-05
2026-07-15T21:00:00+00:00,1784149200000,2603556184.9359,52661204.7248,1.27,23317516.7077,29343688.0171,2.95691248966e-05
2026-07-15T22:00:00+00:00,1784152800000,2606139649.8936,59519629.0603,1.27,26824157.5252,32695471.5351,2.95691248966e-05
2026-07-15T23:00:00+00:00,1784156400000,2601420707.6559,84639088.6869,1.28,44315191.7066,40322404.5816,2.95691248966e-05
2026-07-16T00:00:00+00:00,1784160000000,2598583519.8394,76491080.6325,1.28,44822107.0929,31101405.0571,8.11290335628e-05
2026-07-16T01:00:00+00:00,1784163600000,2608095772.6886,208142461.2426,1.28,110453113.3735,96287198.7482,8.11290335628e-05
2026-07-16T02:00:00+00:00,1784167200000,2609061400.6242,183824873.5671,1.27,82323773.0053,101052549.29,8.11290335628e-05
2026-07-16T03:00:00+00:00,1784170800000,2614946039.7005,89989691.8235,1.28,44205056.0915,45783957.4952,8.11290335628e-05
2026-07-16T04:00:00+00:00,1784174400000,2617428894.3567,71775466.0236,1.29,33780427.4853,37995038.5384,8.11290335628e-05
2026-07-16T05:00:00+00:00,1784178000000,2626511431.1336,68270746.1782,1.29,27867993.4785,40401538.4879,8.11290335628e-05
2026-07-16T06:00:00+00:00,1784181600000,2621420515.4089,223622525.778,1.31,95977594.62,127644931.158,8.11290335628e-05
2026-07-16T07:00:00+00:00,1784185200000,2610067760.4958,121532056.5379,1.31,61529220.641,60002835.8969,8.11290335628e-05
2026-07-16T08:00:00+00:00,1784188800000,2604260796.5615,441636969.0905,1.34,244390499.0311,194936772.3319,3.78071378877e-05
2026-07-16T09:00:00+00:00,1784192400000,2586754529.5919,630206553.7765,1.4,333629022.251,294404527.3249,3.78071378877e-05
2026-07-16T10:00:00+00:00,1784196000000,2602823494.255,147859701.8062,1.42,76577541.8958,71282159.9104,3.78071378877e-05
2026-07-16T11:00:00+00:00,1784199600000,2606355186.9439,104378618.8714,1.44,45707747.7996,58670871.0718,3.78071378877e-05
2026-07-16T12:00:00+00:00,1784203200000,2616428634.9884,116892060.1977,1.45,60270361.4618,56619711.9397,3.78071378877e-05
2026-07-16T13:00:00+00:00,1784206800000,2617656659.3057,254290453.6275,1.43,148625961.0501,104156756.0312,3.78071378877e-05
2026-07-16T14:00:00+00:00,1784210400000,2617890297.747,384079029.6185,1.44,166989630.7608,217062026.9997,3.78071378877e-05
2026-07-16T15:00:00+00:00,1784214000000,2602708398.6374,588901447.314,1.37,294014980.7098,294807917.2195,3.78071378877e-05
2026-07-16T16:00:00+00:00,1784217600000,2614926399.9354,367773341.1622,1.34,173292041.961,194436155.0686,1.498971488e-05
2026-07-16T17:00:00+00:00,1784221200000,2613998265.9843,242691341.9578,1.36,122095205.3976,120521157.0063,1.498971488e-05
2026-07-16T18:00:00+00:00,1784224800000,2582192636.5587,279485664.7274,1.41,153488052.2318,124661790.0186,1.498971488e-05
2026-07-16T19:00:00+00:00,1784228400000,2583034512.7867,119357927.9366,1.43,62643343.1276,56714584.809,1.498971488e-05
2026-07-16T20:00:00+00:00,1784232000000,2584623212.1079,64146402.9089,1.43,26390681.1132,37755721.7957,1.498971488e-05
2026-07-16T21:00:00+00:00,1784235600000,2581694670.2766,52916742.7228,1.44,36542411.4331,16374331.2897,1.498971488e-05
2026-07-16T22:00:00+00:00,1784239200000,2581236652.6113,36999210.0086,1.45,16584127.9881,20415082.0205,1.498971488e-05
2026-07-16T23:00:00+00:00,1784242800000,2595642392.67,152241203.2979,1.44,86734281.7165,65376835.3518,1.498971488e-05
2026-07-17T00:00:00+00:00,1784246400000,2584452191.9002,241383680.0571,1.46,137155258.3092,102117761.2487,5.3773733806e-05
2026-07-17T01:00:00+00:00,1784250000000,2580882370.7129,298022682.2591,1.49,144850264.99,152127126.6225,5.3773733806e-05
2026-07-17T02:00:00+00:00,1784253600000,2578432616.0544,394814083.3653,1.52,216411039.4984,176596263.768,5.3773733806e-05
2026-07-17T03:00:00+00:00,1784257200000,2578520375.7143,230957644.1047,1.5,112352137.2603,118217513.6001,5.3773733806e-05
2026-07-17T04:00:00+00:00,1784260800000,2577845656.1244,155710732.9523,1.5,75503214.8985,80206965.0957,5.3773733806e-05
2026-07-17T05:00:00+00:00,1784264400000,2580324385.9971,231981666.7013,1.53,121327615.1086,110321609.4382,5.3773733806e-05
2026-07-17T06:00:00+00:00,1784268000000,2612944115.812,646626295.5472,1.68,402061740.7523,240375988.1062,5.3773733806e-05
2026-07-17T07:00:00+00:00,1784271600000,2622701959.2038,423526964.1696,1.78,224682989.4013,197922451.5962,5.3773733806e-05
2026-07-17T08:00:00+00:00,1784275200000,2630782613.4679,182637118.0591,1.81,102783377.7314,79821721.0221,2.95604398968e-05
2026-07-17T09:00:00+00:00,1784278800000,2627440482.2163,270528882.7064,1.77,132089848.6776,138112013.8167,2.95604398968e-05
2026-07-17T10:00:00+00:00,1784282400000,2646136330.3089,146516784.0955,1.83,66100844.2673,80415939.8282,2.95604398968e-05
2026-07-17T11:00:00+00:00,1784286000000,2650942470.8153,167764021.5945,1.89,75055509.604,92708511.9906,2.95604398968e-05
2026-07-17T12:00:00+00:00,1784289600000,2658354182.9724,217674453.9286,1.87,102570427.0853,115103856.6648,2.95604398968e-05
2026-07-17T13:00:00+00:00,1784293200000,2642094995.8116,221397666.6984,1.8,131430141.3189,89955347.1442,2.95604398968e-05
2026-07-17T14:00:00+00:00,1784296800000,2661907309.0126,720392770.2897,1.82,341636307.5549,368433464.9729,2.95604398968e-05
2026-07-17T15:00:00+00:00,1784300400000,2654613562.8785,522745976.6272,1.77,268724738.2299,253891790.5891,2.95604398968e-05
2026-07-17T16:00:00+00:00,1784304000000,2620586173.5508,401105311.4101,1.78,192918486.2981,207538765.7659,5.46348466336e-05
2026-07-17T17:00:00+00:00,1784307600000,2615467735.0114,343054217.3962,1.76,171445722.3109,171608495.0853,5.46348466336e-05
2026-07-17T18:00:00+00:00,1784311200000,2572745584.4905,543644773.8712,1.72,233887094.7515,309757679.1198,5.46348466336e-05
2026-07-17T19:00:00+00:00,1784314800000,2558812021.1107,288150166.6891,1.73,147675490.8434,140474675.8457,5.46348466336e-05
2026-07-17T20:00:00+00:00,1784318400000,2548479008.0003,160746985.4938,1.7,78052377.5218,82585663.1014,5.46348466336e-05
2026-07-17T21:00:00+00:00,1784322000000,2559043637.8314,123540125.536,1.68,52671252.9244,70856742.7135,5.46348466336e-05
2026-07-17T22:00:00+00:00,1784325600000,2556001828.4175,63801007.1823,1.66,34930349.1093,28870658.073,5.46348466336e-05
2026-07-17T23:00:00+00:00,1784329200000,2552080232.5486,71713428.4212,1.64,42324059.2624,29367883.9205,5.46348466336e-05
2026-07-18T00:00:00+00:00,1784332800000,2549015274.2636,54785083.5672,1.62,30197601.5231,24571517.5168,3.80167412203e-05
2026-07-18T01:00:00+00:00,1784336400000,2549886435.2621,50398685.3482,1.61,23944373.7444,26454311.6038,3.80167412203e-05
2026-07-18T02:00:00+00:00,1784340000000,2550348443.1733,41276469.3909,1.61,17040615.8768,24235764.0387,3.80167412203e-05
2026-07-18T03:00:00+00:00,1784343600000,2550039549.7036,66652768.2519,1.61,29186947.3734,37465820.8786,3.80167412203e-05
2026-07-18T04:00:00+00:00,1784347200000,2552108131.7802,44999057.5897,1.61,19899823.9111,25099233.6785,3.80167412203e-05
2026-07-18T05:00:00+00:00,1784350800000,2556087988.627,35977674.1527,1.61,18138613.8553,17839060.2975,3.80167412203e-05
2026-07-18T06:00:00+00:00,1784354400000,2554619423.3489,34644373.2161,1.62,17228668.8771,17415704.3389,3.80167412203e-05
2026-07-18T07:00:00+00:00,1784358000000,2554648290.9247,33286931.9927,1.62,16473201.9347,16813730.058,3.80167412203e-05
2026-07-18T08:00:00+00:00,1784361600000,2550871385.3082,52354867.6938,1.62,21261331.4626,31093536.2312,5.07952841494e-05
2026-07-18T09:00:00+00:00,1784365200000,2548626979.8891,51618159.8029,1.62,21646815.7182,29971344.0848,5.07952841494e-05
2026-07-18T10:00:00+00:00,1784368800000,2546374289.9791,38051294.1944,1.62,18197841.7901,19852160.5234,5.07952841494e-05
2026-07-18T11:00:00+00:00,1784372400000,2548893613.6014,25435263.0151,1.62,9947354.2808,15487908.7343,5.07952841494e-05
2026-07-18T12:00:00+00:00,1784376000000,2545384162.9541,50806755.3525,1.62,13131186.1776,37675569.1749,5.07952841494e-05
2026-07-18T13:00:00+00:00,1784379600000,2559152734.8233,208316448.6397,1.63,66706646.0949,141609802.5448,5.07952841494e-05
2026-07-18T14:00:00+00:00,1784383200000,2555643125.1382,146395741.4307,1.6,90893616.5508,55502124.8799,5.07952841494e-05
2026-07-18T15:00:00+00:00,1784386800000,2557080714.2326,61185193.2558,1.59,33829295.3025,27355897.9534,5.07952841494e-05
2026-07-18T16:00:00+00:00,1784390400000,2553640403.8175,48412348.5428,1.57,28106578.6093,20305769.9336,8.63693379528e-05
2026-07-18T17:00:00+00:00,1784394000000,2554018321.8645,111789756.9353,1.58,45036239.9325,66753517.0029,8.63693379528e-05
2026-07-18T18:00:00+00:00,1784397600000,2584319485.1747,210200533.3952,1.59,100014024.1869,110186509.2083,8.63693379528e-05
2026-07-18T19:00:00+00:00,1784401200000,2574813387.9669,192097181.4019,1.58,83760920.3936,108336261.0083,8.63693379528e-05
2026-07-18T20:00:00+00:00,1784404800000,2574873892.1056,63650518.4933,1.54,33923623.2383,29726895.255,8.63693379528e-05
2026-07-18T21:00:00+00:00,1784408400000,2598024873.7363,199774001.5278,1.53,78444470.7418,121329530.786,8.63693379528e-05
2026-07-18T22:00:00+00:00,1784412000000,2590973691.0466,170499822.985,1.51,73583774.8929,96916048.0921,8.63693379528e-05
2026-07-18T23:00:00+00:00,1784415600000,2599250959.3912,104904865.8537,1.49,46104286.648,58800579.2057,8.63693379528e-05
2026-07-19T00:00:00+00:00,1784419200000,2617021107.5268,89212156.1651,1.47,31408290.2932,57803865.872,1.66804274372e-05
2026-07-19T01:00:00+00:00,1784422800000,2615746554.8646,106261002.5429,1.46,52701530.5787,53559471.9642,1.66804274372e-05
2026-07-19T02:00:00+00:00,1784426400000,2611271817.8693,54699663.4846,1.43,33296618.3954,21403045.0892,1.66804274372e-05
2026-07-19T03:00:00+00:00,1784430000000,2608838708.1962,152195914.4498,1.43,69942060.1179,82253854.3319,1.66804274372e-05
2026-07-19T04:00:00+00:00,1784433600000,2607613201.3239,106798051.0016,1.4,50938084.823,55848091.8106,1.66804274372e-05
2026-07-19T05:00:00+00:00,1784437200000,2599929974.229,64285260.883,1.39,31831100.242,32454160.6411,1.66804274372e-05
2026-07-19T06:00:00+00:00,1784440800000,2604769709.4712,56597292.935,1.38,31517422.0974,25079870.8376,1.66804274372e-05
2026-07-19T07:00:00+00:00,1784444400000,2607624883.4918,64848073.7989,1.37,35391286.3514,29456787.4475,1.66804274372e-05
2026-07-19T08:00:00+00:00,1784448000000,2613944666.1762,83354551.3685,1.37,45439615.0145,37876830.3027,5.94778872743e-05
2026-07-19T09:00:00+00:00,1784451600000,2619332385.4927,102847464.1481,1.37,49820316.8878,53027121.4144,5.94778872743e-05
2026-07-19T10:00:00+00:00,1784455200000,2615105774.6959,139074479.1841,1.34,83779776.2703,55181672.614,5.94778872743e-05
2026-07-19T11:00:00+00:00,1784458800000,2610856475.0139,100418639.9279,1.35,49776876.336,50605652.8611,5.94778872743e-05
2026-07-19T12:00:00+00:00,1784462400000,2618214264.4799,133848105.8055,1.35,65558763.9444,68098199.8523,5.94778872743e-05
2026-07-19T13:00:00+00:00,1784466000000,2617622340.1981,319556014.3425,1.36,165384852.1726,153629793.155,5.94778872743e-05
2026-07-19T14:00:00+00:00,1784469600000,2626992124.3655,124051585.794,1.39,53821171.9722,70230413.8218,5.94778872743e-05
2026-07-19T15:00:00+00:00,1784473200000,2630959225.7222,132148792.8576,1.41,55444956.4743,76703836.3833,5.94778872743e-05
2026-07-19T16:00:00+00:00,1784476800000,2641871516.1217,76545507.8729,1.41,40641937.0196,35903570.8533,4.22130855567e-05
2026-07-19T17:00:00+00:00,1784480400000,2644584527.459,81738031.5926,1.4,50058181.5387,31679850.0538,4.22130855567e-05
2026-07-19T18:00:00+00:00,1784484000000,2657859598.4978,155994429.7377,1.4,73041298.4207,82890236.1705,4.22130855567e-05
2026-07-19T19:00:00+00:00,1784487600000,2644715136.228,148334667.1271,1.4,84442833.4572,63645272.6044,4.22130855567e-05
2026-07-19T20:00:00+00:00,1784491200000,2645692508.4444,38846187.7297,1.4,21221566.9445,17624620.7851,4.22130855567e-05
2026-07-19T21:00:00+00:00,1784494800000,2645459377.7414,44626089.9166,1.4,23162435.2754,21463654.6413,4.22130855567e-05
2026-07-19T22:00:00+00:00,1784498400000,2643980248.2545,54789434.2066,1.4,30177903.6278,24609702.6469,4.22130855567e-05
2026-07-19T23:00:00+00:00,1784502000000,2656327879.5727,244353524.9556,1.41,113218282.5745,131135242.3811,4.22130855567e-05
2026-07-20T00:00:00+00:00,1784505600000,2639185335.5834,86148872.1834,1.41,40540624.6262,45608247.5573,1.49115311815e-05
2026-07-20T01:00:00+00:00,1784509200000,2630915719.3742,401654549.6825,1.44,189532949.8944,211394919.0103,1.49115311815e-05
2026-07-20T02:00:00+00:00,1784512800000,2629131644.6296,266592086.194,1.42,138242984.405,128299158.8407,1.49115311815e-05
2026-07-20T03:00:00+00:00,1784516400000,2639745215.9493,267455293.2403,1.41,128291234.6725,139164058.5678,1.49115311815e-05
2026-07-20T04:00:00+00:00,1784520000000,2642325025.5634,112931920.0561,1.41,55115228.9779,57816691.0783,1.49115311815e-05
2026-07-20T05:00:00+00:00,1784523600000,2625774921.9216,163738626.9828,1.43,82830192.4905,80899018.5429,1.49115311815e-05
2026-07-20T06:00:00+00:00,1784527200000,2649917024.6389,595909261.2254,1.45,319653744.3298,273635175.2121,1.49115311815e-05
2026-07-20T07:00:00+00:00,1784530800000,2602907672.3301,600167636.7157,1.45,323256647.2214,273556108.0764,1.49115311815e-05
2026-07-20T08:00:00+00:00,1784534400000,2589492155.6205,268914421.6122,1.43,110970141.6617,157944279.9505,-1.0642569389e-06
2026-07-20T09:00:00+00:00,1784538000000,2608981117.5874,368063549.2256,1.42,223541012.2127,143127827.2993,-1.0642569389e-06
2026-07-20T10:00:00+00:00,1784541600000,2612964006.1372,117730186.4695,1.42,59732107.4653,57998079.0042,-1.0642569389e-06
2026-07-20T11:00:00+00:00,1784545200000,2615478604.5685,139479513.4631,1.41,71696604.1249,67782909.3383,-1.0642569389e-06
2026-07-20T12:00:00+00:00,1784548800000,2635592144.2614,531265221.972,1.36,235649453.0523,295615768.9198,-1.0642569389e-06
2026-07-20T13:00:00+00:00,1784552400000,2627978277.5757,345672122.2885,1.34,169423125.8373,176134008.9162,-1.0642569389e-06
2026-07-20T14:00:00+00:00,1784556000000,2607717058.0233,479330896.3629,1.38,236821545.3605,241486082.7792,-1.0642569389e-06
2026-07-20T15:00:00+00:00,1784559600000,2616550800.5029,383100910.5073,1.4,176210329.412,206691936.0981,-1.0642569389e-06
2026-07-20T16:00:00+00:00,1784563200000,2657038475.8397,1168908652.7518,1.26,499086865.8849,669817104.7752,1.51065561787e-05
2026-07-20T17:00:00+00:00,1784566800000,2669694903.2765,361884753.4613,1.18,193421518.0149,168463235.4464,1.51065561787e-05
2026-07-20T18:00:00+00:00,1784570400000,2708644017.6661,185699883.4167,1.16,85221897.0009,100477986.4157,1.51065561787e-05
2026-07-20T19:00:00+00:00,1784574000000,2670777884.6927,363591473.9796,1.17,185750098.5284,177655644.4745,1.51065561787e-05
2026-07-20T20:00:00+00:00,1784577600000,2645108833.113,265647786.8922,1.19,130017105.9346,135408906.215,1.51065561787e-05
2026-07-20T21:00:00+00:00,1784581200000,2635940441.8393,116192672.8885,1.2,51885500.1923,64307159.688,1.51065561787e-05
2026-07-20T22:00:00+00:00,1784584800000,2645704418.1575,83110877.358,1.19,31887569.5988,51223307.7593,1.51065561787e-05
2026-07-20T23:00:00+00:00,1784588400000,2640770425.0355,100322877.4367,1.19,55310473.7151,45012403.7216,1.51065561787e-05
2026-07-21T00:00:00+00:00,1784592000000,2640654823.1994,70429291.4169,1.2,30702352.12,39726450.6539,7.8604607579e-06
2026-07-21T01:00:00+00:00,1784595600000,2650859403.6808,171756686.5785,1.2,73207992.2665,98545691.6591,7.8604607579e-06
2026-07-21T02:00:00+00:00,1784599200000,2648308210.9757,200044838.6618,1.17,112450667.8394,87593146.8698,7.8604607579e-06
2026-07-21T03:00:00+00:00,1784602800000,2646683736.9515,123128829.3904,1.19,50562564.8577,72558639.3504,7.8604607579e-06
2026-07-21T04:00:00+00:00,1784606400000,2658952736.479,113019124.1203,1.18,51189432.6114,61829691.5089,7.8604607579e-06
2026-07-21T05:00:00+00:00,1784610000000,2670527865.9247,178473089.6284,1.16,97681379.9002,80791709.7282,7.8604607579e-06
2026-07-21T06:00:00+00:00,1784613600000,2657764024.2141,291104228.4862,1.18,112088875.3498,179015353.1364,7.8604607579e-06
2026-07-21T07:00:00+00:00,1784617200000,2665231898.5688,276050338.4126,1.16,144336343.8872,131713994.5254,7.8604607579e-06
2026-07-21T08:00:00+00:00,1784620800000,2679738020.4999,411429555.0793,1.18,173702346.27,237727208.8093,1.70667772237e-05
2026-07-21T09:00:00+00:00,1784624400000,2707865405.4102,338573956.1997,1.18,168639624.7633,169934318.186,1.70667772237e-05
2026-07-21T10:00:00+00:00,1784628000000,2716404046.0484,190845879.3469,1.15,101895494.4173,88950384.9296,1.70667772237e-05
2026-07-21T11:00:00+00:00,1784631600000,2719207233.6126,250511800.7474,1.12,114454520.0713,136057280.6761,1.70667772237e-05
2026-07-21T12:00:00+00:00,1784635200000,2733963374.7533,160207814.4536,1.1,77955434.3264,82252380.1272,1.70667772237e-05
2026-07-21T13:00:00+00:00,1784638800000,2742659202.5746,376150381.0971,1.12,138072402.495,238077978.6021,1.70667772237e-05
2026-07-21T14:00:00+00:00,1784642400000,2744763919.2352,531786232.4638,1.09,261764003.0831,270022229.3807,1.70667772237e-05
2026-07-21T15:00:00+00:00,1784646000000,2791878044.7801,573427494.1368,1.04,299886479.1065,273541015.0304,1.70667772237e-05
2026-07-21T16:00:00+00:00,1784649600000,2798971685.9643,290706636.5646,1.02,140102423.5914,150495905.3055,-3.86532726688e-05
2026-07-21T17:00:00+00:00,1784653200000,2804556306.2201,192689856.8617,1.01,99251271.8963,93356058.8614,-3.86532726688e-05
2026-07-21T18:00:00+00:00,1784656800000,2779476014.1181,395738524.0796,1.0,197098161.8933,195314867.1321,-3.86532726688e-05
2026-07-21T19:00:00+00:00,1784660400000,2793797938.1522,230004563.0034,1.01,80754481.2644,149235924.8326,-3.86532726688e-05
2026-07-21T20:00:00+00:00,1784664000000,2774703340.4693,130003106.649,0.98,64986911.6021,65014968.7355,-3.86532726688e-05
2026-07-21T21:00:00+00:00,1784667600000,2779262752.1579,73019004.2861,0.98,31529768.0307,41489236.2555,-3.86532726688e-05
2026-07-21T22:00:00+00:00,1784671200000,2780304497.4654,87228765.0724,0.98,38420885.9522,48807394.751,-3.86532726688e-05
2026-07-21T23:00:00+00:00,1784674800000,2761912188.6005,96601268.9673,0.98,56872167.8763,39729101.091,-3.86532726688e-05
2026-07-22T00:00:00+00:00,1784678400000,2749406011.0079,113240426.7494,1.0,45705886.4976,67534540.2518,6.45951712624e-05
2026-07-22T01:00:00+00:00,1784682000000,2749267675.611,182750174.5363,1.01,86582136.1512,96168038.3851,6.45951712624e-05
2026-07-22T02:00:00+00:00,1784685600000,2737393960.9619,200916177.3236,1.01,95317868.8338,104837658.3053,6.45951712624e-05
2026-07-22T03:00:00+00:00,1784689200000,2732464291.772,132290179.2651,1.01,70562818.5142,61727360.7509,6.45951712624e-05
2026-07-22T04:00:00+00:00,1784692800000,2732173149.3284,146537099.44,1.02,69615370.5822,76792022.0134,6.45951712624e-05
2026-07-22T05:00:00+00:00,1784696400000,2744957975.968,102241566.5701,1.03,44615369.1593,57625555.0826,6.45951712624e-05
2026-07-22T06:00:00+00:00,1784700000000,2730961828.8945,360588344.7643,1.01,226397578.7201,132797161.8732,6.45951712624e-05
2026-07-22T07:00:00+00:00,1784703600000,2731686256.0234,254428401.441,1.06,133137725.9068,120492002.0721,6.45951712624e-05
2026-07-22T08:00:00+00:00,1784707200000,2736336229.0781,218509269.1,1.09,115022841.317,103116995.9545,-4.6095462073e-06
2026-07-22T09:00:00+00:00,1784710800000,2724133114.6346,327200521.8765,1.1,130302022.8426,196898499.0339,-4.6095462073e-06
2026-07-22T10:00:00+00:00,1784714400000,2724759332.4199,127403834.8163,1.11,59851202.7109,67552632.1055,-4.6095462073e-06
2026-07-22T11:00:00+00:00,1784718000000,2741049275.5501,205950524.1518,1.14,70326168.083,135624356.0688,-4.6095462073e-06
2026-07-22T12:00:00+00:00,1784721600000,2753534239.1845,167404968.2807,1.16,79156302.7862,88248665.4945,-4.6095462073e-06
2026-07-22T13:00:00+00:00,1784725200000,2690313711.56,447659494.5404,1.16,293680947.5257,152184231.7014,-4.6095462073e-06
2026-07-22T14:00:00+00:00,1784728800000,2686900171.569,364367755.6031,1.24,153710400.1324,210657355.4708,-4.6095462073e-06
2026-07-22T15:00:00+00:00,1784732400000,2673681227.6422,492384567.2534,1.26,227102736.3442,264923901.443,-4.6095462073e-06
2026-07-22T16:00:00+00:00,1784736000000,2685307889.5818,367577914.3617,1.26,180739900.9625,186838013.3991,7.2341658587e-06
2026-07-22T17:00:00+00:00,1784739600000,2673470730.801,374537669.7122,1.24,160379205.5316,214158464.1807,7.2341658587e-06
2026-07-22T18:00:00+00:00,1784743200000,2639681180.7694,180396126.7553,1.27,95129622.7924,85262189.379,7.2341658587e-06
2026-07-22T19:00:00+00:00,1784746800000,2612192267.1109,184150927.5114,1.26,98420592.7615,85378638.5382,7.2341658587e-06
2026-07-22T20:00:00+00:00,1784750400000,2607965558.3792,104005541.7331,1.26,53935810.5644,49988535.8777,7.2341658587e-06
2026-07-22T21:00:00+00:00,1784754000000,2614563779.1047,106347550.7861,1.26,50208972.212,56138578.5741,7.2341658587e-06
2026-07-22T22:00:00+00:00,1784757600000,2621140389.669,77440554.7491,1.27,28313954.9283,49126599.8208,7.2341658587e-06
2026-07-22T23:00:00+00:00,1784761200000,2619934861.132,64111079.3454,1.26,37374907.1667,26736172.1787,7.2341658587e-06
2026-07-23T00:00:00+00:00,1784764800000,2613911131.9645,79026182.1252,1.26,41855418.401,37170763.7242,3.45300865541e-05
2026-07-23T01:00:00+00:00,1784768400000,2618281682.7211,179530422.4855,1.23,96714856.8668,82815565.6188,3.45300865541e-05
2026-07-23T02:00:00+00:00,1784772000000,2620075571.8204,208695010.321,1.24,105779246.7022,102709745.5728,3.45300865541e-05
2026-07-23T03:00:00+00:00,1784775600000,2603704195.853,164161562.1446,1.26,68068718.8505,95788566.4285,3.45300865541e-05
2026-07-23T04:00:00+00:00,1784779200000,2628767016.0553,202560321.001,1.28,122339079.2903,80004069.9577,3.45300865541e-05
2026-07-23T05:00:00+00:00,1784782800000,2630698797.4571,115726519.1659,1.31,55776355.3494,59950163.8165,3.45300865541e-05
2026-07-23T06:00:00+00:00,1784786400000,2619170637.8461,99977362.9352,1.33,45695685.2599,54199795.1274,3.45300865541e-05
2026-07-23T07:00:00+00:00,1784790000000,2621842941.726,79867427.9569,1.34,38182168.4631,41685259.4938,3.45300865541e-05
2026-07-23T08:00:00+00:00,1784793600000,2639940701.1292,352743621.5648,1.33,203990835.9852,147027602.1129,-3.33148169405e-05
2026-07-23T09:00:00+00:00,1784797200000,2659319352.8892,185531760.9778,1.34,90089922.3215,95441838.6562,-3.33148169405e-05
2026-07-23T10:00:00+00:00,1784800800000,2662815948.6049,142397694.6029,1.33,74100018.2358,68297676.3671,-3.33148169405e-05
2026-07-23T11:00:00+00:00,1784804400000,2661780023.1723,129112271.5066,1.33,62361409.2175,66732064.1097,-3.33148169405e-05
2026-07-23T12:00:00+00:00,1784808000000,2668701680.9912,113006918.5315,1.32,68732884.1208,44274034.4107,-3.33148169405e-05
2026-07-23T13:00:00+00:00,1784811600000,2665861392.6267,614800385.3331,1.4,307581978.4891,301002554.0838,-3.33148169405e-05
2026-07-23T14:00:00+00:00,1784815200000,2660132592.8714,547124074.1892,1.44,272718204.2808,271791559.8037,-3.33148169405e-05
2026-07-23T15:00:00+00:00,1784818800000,2673353202.9911,398910330.7647,1.51,194405655.1127,203409841.3574,-3.33148169405e-05
2026-07-23T16:00:00+00:00,1784822400000,2668421652.6959,426832791.8787,1.54,208973994.6098,208440131.6924,3.09437083436e-05
2026-07-23T17:00:00+00:00,1784826000000,2684371783.4986,239431473.0118,1.56,133647541.8814,105734385.5314,3.09437083436e-05
2026-07-23T18:00:00+00:00,1784829600000,2623394304.7732,246613995.58,1.58,127461461.3797,117960541.1014,3.09437083436e-05
2026-07-23T19:00:00+00:00,1784833200000,2619546615.6471,120266294.2684,1.59,54359960.1767,65905240.2959,3.09437083436e-05
2026-07-23T20:00:00+00:00,1784836800000,2615980894.7909,141530657.6529,1.6,66134701.0178,75254826.745,3.09437083436e-05
2026-07-23T21:00:00+00:00,1784840400000,2612788953.2374,154028702.6918,1.6,64411927.1791,89616775.5127,3.09437083436e-05
2026-07-23T22:00:00+00:00,1784844000000,2613657076.8946,123345605.682,1.6,55264921.9073,68080683.7746,3.09437083436e-05
2026-07-23T23:00:00+00:00,1784847600000,2613002004.2276,139104413.2928,1.6,65055245.2171,74047749.9051,3.09437083436e-05
2026-07-24T00:00:00+00:00,1784851200000,2609341819.4205,113103228.1288,1.59,62026833.1658,51076394.963,1.46168809e-07
2026-07-24T01:00:00+00:00,1784854800000,2620524300.5628,257473754.2194,1.58,154562234.8481,101865401.8279,1.46168809e-07
2026-07-24T02:00:00+00:00,1784858400000,2618940348.7896,139769682.107,1.59,70659633.4522,69110048.6548,1.46168809e-07
2026-07-24T03:00:00+00:00,1784862000000,2625756333.9664,128895591.8269,1.58,59526311.8711,69369273.4566,1.46168809e-07
2026-07-24T04:00:00+00:00,1784865600000,2628248857.4003,321541544.1764,1.55,152451754.1201,169089790.0564,1.46168809e-07
2026-07-24T05:00:00+00:00,1784869200000,2630761811.3136,172498775.5305,1.51,93856908.0729,78641867.4576,1.46168809e-07
2026-07-24T06:00:00+00:00,1784872800000,2631528718.0252,75833555.5924,1.51,34054396.7824,41779158.81,1.46168809e-07
2026-07-24T07:00:00+00:00,1784876400000,2633002758.1401,148380376.7367,1.52,63225380.7361,85154996.0006,1.46168809e-07
2026-07-24T08:00:00+00:00,1784880000000,2632620017.5102,506714932.1544,1.49,261901800.6633,244661845.4473,-8.3475733975e-06
2026-07-24T09:00:00+00:00,1784883600000,2633720525.7358,143499067.7941,1.51,84951055.317,58387560.6523,-8.3475733975e-06
2026-07-24T10:00:00+00:00,1784887200000,2622932403.8607,347110252.2891,1.55,176541392.2566,169567563.866,-8.3475733975e-06
2026-07-24T11:00:00+00:00,1784890800000,2631574697.97,155796410.2661,1.55,80490908.1817,75212602.8554,-8.3475733975e-06
2026-07-24T12:00:00+00:00,1784894400000,2649133645.4808,186127789.1624,1.55,83035663.5771,102856498.3708,-8.3475733975e-06
2026-07-24T13:00:00+00:00,1784898000000,2665173601.2395,220176951.0155,1.55,119635985.8668,99517446.0135,-8.3475733975e-06
2026-07-24T14:00:00+00:00,1784901600000,2672171585.0784,1214976346.6516,1.65,654211978.7156,539828219.8576,-8.3475733975e-06
2026-07-24T15:00:00+00:00,1784905200000,2703969606.6683,855552314.5094,1.71,463130245.352,388934595.8388,-8.3475733975e-06
2026-07-24T16:00:00+00:00,1784908800000,2698840054.7825,673451216.6648,1.77,348824136.3209,324626747.3297,4.63556429945e-05
2026-07-24T17:00:00+00:00,1784912400000,2706930426.3064,198852067.9142,1.75,105450091.0819,93364250.2977,4.63556429945e-05
2026-07-24T18:00:00+00:00,1784916000000,2691317252.2006,158288698.5649,1.78,74258473.9768,84030224.5881,4.63556429945e-05
2026-07-24T19:00:00+00:00,1784919600000,2671867545.9596,149532849.5415,1.78,74091462.2982,75441233.3297,4.63556429945e-05
2026-07-24T20:00:00+00:00,1784923200000,2679264239.5226,103711873.2262,1.78,62071325.4865,41632533.4147,4.63556429945e-05
2026-07-24T21:00:00+00:00,1784926800000,2675548627.992,65030313.7044,1.84,37868283.9536,27162029.7508,4.63556429945e-05
2026-07-24T22:00:00+00:00,1784930400000,2666174701.7117,73408423.5883,1.83,42122671.9821,31284482.0202,4.63556429945e-05
2026-07-24T23:00:00+00:00,1784934000000,2670828736.4311,36173269.4576,1.83,16244761.2622,19928508.1953,4.63556429945e-05
2026-07-25T00:00:00+00:00,1784937600000,2668588171.4131,25525516.3141,1.82,12977924.0868,12547592.2273,2.97244816893e-05
2026-07-25T01:00:00+00:00,1784941200000,2663459473.7638,77915259.257,1.81,49940654.516,27973252.9463,2.97244816893e-05
2026-07-25T02:00:00+00:00,1784944800000,2668970772.1305,93083241.6951,1.74,52719471.8492,40363769.8459,2.97244816893e-05
2026-07-25T03:00:00+00:00,1784948400000,2666981285.5106,49359506.6463,1.73,25552255.0534,23794444.4729,2.97244816893e-05
2026-07-25T04:00:00+00:00,1784952000000,2669103138.3552,43341598.081,1.74,20071178.6471,23270419.4339,2.97244816893e-05
2026-07-25T05:00:00+00:00,1784955600000,2667475856.9874,70042549.2397,1.74,23906089.0871,46136460.1526,2.97244816893e-05
2026-07-25T06:00:00+00:00,1784959200000,2660426536.7116,84843257.4583,1.72,51086010.4582,33757247.0,2.97244816893e-05
2026-07-25T07:00:00+00:00,1784962800000,2662519671.2344,80772816.5053,1.71,40883287.2636,39886906.4026,2.97244816893e-05
2026-07-25T08:00:00+00:00,1784966400000,2657984114.8961,49687372.7056,1.71,24783613.3385,24898587.9813,2.85540115723e-05
2026-07-25T09:00:00+00:00,1784970000000,2661670553.9235,171871445.1982,1.69,103715961.7128,66824811.3486,2.85540115723e-05
2026-07-25T10:00:00+00:00,1784973600000,2659812489.6804,81970536.7063,1.7,39638366.2999,42329198.4426,2.85540115723e-05
2026-07-25T11:00:00+00:00,1784977200000,2665010261.358,76879707.9569,1.71,41555803.2669,35323904.6901,2.85540115723e-05
2026-07-25T12:00:00+00:00,1784980800000,2665651308.3778,55263190.7531,1.72,26717180.4831,28519275.4244,2.85540115723e-05
2026-07-25T13:00:00+00:00,1784984400000,2666277808.4297,58123002.4808,1.71,23936753.6087,34186248.8721,2.85540115723e-05
2026-07-25T14:00:00+00:00,1784988000000,2674775055.1366,195317344.6921,1.73,69766639.1098,125499549.7042,2.85540115723e-05
2026-07-25T15:00:00+00:00,1784991600000,2673679004.3314,85683965.7757,1.78,44909632.5443,40772570.4181,2.85540115723e-05
2026-07-25T16:00:00+00:00,1784995200000,2681857654.4029,83813985.8876,1.73,44625516.322,39188469.5656,-1.9531187263e-06
2026-07-25T17:00:00+00:00,1784998800000,2674252646.6119,54202671.3585,1.71,30829541.6016,23371943.1428,-1.9531187263e-06
2026-07-25T18:00:00+00:00,1785002400000,2666187890.6074,115096000.5059,1.74,39670839.6864,75415129.5057,-1.9531187263e-06
2026-07-25T19:00:00+00:00,1785006000000,2640513279.4737,157175922.2005,1.75,68474393.579,88701528.6214,-1.9531187263e-06
2026-07-25T20:00:00+00:00,1785009600000,2640833538.5619,43753806.9458,1.74,22174832.2561,21578974.6897,-1.9531187263e-06
2026-07-25T21:00:00+00:00,1785013200000,2638881631.1104,51852148.703,1.73,32893836.9164,18958311.7867,-1.9531187263e-06
2026-07-25T22:00:00+00:00,1785016800000,2634185682.8953,63605503.6163,1.81,27632035.7551,35973467.8613,-1.9531187263e-06
2026-07-25T23:00:00+00:00,1785020400000,2633641054.1336,40254806.5483,1.81,16798432.3609,23456374.1875,-1.9531187263e-06
2026-07-26T00:00:00+00:00,1785024000000,2635133869.57,40456595.3625,1.81,29145922.2236,11310673.139,4.04469961172e-05
2026-07-26T01:00:00+00:00,1785027600000,2632531253.8606,85432205.0169,1.78,36606357.774,48825847.2429,4.04469961172e-05
2026-07-26T02:00:00+00:00,1785031200000,2636111871.068,97426807.0517,1.79,48398148.9102,49028658.1415,4.04469961172e-05
2026-07-26T03:00:00+00:00,1785034800000,2638160690.4512,58385867.8584,1.8,23602180.4492,34783687.4092,4.04469961172e-05
2026-07-26T04:00:00+00:00,1785038400000,2638842793.2558,79630355.941,1.81,38564182.0202,41066173.9208,4.04469961172e-05
2026-07-26T05:00:00+00:00,1785042000000,2639786688.5675,63277426.3369,1.81,28924154.5332,34353045.9683,4.04469961172e-05
2026-07-26T06:00:00+00:00,1785045600000,2634462004.2813,78805267.3724,1.79,43943872.2351,34861395.1372,4.04469961172e-05
2026-07-26T07:00:00+00:00,1785049200000,2626590325.5577,131167818.1494,1.77,68321644.7456,62846173.4039,4.04469961172e-05
2026-07-26T08:00:00+00:00,1785052800000,2626155819.0947,88858029.3792,1.75,48632886.5186,40225142.8606,2.91130085216e-05
2026-07-26T09:00:00+00:00,1785056400000,2626831127.5246,49525579.1303,1.75,23147104.8138,26378474.3165,2.91130085216e-05
2026-07-26T10:00:00+00:00,1785060000000,2631951777.1679,67934950.1031,1.75,34962891.4048,32972058.6983,2.91130085216e-05
2026-07-26T11:00:00+00:00,1785063600000,2624128315.8894,75980412.0753,1.74,40228795.5886,35751616.4867,2.91130085216e-05
2026-07-26T12:00:00+00:00,1785067200000,2621022821.741,37967747.3689,1.72,21903458.1963,16060104.9203,2.91130085216e-05
2026-07-26T13:00:00+00:00,1785070800000,2606600826.6242,157418540.4022,1.73,77699134.841,79719405.5612,2.91130085216e-05
2026-07-26T14:00:00+00:00,1785074400000,2613679043.8348,98760964.4421,1.71,57676243.3724,41081914.0276,2.91130085216e-05
2026-07-26T15:00:00+00:00,1785078000000,2584454767.28,272248533.0573,1.63,131944579.5568,140303947.0335,2.91130085216e-05
2026-07-26T16:00:00+00:00,1785081600000,2590367785.9648,183374688.5115,1.68,89319501.7842,94055186.7273,1.07069213573e-05
2026-07-26T17:00:00+00:00,1785085200000,2586804809.5493,206471312.5629,1.71,97021017.1358,109450295.4271,1.07069213573e-05
2026-07-26T18:00:00+00:00,1785088800000,2603266278.8541,76509455.0743,1.69,40407234.9679,36102220.1064,1.07069213573e-05
2026-07-26T19:00:00+00:00,1785092400000,2600227391.3614,31797280.4498,1.69,14168236.632,17629043.8178,1.07069213573e-05
2026-07-26T20:00:00+00:00,1785096000000,2599102477.4267,30869530.131,1.68,14959088.2894,15910441.8416,1.07069213573e-05
2026-07-26T21:00:00+00:00,1785099600000,2596356057.5116,31793577.5998,1.67,18269946.5924,13523631.0074,1.07069213573e-05
2026-07-26T22:00:00+00:00,1785103200000,2595136086.6319,75205087.2664,1.67,28957142.929,46247944.3373,1.07069213573e-05
2026-07-26T23:00:00+00:00,1785106800000,2540210947.5334,608259521.9762,1.65,244196940.1525,364060490.1439,1.07069213573e-05
2026-07-27T00:00:00+00:00,1785110400000,2524899190.9422,301515604.5699,1.6,143675220.5898,157822819.8172,7.56427045204e-05
2026-07-27T01:00:00+00:00,1785114000000,2535984527.7413,229453072.8175,1.58,138392567.3845,90896139.3997,7.56427045204e-05
2026-07-27T02:00:00+00:00,1785117600000,2543204911.8086,225044116.6432,1.61,105542286.1805,119429760.6722,7.56427045204e-05
2026-07-27T03:00:00+00:00,1785121200000,2548876763.5011,100379135.0774,1.61,48573732.1441,51805363.8544,7.56427045204e-05
2026-07-27T04:00:00+00:00,1785124800000,2556137166.8121,131719736.1984,1.61,66429200.5923,65290535.6061,7.56427045204e-05
2026-07-27T05:00:00+00:00,1785128400000,2559137882.9745,133915880.4598,1.62,70862030.2992,63053850.1606,7.56427045204e-05
2026-07-27T06:00:00+00:00,1785132000000,2563902702.9691,91723956.0961,1.6,42785930.5457,48938025.5504,7.56427045204e-05
2026-07-27T07:00:00+00:00,1785135600000,2557173590.5433,385470943.8396,1.59,190438047.6851,195032181.8195,7.56427045204e-05
2026-07-27T08:00:00+00:00,1785139200000,2564690587.904,193763067.2065,1.57,108821122.2327,84872136.7532,5.25092874623e-05
2026-07-27T09:00:00+00:00,1785142800000,2568533403.7487,161679748.894,1.58,74242116.3297,87328493.1492,5.25092874623e-05
2026-07-27T10:00:00+00:00,1785146400000,2571737240.6509,153594944.5776,1.6,65635723.2854,87918210.0571,5.25092874623e-05
2026-07-27T11:00:00+00:00,1785150000000,2572304037.7508,93179350.8262,1.6,33240893.6056,59705233.8351,5.25092874623e-05
2026-07-27T12:00:00+00:00,1785153600000,2583396367.0881,144173540.2701,1.58,80204703.0451,63968055.5554,5.25092874623e-05
2026-07-27T13:00:00+00:00,1785157200000,2592840994.9313,417391945.9518,1.51,199960214.2506,215560626.9788,5.25092874623e-05
2026-07-27T14:00:00+00:00,1785160800000,2556827866.3134,677759680.6602,1.51,361019324.1164,316164039.6095,5.25092874623e-05
2026-07-27T15:00:00+00:00,1785164400000,2544829752.2766,827833614.6813,1.58,444843910.7642,371889494.8965,5.25092874623e-05
2026-07-27T16:00:00+00:00,1785168000000,2553886904.9083,292345487.8228,1.55,159191996.7566,131303147.8329,2.28280571175e-05
2026-07-27T17:00:00+00:00,1785171600000,2566358798.9372,329460487.0231,1.57,140987936.8513,188472498.5079,2.28280571175e-05
2026-07-27T18:00:00+00:00,1785175200000,2581921875.7534,224089695.2229,1.56,117444985.0034,106644710.2195,2.28280571175e-05
2026-07-27T19:00:00+00:00,1785178800000,2568332047.9356,152745262.5486,1.54,88830922.7379,63629560.1011,2.28280571175e-05
2026-07-27T20:00:00+00:00,1785182400000,2568726144.4572,106430515.0246,1.55,54236004.8401,52185152.2848,2.28280571175e-05
2026-07-27T21:00:00+00:00,1785186000000,2566301323.2607,52082152.0038,1.55,23792842.6625,28286101.3497,2.28280571175e-05
2026-07-27T22:00:00+00:00,1785189600000,2565900656.9763,53941366.2164,1.53,28926427.006,25013318.578,2.28280571175e-05
2026-07-27T23:00:00+00:00,1785193200000,2519817359.3469,621521169.7701,1.6,402912401.3585,194443599.0956,2.28280571175e-05
2026-07-28T00:00:00+00:00,1785196800000,2575809227.5901,614750860.0422,1.67,284285615.7713,321808330.2271,2.42408062139e-05
2026-07-28T01:00:00+00:00,1785200400000,2602643744.0206,372520454.0132,1.63,188066748.7653,180797033.4636,2.42408062139e-05
2026-07-28T02:00:00+00:00,1785204000000,2632224895.4263,612834529.295,1.69,354436142.1376,245451303.2671,2.42408062139e-05
2026-07-28T03:00:00+00:00,1785207600000,2639966876.7,162064295.853,1.72,76576790.7073,85487505.1457,2.42408062139e-05
2026-07-28T04:00:00+00:00,1785211200000,2635191827.1349,172249510.2508,1.78,89810283.5627,82437950.8792,2.42408062139e-05
2026-07-28T05:00:00+00:00,1785214800000,2643539706.965,120093365.8345,1.78,60191564.7433,59901801.0913,2.42408062139e-05
2026-07-28T06:00:00+00:00,1785218400000,2642935901.6147,248017908.1764,1.81,97979538.6605,150038363.1712,2.42408062139e-05
2026-07-28T07:00:00+00:00,1785222000000,2650567128.0533,153347455.6335,1.8,67910500.3143,85422297.7268,2.42408062139e-05
2026-07-28T08:00:00+00:00,1785225600000,2650131629.3665,139040583.1382,1.79,81255711.3539,57784262.6843,-1.91622586045e-05
2026-07-28T09:00:00+00:00,1785229200000,2547793372.7022,115064967.4542,1.78,59955947.928,55109019.5263,-1.91622586045e-05
2026-07-28T10:00:00+00:00,1785232800000,2640854315.3605,96933511.3769,1.78,54853266.9827,42076640.4848,-1.91622586045e-05
2026-07-28T11:00:00+00:00,1785236400000,2666065216.9765,186360455.8288,1.76,109829637.4983,76530818.3305,-1.91622586045e-05
2026-07-28T12:00:00+00:00,1785240000000,2669096567.7842,150767329.3859,1.76,74500192.7145,76256886.9773,-1.91622586045e-05
2026-07-28T13:00:00+00:00,1785243600000,2678061051.5588,148977933.167,1.82,70493980.9971,78483952.1699,-1.91622586045e-05
2026-07-28T14:00:00+00:00,1785247200000,2676556222.8188,669503522.1567,1.81,354353164.6879,306405983.7719,-1.91622586045e-05
2026-07-28T15:00:00+00:00,1785250800000,2675549848.3505,428405450.0185,1.85,226477368.8529,201920932.0842,-1.91622586045e-05
2026-07-28T16:00:00+00:00,1785254400000,2644452242.2086,608254259.5057,1.85,284831251.7999,323414345.7676,2.17766318961e-05
2026-07-28T17:00:00+00:00,1785258000000,2644419163.3819,232754767.9595,1.79,111523472.7425,121231295.217,2.17766318961e-05
2026-07-28T18:00:00+00:00,1785261600000,2619547501.5432,254961582.3615,1.81,148573571.007,105509270.6964,2.17766318961e-05
2026-07-28T19:00:00+00:00,1785265200000,2624476002.4541,111267195.0338,1.81,51758695.4406,59508499.5932,2.17766318961e-05
2026-07-28T20:00:00+00:00,1785268800000,2608799153.4776,101153736.1646,1.81,54562379.4661,46591356.6985,2.17766318961e-05
2026-07-28T21:00:00+00:00,1785272400000,2597587612.8002,101699674.2512,1.79,38955110.7689,62744563.4823,2.17766318961e-05
2026-07-28T22:00:00+00:00,1785276000000,2594800293.3948,59108258.5777,1.78,25426034.1725,33682224.4053,2.17766318961e-05
2026-07-28T23:00:00+00:00,1785279600000,2578609384.6979,79091433.2027,1.75,49718472.0705,29361898.6706,2.17766318961e-05
2026-07-29T00:00:00+00:00,1785283200000,2589806680.5259,210694251.6527,1.75,95379203.5374,115076806.9755,6.30482846255e-05
2026-07-29T01:00:00+00:00,1785286800000,2568743913.3517,268469583.2187,1.74,129424604.658,139044594.98,6.30482846255e-05
2026-07-29T02:00:00+00:00,1785290400000,2580754870.646,175353333.868,1.74,100675616.886,74258179.0126,6.30482846255e-05
2026-07-29T03:00:00+00:00,1785294000000,2588445901.7804,227031106.3752,1.72,93719282.9266,133092150.7735,6.30482846255e-05
2026-07-29T04:00:00+00:00,1785297600000,2596149487.034,174149121.5988,1.72,89564877.4867,84225853.5011,6.30482846255e-05
2026-07-29T05:00:00+00:00,1785301200000,2605190567.6219,166486394.994,1.64,74300116.5597,91837913.6955,6.30482846255e-05
2026-07-29T06:00:00+00:00,1785304800000,2589173664.3754,226173730.1703,1.61,93004520.3526,133163256.3706,6.30482846255e-05
2026-07-29T07:00:00+00:00,1785308400000,2597805737.1454,377315300.8316,1.58,171924211.0969,205391089.7347,6.30482846255e-05
2026-07-29T08:00:00+00:00,1785312000000,2611592232.6593,208534659.8463,1.52,97976951.2099,110557708.6364,2.96713694924e-05
2026-07-29T09:00:00+00:00,1785315600000,2591311384.8001,219641826.6655,1.48,120942645.5631,98697490.812,2.96713694924e-05
2026-07-29T10:00:00+00:00,1785319200000,2578771591.9934,260602186.9937,1.48,91815301.8277,168786885.166,2.96713694924e-05
2026-07-29T11:00:00+00:00,1785322800000,2569676447.7439,217399793.9884,1.48,130487231.4249,86911105.7851,2.96713694924e-05
2026-07-29T12:00:00+00:00,1785326400000,2575871997.6962,115595033.8219,1.46,47672805.5535,67922228.2684,2.96713694924e-05
2026-07-29T13:00:00+00:00,1785330000000,2550611860.8004,195351884.5401,1.43,119676783.0642,75442561.495,2.96713694924e-05
2026-07-29T14:00:00+00:00,1785333600000,2563127997.5085,500264355.7227,1.4,237978916.6229,262246929.107,2.96713694924e-05
2026-07-29T15:00:00+00:00,1785337200000,2572780624.8646,412888669.8355,1.44,195352667.8104,217235920.873,2.96713694924e-05
2026-07-29T16:00:00+00:00,1785340800000,2568795688.3337,304222296.3175,1.41,169718820.1586,134250328.6037,8.32522231396e-05
2026-07-29T17:00:00+00:00,1785344400000,2575856158.5242,400532675.7471,1.5,213696613.113,185627049.0347,8.32522231396e-05
2026-07-29T18:00:00+00:00,1785348000000,2539125946.4835,231862933.404,1.55,99434598.5613,132428334.8427,8.32522231396e-05
2026-07-29T19:00:00+00:00,1785351600000,2537508415.0959,909783564.0127,1.45,437010616.492,472401981.2632,8.32522231396e-05
2026-07-29T20:00:00+00:00,1785355200000,2533031884.2411,535938894.3974,1.48,276848289.8654,255652291.7001,8.32522231396e-05
2026-07-29T21:00:00+00:00,1785358800000,2538350785.903,286564056.9231,1.56,145186795.4376,139172389.9941,8.32522231396e-05
2026-07-29T22:00:00+00:00,1785362400000,2518611486.5074,267130376.5565,1.58,138626195.4809,126920943.9186,8.32522231396e-05
2026-07-29T23:00:00+00:00,1785366000000,2507641469.0701,254203369.3133,1.55,114193937.9788,140009431.3345,8.32522231396e-05
2026-07-30T00:00:00+00:00,1785369600000,2507023363.6441,110819627.1697,1.56,66145226.9065,44674400.2631,4.04338305763e-05
2026-07-30T01:00:00+00:00,1785373200000,2534424191.4573,200986516.2915,1.56,101783971.3756,99017936.6519,4.04338305763e-05
2026-07-30T02:00:00+00:00,1785376800000,2510638721.0708,332748597.9613,1.61,140720699.4942,192027898.4671,4.04338305763e-05
2026-07-30T03:00:00+00:00,1785380400000,2502897268.44,157579552.9206,1.55,88707911.4517,68871609.3633,4.04338305763e-05
2026-07-30T04:00:00+00:00,1785384000000,2526017065.987,127773690.9097,1.54,48352495.3844,79421195.5253,4.04338305763e-05
2026-07-30T05:00:00+00:00,1785387600000,2524525963.0832,104781471.0679,1.54,51647362.2903,53103984.9189,4.04338305763e-05
2026-07-30T06:00:00+00:00,1785391200000,2530703951.5117,146304031.2856,1.57,71935486.3626,74143795.378,4.04338305763e-05
2026-07-30T07:00:00+00:00,1785394800000,2531971960.7925,81416375.151,1.58,36191330.9195,45225044.2315,4.04338305763e-05
2026-07-30T08:00:00+00:00,1785398400000,2530573167.6077,107991241.7726,1.58,44988381.0314,63002860.7412,9.62099627254e-05
2026-07-30T09:00:00+00:00,1785402000000,2532855485.2054,142198195.9962,1.56,64922686.8364,77274089.4232,9.62099627254e-05
2026-07-30T10:00:00+00:00,1785405600000,2550376482.5185,328931893.6856,1.48,149713956.9983,179217936.6874,9.62099627254e-05
2026-07-30T11:00:00+00:00,1785409200000,2567376838.16,125708193.0403,1.4,69891526.7831,55816666.2571,9.62099627254e-05
2026-07-30T12:00:00+00:00,1785412800000,2574383957.6121,311161318.0186,1.39,114998095.9322,196163222.0864,9.62099627254e-05
2026-07-30T13:00:00+00:00,1785416400000,2582383100.0468,346592214.5141,1.34,156420847.3965,190171367.1177,9.62099627254e-05
2026-07-30T14:00:00+00:00,1785420000000,2576819565.0867,515652241.2708,1.35,256572364.6023,258989452.9156,9.62099627254e-05
2026-07-30T15:00:00+00:00,1785423600000,2570285866.7191,349902763.523,1.31,183573005.3873,166229994.9189,9.62099627254e-05
2026-07-30T16:00:00+00:00,1785427200000,2564097786.3379,154453427.5283,1.27,68795088.6471,85645267.2981,6.54209108987e-05
2026-07-30T17:00:00+00:00,1785430800000,2572422870.6854,122988845.7183,1.26,56808345.447,66180500.2713,6.54209108987e-05
2026-07-30T18:00:00+00:00,1785434400000,2603606942.4809,117341169.0112,1.25,53107996.4983,64233172.5129,6.54209108987e-05
2026-07-30T19:00:00+00:00,1785438000000,2599300283.3684,57320947.6019,1.24,29027599.8162,28293347.7857,6.54209108987e-05
2026-07-30T20:00:00+00:00,1785441600000,2603632062.4797,85028461.4919,1.24,38064521.9625,46963356.6615,6.54209108987e-05
2026-07-30T21:00:00+00:00,1785445200000,2592035057.9359,101133281.3794,1.25,44656785.9188,56455372.2236,6.54209108987e-05
2026-07-30T22:00:00+00:00,1785448800000,2581793165.743,65698603.0343,1.28,29194486.3899,36504116.6445,6.54209108987e-05
2026-07-30T23:00:00+00:00,1785452400000,2587601753.0264,131247364.2786,1.28,63421271.5906,67826092.688,6.54209108987e-05
2026-07-31T00:00:00+00:00,1785456000000,2592330413.2814,164663126.902,1.29,86678545.0062,77981984.1598,8.3718938775e-05
2026-07-31T01:00:00+00:00,1785459600000,2588875832.9846,117183723.3767,1.28,57072367.1193,60077327.049,8.3718938775e-05
2026-07-31T02:00:00+00:00,1785463200000,2551468607.797,820386444.3375,1.35,351095428.9628,467948446.5762,8.3718938775e-05
2026-07-31T03:00:00+00:00,1785466800000,2552225817.2306,405053277.2592,1.39,214029403.8898,190202093.425,8.3718938775e-05
2026-07-31T04:00:00+00:00,1785470400000,2560358345.0113,180602503.7073,1.41,77922992.7808,102608928.6583,8.3718938775e-05
2026-07-31T05:00:00+00:00,1785474000000,2557787531.4493,103461032.8347,1.42,50959981.3726,52501051.462,8.3718938775e-05
2026-07-31T06:00:00+00:00,1785477600000,2558946712.0928,95385692.7107,1.43,45485703.9081,49888923.3371,8.3718938775e-05
2026-07-31T07:00:00+00:00,1785481200000,2570455801.8608,154989053.3163,1.44,67049750.9077,87938015.3066,8.3718938775e-05
2026-07-31T08:00:00+00:00,1785484800000,2539045991.7661,522129439.3584,1.48,282694324.3551,237337280.5898,6.14627349266e-05
2026-07-31T09:00:00+00:00,1785488400000,2525303696.6653,214863473.4557,1.58,105511157.9272,109314472.9749,6.14627349266e-05
2026-07-31T10:00:00+00:00,1785492000000,2524422975.717,250723877.9002,1.57,131908783.4765,118221916.9982,6.14627349266e-05
2026-07-31T11:00:00+00:00,1785495600000,2554392134.5613,241639154.1525,1.66,87600711.3352,153711530.6123,6.14627349266e-05
2026-07-31T12:00:00+00:00,1785499200000,2559053772.4524,140955529.7306,1.7,80130874.16,60821135.3398,6.14627349266e-05
2026-07-31T13:00:00+00:00,1785502800000,2562951521.035,154246686.8758,1.73,79475929.8513,74766360.3159,6.14627349266e-05
2026-07-31T14:00:00+00:00,1785506400000,2579618901.3174,609205843.3416,1.73,363756579.6753,242528068.3894,6.14627349266e-05
2026-07-31T15:00:00+00:00,1785510000000,2566698155.3147,1496197962.827,2.02,730015523.9948,749766065.9375,6.14627349266e-05
2026-07-31T16:00:00+00:00,1785513600000,2685747889.1426,308485094.5133,2.08,160957748.5048,147506540.9121,8.52982373885e-05
2026-07-31T17:00:00+00:00,1785517200000,2690872602.2391,205460633.5421,2.12,98049409.7316,107411223.8104,8.52982373885e-05
2026-07-31T18:00:00+00:00,1785520800000,2598806697.2421,266342317.6046,2.15,126620446.984,139721870.6206,8.52982373885e-05
2026-07-31T19:00:00+00:00,1785524400000,2584764732.8239,171563942.0742,2.1,105640998.0292,65922944.045,8.52982373885e-05
2026-07-31T20:00:00+00:00,1785528000000,2583905183.4828,101689942.7254,2.08,52531192.7186,49031528.2909,8.52982373885e-05
2026-07-31T21:00:00+00:00,1785531600000,2578325587.3242,88474717.0192,2.08,51021211.961,37431606.0161,8.52982373885e-05
2026-07-31T22:00:00+00:00,1785535200000,2575584324.3531,82306455.82,2.09,45877265.0799,36389499.0133,8.52982373885e-05
