time,deal,order,position,symbol,type,entry,volume,price,profit,commission,fee,swap,magic,comment
2026-07-30T12:16:07,2479829433,3024562076,3024562076,BTCUSDm,BUY,IN,0.01,64923.39,0.0,0.0,0.0,0.0,990909,fee test
2026-07-30T12:16:09,2479829589,3024562271,3024562076,BTCUSDm,SELL,OUT,0.01,64899.44,-0.24,0.0,0.0,0.0,990909,fee test close
2026-07-30T12:17:42,2479835027,3024569407,3024569407,BTCUSDm,BUY,IN,0.01,64847.200000000004,0.0,0.0,0.0,0.0,990910,feeN
2026-07-30T12:17:43,2479835043,3024569453,3024569407,BTCUSDm,SELL,OUT,0.01,64837.200000000004,-0.1,0.0,0.0,0.0,990910,feeN close
2026-07-30T12:17:45,2479835081,3024569523,3024569523,BTCUSDm,BUY,IN,0.01,64845.05,0.0,0.0,0.0,0.0,990910,feeN
2026-07-30T12:17:46,2479835116,3024569560,3024569523,BTCUSDm,SELL,OUT,0.01,64826.82,-0.18,0.0,0.0,0.0,990910,feeN close
2026-07-30T12:17:48,2479835238,3024569709,3024569709,BTCUSDm,BUY,IN,0.01,64836.4,0.0,0.0,0.0,0.0,990910,feeN
2026-07-30T12:17:49,2479835272,3024569765,3024569709,BTCUSDm,SELL,OUT,0.01,64825.99,-0.1,0.0,0.0,0.0,990910,feeN close
2026-07-30T12:17:50,2479835353,3024569879,3024569879,BTCUSDm,BUY,IN,0.01,64836.4,0.0,0.0,0.0,0.0,990910,feeN
2026-07-30T12:17:51,2479835410,3024569950,3024569879,BTCUSDm,SELL,OUT,0.01,64827.200000000004,-0.09,0.0,0.0,0.0,990910,feeN close
2026-07-30T12:17:52,2479835480,3024570040,3024570040,BTCUSDm,BUY,IN,0.01,64836.770000000004,0.0,0.0,0.0,0.0,990910,feeN
2026-07-30T12:17:53,2479835500,3024570073,3024570040,BTCUSDm,SELL,OUT,0.01,64828.270000000004,-0.09,0.0,0.0,0.0,990910,feeN close
2026-07-30T12:17:54,2479836255,3024570494,3024570494,BTCUSDm,BUY,IN,0.01,64841.9,0.0,0.0,0.0,0.0,990910,feeN
2026-07-30T12:17:55,2479836591,3024571093,3024570494,BTCUSDm,SELL,OUT,0.01,64832.630000000005,-0.09,0.0,0.0,0.0,990910,feeN close
2026-07-30T12:17:56,2479836706,3024571248,3024571248,BTCUSDm,BUY,IN,0.01,64838.91,0.0,0.0,0.0,0.0,990910,feeN
2026-07-30T12:17:57,2479836748,3024571303,3024571248,BTCUSDm,SELL,OUT,0.01,64828.91,-0.1,0.0,0.0,0.0,990910,feeN close
2026-07-30T12:17:58,2479836865,3024571438,3024571438,BTCUSDm,BUY,IN,0.01,64838.9,0.0,0.0,0.0,0.0,990910,feeN
2026-07-30T12:17:58,2479836915,3024571518,3024571438,BTCUSDm,SELL,OUT,0.01,64828.9,-0.1,0.0,0.0,0.0,990910,feeN close
2026-07-30T12:18:00,2479837002,3024571633,3024571633,BTCUSDm,BUY,IN,0.01,64838.89,0.0,0.0,0.0,0.0,990910,feeN
2026-07-30T12:18:00,2479837064,3024571725,3024571633,BTCUSDm,SELL,OUT,0.01,64828.9,-0.1,0.0,0.0,0.0,990910,feeN close
2026-07-30T12:18:02,2479837195,3024571917,3024571917,BTCUSDm,BUY,IN,0.01,64836.090000000004,0.0,0.0,0.0,0.0,990910,feeN
2026-07-30T12:18:02,2479837248,3024571972,3024571917,BTCUSDm,SELL,OUT,0.01,64826.090000000004,-0.1,0.0,0.0,0.0,990910,feeN close
2026-07-30T12:18:04,2479837306,3024572054,3024572054,BTCUSDm,BUY,IN,0.01,64830.41,0.0,0.0,0.0,0.0,990910,feeN
2026-07-30T12:18:05,2479837343,3024572108,3024572054,BTCUSDm,SELL,OUT,0.01,64820.41,-0.1,0.0,0.0,0.0,990910,feeN close
2026-07-30T12:18:06,2479837420,3024572233,3024572233,BTCUSDm,BUY,IN,0.01,64828.1,0.0,0.0,0.0,0.0,990910,feeN
2026-07-30T12:18:06,2479837451,3024572278,3024572233,BTCUSDm,SELL,OUT,0.01,64818.1,-0.1,0.0,0.0,0.0,990910,feeN close
2026-07-30T17:21:29,2481962774,3026790764,3026790764,BTCUSDm,BUY,IN,0.01,64847.28,0.0,0.0,0.0,0.0,0,
2026-07-30T18:16:19,2482175871,3027011004,3026790764,BTCUSDm,SELL,OUT,0.01,64726.26,-1.21,0.0,0.0,0.0,0,KL-close
2026-07-30T19:03:37,2482309568,3027083591,3027083591,BTCUSDm,SELL,IN,0.01,64697.0,0.0,0.0,0.0,0.0,0,KL-auto
2026-07-30T19:06:55,2482321989,3027165613,3027083591,BTCUSDm,BUY,OUT,0.01,64763.15,-0.66,0.0,0.0,0.0,0,[sl 64762.00]
2026-07-30T19:50:42,2482473779,3027323289,3027323289,BTCUSDm,SELL,IN,0.01,64751.9,0.0,0.0,0.0,0.0,0,KL-auto
2026-07-30T19:51:40,2482475968,3027330796,3027323289,BTCUSDm,BUY,OUT,0.01,64802.72,-0.51,0.0,0.0,0.0,0,KL-close
2026-07-30T19:59:09,2482500106,3027350848,3027350848,BTCUSDm,SELL,IN,0.01,64751.9,0.0,0.0,0.0,0.0,0,KL-auto
2026-07-30T20:01:54,2482512804,0,3027350848,BTCUSDm,BUY,OUT,0.01,64870.0,-1.18,0.0,0.0,0.0,0,[sl 64870.00000]
2026-07-30T22:00:18,2482695796,3027541590,3027541590,BTCUSDm,BUY,IN,0.01,64625.0,0.0,0.0,0.0,0.0,0,KL-auto
2026-07-30T22:07:46,2482712437,0,3027541590,BTCUSDm,SELL,OUT,0.01,64820.0,1.95,0.0,0.0,0.0,0,[tp 64820.00000]
2026-07-30T23:50:51,2482869434,3027600123,3027600123,BTCUSDm,BUY,IN,0.01,64720.38,0.0,0.0,0.0,0.0,0,KL-auto
2026-07-31T00:52:05,2482983473,3027931536,3027600123,BTCUSDm,SELL,OUT,0.01,64661.42,-0.59,0.0,0.0,0.0,0,KL-close
2026-07-31T06:29:36,2483541322,3028590824,3028590824,BTCUSDm,SELL,IN,0.01,64355.06,0.0,0.0,0.0,0.0,0,KL-auto
2026-07-31T06:32:41,2483550278,0,3028590824,BTCUSDm,BUY,OUT,0.01,64434.78,-0.8,0.0,0.0,0.0,0,[sl 64430.06000]
2026-07-31T10:33:42,2484408441,3029584729,3029584729,BTCUSDm,SELL,IN,0.01,63780.0,0.0,0.0,0.0,0.0,0,KL-auto
2026-07-31T10:52:12,2484461539,0,3029584729,BTCUSDm,BUY,OUT,0.01,63866.28,-0.86,0.0,0.0,0.0,0,[sl 63865.00000]
2026-07-31T11:33:36,2484623155,3029753881,3029753881,BTCUSDm,BUY,IN,0.01,63807.16,0.0,0.0,0.0,0.0,0,KL-auto
2026-07-31T12:04:17,2484734569,0,3029753881,BTCUSDm,SELL,OUT,0.01,63695.96,-1.11,0.0,0.0,0.0,0,[sl 63698.00000]
2026-07-31T13:38:24,2485286116,3030511807,3030511807,BTCUSDm,BUY,IN,0.01,63541.45,0.0,0.0,0.0,0.0,0,KL-auto
2026-07-31T13:41:56,2485320239,0,3030511807,BTCUSDm,SELL,OUT,0.01,63430.520000000004,-1.1,0.0,0.0,0.0,0,[sl 63445.00000]
2026-07-31T15:37:48,2486003015,3031306654,3031306654,BTCUSDm,SELL,IN,0.01,62626.64,0.0,0.0,0.0,0.0,0,KL-auto
2026-07-31T16:08:53,2486133358,0,3031306654,BTCUSDm,BUY,OUT,0.01,62770.0,-1.43,0.0,0.0,0.0,0,[sl 62770.00000]
2026-07-31T18:29:17,2486557833,3031888392,3031888392,BTCUSDm,BUY,IN,0.01,62997.84,0.0,0.0,0.0,0.0,0,KL-auto
2026-07-31T18:38:20,2486575576,0,3031888392,BTCUSDm,SELL,OUT,0.01,62928.69,-0.69,0.0,0.0,0.0,0,[sl 62929.84000]
2026-07-31T18:45:14,2486585672,3031946049,3031946049,BTCUSDm,SELL,IN,0.01,62975.68,0.0,0.0,0.0,0.0,0,KL-auto
2026-07-31T18:49:04,2486591729,3031965073,3031946049,BTCUSDm,BUY,OUT,0.01,63051.020000000004,-0.75,0.0,0.0,0.0,0,[sl 63050.00]
2026-07-31T18:50:55,2486594342,3031966287,3031966287,BTCUSDm,SELL,IN,0.01,63030.35,0.0,0.0,0.0,0.0,0,KL-auto
2026-07-31T18:53:14,2486598810,3031974002,3031966287,BTCUSDm,BUY,OUT,0.01,63098.83,-0.69,0.0,0.0,0.0,0,[sl 63090.35]
2026-07-31T18:57:40,2486604564,3031975506,3031975506,BTCUSDm,BUY,IN,0.01,63040.35,0.0,0.0,0.0,0.0,0,KL-auto
2026-07-31T19:04:14,2486617824,0,3031975506,BTCUSDm,SELL,OUT,0.01,62980.35,-0.6,0.0,0.0,0.0,0,[sl 62980.35000]
2026-07-31T19:05:22,2486619707,3031999878,3031999878,BTCUSDm,BUY,IN,0.01,62963.12,0.0,0.0,0.0,0.0,0,KL-auto
2026-07-31T19:36:10,2486664015,0,3031999878,BTCUSDm,SELL,OUT,0.01,62880.35,-0.83,0.0,0.0,0.0,0,[sl 62888.75000]
2026-07-31T19:37:04,2486665148,3032059833,3032059833,BTCUSDm,BUY,IN,0.01,62898.75,0.0,0.0,0.0,0.0,0,KL-auto
2026-07-31T19:47:01,2486681079,0,3032059833,BTCUSDm,SELL,OUT,0.01,62982.15,0.83,0.0,0.0,0.0,0,[tp 62982.15000]
2026-07-31T19:48:02,2486682498,3032081330,3032081330,BTCUSDm,BUY,IN,0.01,62971.48,0.0,0.0,0.0,0.0,0,KL-auto
2026-07-31T19:59:08,2486700328,0,3032081330,BTCUSDm,SELL,OUT,0.01,62904.0,-0.67,0.0,0.0,0.0,0,[sl 62904.00000]
2026-07-31T19:59:51,2486701281,3032105672,3032105672,BTCUSDm,BUY,IN,0.01,62898.75,0.0,0.0,0.0,0.0,0,KL-auto
2026-07-31T21:02:20,2486799654,0,3032105672,BTCUSDm,SELL,OUT,0.01,62831.47,-0.68,0.0,0.0,0.0,0,[sl 62843.55000]
2026-08-01T04:49:16,2486905258,3032322328,3032322328,BTCUSDm,SELL,IN,0.01,63005.0,0.0,0.0,0.0,0.0,0,KL-auto
2026-08-01T05:09:24,2486910873,0,3032322328,BTCUSDm,BUY,OUT,0.01,63059.37,-0.54,0.0,0.0,0.0,0,[sl 63058.00000]
2026-08-01T14:59:49,2487147126,3032554661,3032554661,BTCUSDm,SELL,IN,0.01,63056.0,0.0,0.0,0.0,0.0,0,KL-auto
2026-08-01T15:19:11,2487155048,0,3032554661,BTCUSDm,BUY,OUT,0.01,63017.0,0.39,0.0,0.0,0.0,0,[tp 63017.00000]
2026-08-01T15:26:22,2487157364,3032581047,3032581047,BTCUSDm,BUY,IN,0.01,63006.0,0.0,0.0,0.0,0.0,0,KL-auto
2026-08-01T15:48:59,2487166726,0,3032581047,BTCUSDm,SELL,OUT,0.01,62977.28,-0.29,0.0,0.0,0.0,0,[sl 62978.00000]
2026-08-01T16:04:50,2487188119,3032610473,3032610473,BTCUSDm,BUY,IN,0.01,62925.63,0.0,0.0,0.0,0.0,0,KL-auto
2026-08-01T16:06:09,2487188604,0,3032610473,BTCUSDm,SELL,OUT,0.01,62892.49,-0.34,0.0,0.0,0.0,0,[sl 62892.83000]
2026-08-01T18:03:33,2487303404,3032722239,3032722239,BTCUSDm,BUY,IN,0.05,62600.28,0.0,0.0,0.0,0.0,0,KL-auto
2026-08-01T18:03:52,2487304091,3032723382,3032722239,BTCUSDm,SELL,OUT,0.05,62549.32,-2.54,0.0,0.0,0.0,0,[sl 62560.28]
2026-08-01T19:19:33,2487411957,3032829322,3032829322,BTCUSDm,BUY,IN,0.05,62537.33,0.0,0.0,0.0,0.0,0,KL-auto
2026-08-01T19:20:54,2487412895,3032830318,3032829322,BTCUSDm,SELL,OUT,0.05,62495.62,-2.09,0.0,0.0,0.0,0,[sl 62497.33]
2026-08-01T19:22:06,2487413926,3032830769,3032830769,BTCUSDm,BUY,IN,0.05,62463.63,0.0,0.0,0.0,0.0,0,KL-auto
2026-08-01T19:27:14,2487420451,0,3032830769,BTCUSDm,SELL,OUT,0.05,62483.63,1.0,0.0,0.0,0.0,0,[tp 62483.63000]
2026-08-01T19:33:43,2487425885,3032838295,3032838295,BTCUSDm,BUY,IN,0.05,62463.63,0.0,0.0,0.0,0.0,0,KL-auto
2026-08-01T19:34:07,2487426590,0,3032838295,BTCUSDm,SELL,OUT,0.05,62483.63,1.0,0.0,0.0,0.0,0,[tp 62483.63000]
2026-08-01T19:37:24,2487429161,3032844367,3032844367,BTCUSDm,BUY,IN,0.05,62435.15,0.0,0.0,0.0,0.0,0,KL-auto
2026-08-01T19:38:57,2487431064,0,3032844367,BTCUSDm,SELL,OUT,0.05,62395.07,-2.01,0.0,0.0,0.0,0,[sl 62395.15000]
2026-08-01T19:40:02,2487432322,3032848479,3032848479,BTCUSDm,SELL,IN,0.05,62425.15,0.0,0.0,0.0,0.0,0,KL-auto
2026-08-01T19:49:40,2487439882,3032856709,3032848479,BTCUSDm,BUY,OUT,0.05,62469.19,-2.2,0.0,0.0,0.0,0,[sl 62465.15]
2026-08-02T00:03:41,2487584278,3032949438,3032949438,BTCUSDm,SELL,IN,0.05,62819.96,0.0,0.0,0.0,0.0,0,KL-auto
2026-08-02T00:09:54,2487590343,0,3032949438,BTCUSDm,BUY,OUT,0.05,62865.37,-2.27,0.0,0.0,0.0,0,[sl 62859.96000]
2026-08-02T00:34:52,2487605560,3033020716,3033020716,BTCUSDm,BUY,IN,0.05,62829.96,0.0,0.0,0.0,0.0,0,KL-auto
2026-08-02T00:37:46,2487606355,3033021781,3033020716,BTCUSDm,SELL,OUT,0.05,62787.48,-2.13,0.0,0.0,0.0,0,[sl 62789.96]
2026-08-02T04:20:30,2487692415,3033107491,3033107491,BTCUSDm,SELL,IN,0.05,63488.13,0.0,0.0,0.0,0.0,0,KL-auto
2026-08-02T04:56:31,2487700434,0,3033107491,BTCUSDm,BUY,OUT,0.05,63529.53,-2.07,0.0,0.0,0.0,0,[sl 63508.13000]
2026-08-02T05:15:19,2487705557,3033124262,3033124262,BTCUSDm,BUY,IN,0.05,63398.0,0.0,0.0,0.0,0.0,0,KL-auto
2026-08-02T05:15:31,2487705767,3033125074,3033124262,BTCUSDm,SELL,OUT,0.05,63376.14,-1.09,0.0,0.0,0.0,0,[sl 63378.00]
2026-08-02T05:32:18,2487710871,3033126564,3033126564,BTCUSDm,BUY,IN,0.05,63398.77,0.0,0.0,0.0,0.0,0,KL-auto
2026-08-02T05:35:18,2487711996,0,3033126564,BTCUSDm,SELL,OUT,0.05,63365.200000000004,-1.6800000000000002,0.0,0.0,0.0,0,[sl 63378.77000]
2026-08-02T06:31:03,2487728379,3033132343,3033132343,BTCUSDm,SELL,IN,0.05,63432.12,0.0,0.0,0.0,0.0,0,KL-auto
2026-08-02T06:31:27,2487728503,3033149243,3033132343,BTCUSDm,BUY,OUT,0.05,63392.12,2.0,0.0,0.0,0.0,0,[tp 63392.12]
2026-08-02T06:44:49,2487738785,3033150722,3033150722,BTCUSDm,SELL,IN,0.05,63427.38,0.0,0.0,0.0,0.0,0,KL-auto
2026-08-02T07:37:50,2487759884,0,3033150722,BTCUSDm,BUY,OUT,0.05,63448.18,-1.04,0.0,0.0,0.0,0,[sl 63447.38000]
2026-08-02T07:38:28,2487760582,3033182063,3033182063,BTCUSDm,SELL,IN,0.05,63438.25,0.0,0.0,0.0,0.0,0,KL-auto
2026-08-02T07:38:35,2487760968,3033182505,3033182063,BTCUSDm,BUY,OUT,0.05,63458.270000000004,-1.0,0.0,0.0,0.0,0,[sl 63458.25]
2026-08-02T08:04:13,2487772439,3033192995,3033192995,BTCUSDm,SELL,IN,0.05,63438.25,0.0,0.0,0.0,0.0,0,KL-auto
2026-08-02T08:04:24,2487772518,0,3033192995,BTCUSDm,BUY,OUT,0.05,63458.74,-1.03,0.0,0.0,0.0,0,[sl 63458.25000]
2026-08-02T10:23:11,2487885559,3033288081,3033288081,BTCUSDm,BUY,IN,0.05,63107.05,0.0,0.0,0.0,0.0,0,KL-auto
2026-08-02T10:23:11,2487885684,0,3033288081,BTCUSDm,SELL,OUT,0.05,63081.36,-1.28,0.0,0.0,0.0,0,[sl 63087.05000]
2026-08-02T12:22:37,2487988266,3033398617,3033398617,BTCUSDm,SELL,IN,0.05,63141.56,0.0,0.0,0.0,0.0,0,KL-auto
2026-08-02T12:23:03,2487988848,0,3033398617,BTCUSDm,BUY,OUT,0.05,63161.58,-1.0,0.0,0.0,0.0,0,[sl 63161.56000]
2026-08-02T13:46:28,2488062918,3033460510,3033460510,BTCUSDm,SELL,IN,0.05,63043.0,0.0,0.0,0.0,0.0,0,KL-auto
2026-08-02T13:46:57,2488063297,0,3033460510,BTCUSDm,BUY,OUT,0.05,63063.03,-1.0,0.0,0.0,0.0,0,[sl 63063.00000]
2026-08-02T13:47:45,2488064147,3033477827,3033477827,BTCUSDm,SELL,IN,0.05,63043.0,0.0,0.0,0.0,0.0,0,KL-auto
2026-08-02T13:48:10,2488064529,0,3033477827,BTCUSDm,BUY,OUT,0.05,63068.51,-1.28,0.0,0.0,0.0,0,[sl 63063.00000]
2026-08-02T14:16:57,2488086211,3033499880,3033499880,BTCUSDm,SELL,IN,0.05,63043.0,0.0,0.0,0.0,0.0,0,KL-auto
2026-08-02T14:16:58,2488086230,3033500070,3033499880,BTCUSDm,BUY,OUT,0.05,63064.44,-1.07,0.0,0.0,0.0,0,[sl 63063.00]
2026-08-02T16:12:06,2488173398,3033583569,3033583569,BTCUSDm,BUY,IN,0.01,63039.68,0.0,0.0,0.0,0.0,0,KL-auto
2026-08-02T16:15:37,2488176465,3033589059,3033583569,BTCUSDm,SELL,OUT,0.01,63018.39,-0.22,0.0,0.0,0.0,0,[sl 63019.68]
2026-08-02T16:32:07,2488186062,3033590006,3033590006,BTCUSDm,SELL,IN,0.01,63074.98,0.0,0.0,0.0,0.0,0,KL-auto
2026-08-02T16:32:16,2488186476,3033598826,3033590006,BTCUSDm,BUY,OUT,0.01,63095.94,-0.21,0.0,0.0,0.0,0,[sl 63094.98]
2026-08-02T16:42:06,2488198021,3033600251,3033600251,BTCUSDm,SELL,IN,0.01,63175.03,0.0,0.0,0.0,0.0,0,KL-auto
2026-08-02T16:42:06,2488198725,3033610341,3033600251,BTCUSDm,BUY,OUT,0.01,63196.54,-0.22,0.0,0.0,0.0,0,[sl 63195.03]
2026-08-02T17:24:30,2488234014,3033618550,3033618550,BTCUSDm,SELL,IN,0.01,63175.03,0.0,0.0,0.0,0.0,0,KL-auto
2026-08-02T17:24:46,2488234241,3033645955,3033618550,BTCUSDm,BUY,OUT,0.01,63195.65,-0.21,0.0,0.0,0.0,0,[sl 63195.03]
2026-08-02T18:35:31,2488290183,3033692029,3033692029,BTCUSDm,SELL,IN,0.01,63276.34,0.0,0.0,0.0,0.0,0,KL-auto
2026-08-02T18:36:03,2488291640,3033701892,3033692029,BTCUSDm,BUY,OUT,0.01,63307.71,-0.32,0.0,0.0,0.0,0,[sl 63296.34]
2026-08-02T19:13:04,2488343022,3033750760,3033750760,BTCUSDm,BUY,IN,0.01,63286.34,0.0,0.0,0.0,0.0,0,KL-auto
2026-08-02T19:13:31,2488343494,0,3033750760,BTCUSDm,SELL,OUT,0.01,63265.39,-0.21,0.0,0.0,0.0,0,[sl 63266.34000]
2026-08-02T19:42:11,2488357594,3033765694,3033765694,BTCUSDm,SELL,IN,0.01,63301.91,0.0,0.0,0.0,0.0,0,KL-auto
2026-08-02T19:44:26,2488358623,0,3033765694,BTCUSDm,BUY,OUT,0.01,63323.810000000005,-0.22,0.0,0.0,0.0,0,[sl 63321.91000]
2026-08-02T20:16:38,2488383495,3033782415,3033782415,BTCUSDm,SELL,IN,0.01,63405.09,0.0,0.0,0.0,0.0,0,KL-auto
2026-08-02T20:16:41,2488383704,3033791162,3033782415,BTCUSDm,BUY,OUT,0.01,63429.67,-0.25,0.0,0.0,0.0,0,[sl 63425.09]
2026-08-02T20:26:40,2488392304,3033799553,3033799553,BTCUSDm,BUY,IN,0.01,63344.06,0.0,0.0,0.0,0.0,0,KL-auto
2026-08-02T20:26:57,2488392598,0,3033799553,BTCUSDm,SELL,OUT,0.01,63323.21,-0.21,0.0,0.0,0.0,0,[sl 63324.06000]
2026-08-02T23:07:12,2488711195,3034220207,3034220207,BTCUSDm,BUY,IN,0.01,63301.25,0.0,0.0,0.0,0.0,0,KL-auto
2026-08-02T23:08:19,2488713438,3034223661,3034220207,BTCUSDm,SELL,OUT,0.01,63279.39,-0.22,0.0,0.0,0.0,0,[sl 63281.25]
2026-08-02T23:31:39,2488781263,3034294887,3034294887,BTCUSDm,SELL,IN,0.01,63481.28,0.0,0.0,0.0,0.0,0,KL-auto
2026-08-02T23:33:56,2488787567,0,3034294887,BTCUSDm,BUY,OUT,0.01,63506.53,-0.26,0.0,0.0,0.0,0,[sl 63501.28000]
2026-08-03T20:20:09,2493099413,3038789789,3038789789,BTCUSDm,SELL,IN,0.01,63923.37,0.0,0.0,0.0,0.0,0,KL-auto
2026-08-03T20:20:10,2493099446,3038914154,3038789789,BTCUSDm,BUY,OUT,0.01,63943.700000000004,-0.21,0.0,0.0,0.0,0,[sl 63943.37]
2026-08-03T21:01:49,2493173806,3038999911,3038999911,BTCUSDm,BUY,IN,0.01,63712.65,0.0,0.0,0.0,0.0,0,KL-auto
2026-08-03T21:02:35,2493174448,0,3038999911,BTCUSDm,SELL,OUT,0.01,63688.65,-0.24,0.0,0.0,0.0,0,[sl 63692.65000]
2026-08-03T21:49:13,2493195042,3039017931,3039017931,BTCUSDm,BUY,IN,0.01,63597.33,0.0,0.0,0.0,0.0,0,KL-auto
2026-08-03T21:49:13,2493195156,3039022240,3039017931,BTCUSDm,SELL,OUT,0.01,63577.200000000004,-0.2,0.0,0.0,0.0,0,[sl 63577.33]
2026-08-03T23:37:37,2493351401,3039119876,3039119876,BTCUSDm,BUY,IN,0.01,63438.8,0.0,0.0,0.0,0.0,0,KL-auto
2026-08-03T23:37:37,2493351475,0,3039119876,BTCUSDm,SELL,OUT,0.01,63418.12,-0.21,0.0,0.0,0.0,0,[sl 63418.80000]
2026-08-04T00:15:13,2493436251,3039221733,3039221733,BTCUSDm,BUY,IN,0.01,63410.13,0.0,0.0,0.0,0.0,0,KL-auto
2026-08-04T00:15:43,2493437399,3039290246,3039221733,BTCUSDm,SELL,OUT,0.01,63387.5,-0.22,0.0,0.0,0.0,0,[sl 63390.13]
2026-08-04T00:34:01,2493468176,3039297691,3039297691,BTCUSDm,BUY,IN,0.01,63330.41,0.0,0.0,0.0,0.0,0,KL-auto
2026-08-04T00:35:03,2493469022,0,3039297691,BTCUSDm,SELL,OUT,0.01,63305.51,-0.24,0.0,0.0,0.0,0,[sl 63310.41000]
2026-08-04T14:06:04,2496271811,3042258173,3042258173,BTCUSDm,BUY,IN,0.01,63777.05,0.0,0.0,0.0,0.0,770404,KL-renko-rev
2026-08-04T14:09:26,2496291800,0,3042258173,BTCUSDm,SELL,OUT,0.01,63627.590000000004,-1.49,0.0,0.0,0.0,770404,[sl 63628.45000]
2026-08-04T14:09:46,2496293453,3042279850,3042279850,BTCUSDm,SELL,IN,0.01,63671.92,0.0,0.0,0.0,0.0,770404,KL-renko-rev
2026-08-04T14:27:10,2496381793,0,3042279850,BTCUSDm,BUY,OUT,0.01,63827.0,-1.55,0.0,0.0,0.0,770404,[sl 63823.24000]
2026-08-04T14:27:16,2496382294,3042370357,3042370357,BTCUSDm,BUY,IN,0.01,63816.78,0.0,0.0,0.0,0.0,770404,KL-renko-rev
2026-08-04T14:40:18,2496473018,0,3042370357,BTCUSDm,SELL,OUT,0.01,64067.87,2.51,0.0,0.0,0.0,770404,[tp 64067.87000]
2026-08-04T15:19:05,2496640735,3042636772,3042636772,BTCUSDm,SELL,IN,0.01,63951.07,0.0,0.0,0.0,0.0,770404,KL-renko-rev
2026-08-04T15:46:03,2496766495,0,3042636772,BTCUSDm,BUY,OUT,0.01,64107.17,-1.56,0.0,0.0,0.0,770404,[sl 64101.77000]
2026-08-04T15:46:13,2496767738,3042767042,3042767042,BTCUSDm,BUY,IN,0.01,64112.51,0.0,0.0,0.0,0.0,770404,KL-renko-rev
2026-08-04T16:05:32,2496856693,0,3042767042,BTCUSDm,SELL,OUT,0.01,63953.76,-1.5899999999999999,0.0,0.0,0.0,770404,[sl 63953.76000]
2026-08-04T16:07:20,2496866324,3042868780,3042868780,BTCUSDm,SELL,IN,0.01,63973.37,0.0,0.0,0.0,0.0,770404,KL-renko-rev
2026-08-04T17:08:35,2497131698,3043140026,3042868780,BTCUSDm,BUY,OUT,0.01,64119.04,-1.46,0.0,0.0,0.0,770404,[sl 64119.04]
2026-08-04T17:08:49,2497132524,3043140945,3043140945,BTCUSDm,BUY,IN,0.01,64097.04,0.0,0.0,0.0,0.0,770404,KL-renko-rev
2026-08-04T17:49:31,2497290646,0,3043140945,BTCUSDm,SELL,OUT,0.01,63944.21,-1.53,0.0,0.0,0.0,770404,[sl 63947.04000]
2026-08-04T17:52:18,2497303326,3043316806,3043316806,BTCUSDm,SELL,IN,0.01,63878.97,0.0,0.0,0.0,0.0,770404,KL-renko-rev
2026-08-04T18:02:09,2497349206,0,3043316806,BTCUSDm,BUY,OUT,0.01,64019.32,-1.4,0.0,0.0,0.0,770404,[sl 64017.43000]
2026-08-04T18:04:01,2497356146,3043371899,3043371899,BTCUSDm,BUY,IN,0.01,64034.700000000004,0.0,0.0,0.0,0.0,770404,KL-renko-rev
2026-08-04T18:20:21,2497410609,0,3043371899,BTCUSDm,SELL,OUT,0.01,64284.7,2.5,0.0,0.0,0.0,770404,[tp 64284.70000]
2026-08-04T20:01:06,2497738271,3043773380,3043773380,BTCUSDm,SELL,IN,0.01,64157.340000000004,0.0,0.0,0.0,0.0,770404,KL-renko-rev
2026-08-04T20:40:11,2497822709,0,3043773380,BTCUSDm,BUY,OUT,0.01,64305.42,-1.48,0.0,0.0,0.0,770404,[sl 64305.42000]
2026-08-04T20:40:27,2497823241,3043874024,3043874024,BTCUSDm,BUY,IN,0.01,64296.41,0.0,0.0,0.0,0.0,770404,KL-renko-rev
2026-08-04T21:14:26,2497862889,3043920802,3043874024,BTCUSDm,SELL,OUT,0.01,64147.62,-1.48,0.0,0.0,0.0,770404,[sl 64147.62]
2026-08-04T21:16:06,2497864056,3043922081,3043922081,BTCUSDm,SELL,IN,0.01,64174.950000000004,0.0,0.0,0.0,0.0,770404,KL-renko-rev
2026-08-04T23:08:10,2498032365,3044110931,3044110931,BTCUSDm,BUY,IN,0.01,64293.700000000004,0.0,0.0,0.0,0.0,770405,KL-recov
2026-08-04T23:08:27,2498033072,0,3043922081,BTCUSDm,BUY,OUT,0.01,64325.340000000004,-1.5,0.0,0.0,0.0,770404,[sl 64324.38000]
2026-08-04T23:09:10,2498036595,3044114844,3044114844,BTCUSDm,BUY,IN,0.01,64390.71,0.0,0.0,0.0,0.0,770404,KL-renko-rev
2026-08-04T23:26:53,2498084793,0,3044114844,BTCUSDm,SELL,OUT,0.01,64240.71,-1.5,0.0,0.0,0.0,770404,[sl 64240.71000]
2026-08-04T23:27:14,2498085497,3044165050,3044165050,BTCUSDm,SELL,IN,0.01,64231.87,0.0,0.0,0.0,0.0,770404,KL-renko-rev
2026-08-04T23:29:36,2498091562,3044171323,3044171323,BTCUSDm,SELL,IN,0.01,64140.5,0.0,0.0,0.0,0.0,770405,KL-recov
2026-08-05T00:05:46,2498148988,0,3044165050,BTCUSDm,BUY,OUT,0.01,63986.14,2.46,0.0,0.0,0.0,770404,[tp 63986.14000]
2026-08-05T01:31:19,2498323305,3044413122,3044413122,BTCUSDm,BUY,IN,0.01,64094.74,0.0,0.0,0.0,0.0,770404,KL-renko-rev
2026-08-05T01:31:20,2498323316,3044413137,3044413137,BTCUSDm,BUY,IN,0.01,64094.74,0.0,0.0,0.0,0.0,770405,KL-recov
2026-08-05T01:39:23,2498342845,3044433264,3044110931,BTCUSDm,SELL,OUT,0.01,64147.0,-1.47,0.0,0.0,0.0,770405,KL-recov-close
2026-08-05T01:39:23,2498342851,3044433273,3044171323,BTCUSDm,BUY,OUT,0.01,64158.65,-0.18,0.0,0.0,0.0,770405,KL-recov-close
2026-08-05T01:39:24,2498342856,3044433282,3044413137,BTCUSDm,SELL,OUT,0.01,64148.65,0.54,0.0,0.0,0.0,770405,KL-recov-close
2026-08-05T02:03:23,2498402391,0,3044413122,BTCUSDm,SELL,OUT,0.01,64343.54,2.49,0.0,0.0,0.0,770404,[tp 64343.54000]
2026-08-05T03:18:16,2498581279,3044680502,3044680502,BTCUSDm,SELL,IN,0.01,64270.21,0.0,0.0,0.0,0.0,770405,KL-recov
2026-08-05T03:18:16,2498581281,3044680504,3044680504,BTCUSDm,SELL,IN,0.01,64270.21,0.0,0.0,0.0,0.0,770404,KL-renko-rev
2026-08-05T03:29:16,2498593877,0,3044680504,BTCUSDm,BUY,OUT,0.01,64020.21,2.5,0.0,0.0,0.0,770404,[tp 64020.21000]
2026-08-05T03:29:16,2498593878,0,3044680502,BTCUSDm,BUY,OUT,0.01,64019.7,2.5,0.0,0.0,0.0,770405,[tp 64019.70000]
2026-08-05T05:03:10,2498723704,3044837712,3044837712,BTCUSDm,BUY,IN,0.01,64192.87,0.0,0.0,0.0,0.0,770405,KL-recov
2026-08-05T05:03:10,2498723732,3044837732,3044837732,BTCUSDm,BUY,IN,0.01,64192.87,0.0,0.0,0.0,0.0,770404,KL-renko-rev
2026-08-05T05:26:14,2498766460,0,3044837712,BTCUSDm,SELL,OUT,0.01,64442.85,2.5,0.0,0.0,0.0,770405,[tp 64442.85000]
2026-08-05T05:26:14,2498766465,0,3044837732,BTCUSDm,SELL,OUT,0.01,64442.87,2.5,0.0,0.0,0.0,770404,[tp 64442.87000]
2026-08-05T05:50:08,2498867723,3044986758,3044986758,BTCUSDm,SELL,IN,0.01,64259.770000000004,0.0,0.0,0.0,0.0,770405,KL-recov
2026-08-05T05:50:09,2498867761,3044986803,3044986803,BTCUSDm,SELL,IN,0.01,64261.57,0.0,0.0,0.0,0.0,770404,KL-renko-rev
2026-08-05T07:21:32,2499178657,0,3044986758,BTCUSDm,BUY,OUT,0.01,64009.77,2.5,0.0,0.0,0.0,770405,[tp 64009.77000]
2026-08-05T07:21:32,2499178659,0,3044986803,BTCUSDm,BUY,OUT,0.01,64009.77,2.52,0.0,0.0,0.0,770404,[tp 64009.77000]
2026-08-05T08:01:11,2499306625,3045458004,3045458004,BTCUSDm,BUY,IN,0.01,64139.200000000004,0.0,0.0,0.0,0.0,770404,KL-renko-rev
2026-08-05T08:01:12,2499306731,3045458107,3045458107,BTCUSDm,BUY,IN,0.01,64139.53,0.0,0.0,0.0,0.0,770405,KL-recov
2026-08-05T10:48:04,2499867193,0,3045458004,BTCUSDm,SELL,OUT,0.01,63989.75,-1.49,0.0,0.0,0.0,770404,[sl 63989.75000]
2026-08-05T10:48:08,2499867606,3046049798,3046049798,BTCUSDm,SELL,IN,0.01,63983.93,0.0,0.0,0.0,0.0,770404,KL-renko-rev
2026-08-05T10:48:14,2499868197,3046050386,3046050386,BTCUSDm,SELL,IN,0.01,63978.15,0.0,0.0,0.0,0.0,770405,KL-recov
2026-08-05T12:10:04,2500322591,0,3046049798,BTCUSDm,BUY,OUT,0.01,64133.93,-1.5,0.0,0.0,0.0,770404,[sl 64133.93000]
2026-08-05T12:17:08,2500359780,3046558670,3046558670,BTCUSDm,BUY,IN,0.01,64182.37,0.0,0.0,0.0,0.0,770405,KL-recov
2026-08-05T12:17:09,2500359900,3046558753,3046558753,BTCUSDm,BUY,IN,0.01,64180.74,0.0,0.0,0.0,0.0,770404,KL-renko-rev
2026-08-05T12:19:29,2500388423,3046587505,3045458107,BTCUSDm,SELL,OUT,0.01,64378.85,2.39,0.0,0.0,0.0,770405,KL-recov-close
2026-08-05T12:19:30,2500388519,3046587604,3046050386,BTCUSDm,BUY,OUT,0.01,64388.85,-4.11,0.0,0.0,0.0,770405,KL-recov-close
2026-08-05T12:19:31,2500388576,3046587677,3046558670,BTCUSDm,SELL,OUT,0.01,64378.29,1.96,0.0,0.0,0.0,770405,KL-recov-close
2026-08-05T12:20:39,2500400284,0,3046558753,BTCUSDm,SELL,OUT,0.01,64432.37,2.51,0.0,0.0,0.0,770404,[tp 64432.37000]
2026-08-05T12:53:18,2500632635,3046833825,3046833825,BTCUSDm,SELL,IN,0.01,64310.91,0.0,0.0,0.0,0.0,770405,KL-recov
2026-08-05T12:53:19,2500632814,3046834007,3046834007,BTCUSDm,SELL,IN,0.01,64310.91,0.0,0.0,0.0,0.0,770404,KL-renko-rev
2026-08-05T13:13:32,2500786382,0,3046833825,BTCUSDm,BUY,OUT,0.01,64059.75,2.51,0.0,0.0,0.0,770405,[tp 64059.75000]
2026-08-05T13:13:32,2500786383,0,3046834007,BTCUSDm,BUY,OUT,0.01,64060.91,2.5,0.0,0.0,0.0,770404,[tp 64060.91000]
2026-08-05T13:39:08,2500950930,3047169102,3047169102,BTCUSDm,BUY,IN,0.01,64097.67,0.0,0.0,0.0,0.0,770404,KL-renko-rev
2026-08-05T13:39:09,2500950995,3047169163,3047169163,BTCUSDm,BUY,IN,0.01,64092.44,0.0,0.0,0.0,0.0,770405,KL-recov
2026-08-05T14:05:07,2501102051,0,3047169163,BTCUSDm,SELL,OUT,0.01,64361.77,2.7,0.0,0.0,0.0,770405,[tp 64361.77000]
2026-08-05T14:05:07,2501102054,0,3047169102,BTCUSDm,SELL,OUT,0.01,64361.77,2.64,0.0,0.0,0.0,770404,[tp 64361.77000]
2026-08-05T14:25:03,2501296542,3047535532,3047535532,BTCUSDm,SELL,IN,0.01,64324.07,0.0,0.0,0.0,0.0,770404,KL-renko-rev
2026-08-05T14:25:04,2501296634,3047535623,3047535623,BTCUSDm,SELL,IN,0.01,64327.05,0.0,0.0,0.0,0.0,770405,KL-recov
2026-08-05T14:57:30,2501524131,0,3047535532,BTCUSDm,BUY,OUT,0.01,64474.8,-1.51,0.0,0.0,0.0,770404,[sl 64474.80000]
2026-08-05T15:16:04,2501670742,3047915688,3047915688,BTCUSDm,SELL,IN,0.01,64499.05,0.0,0.0,0.0,0.0,770405,KL-recov
2026-08-05T15:16:05,2501671047,3047916017,3047916017,BTCUSDm,SELL,IN,0.01,64497.15,0.0,0.0,0.0,0.0,770404,KL-renko-rev
2026-08-05T15:39:15,2501824523,0,3047916017,BTCUSDm,BUY,OUT,0.01,64649.98,-1.53,0.0,0.0,0.0,770404,[sl 64649.98000]
2026-08-05T15:40:39,2501831627,3048077717,3048077717,BTCUSDm,BUY,IN,0.01,64589.700000000004,0.0,0.0,0.0,0.0,770405,KL-recov
2026-08-05T15:41:06,2501832680,3048078845,3048078845,BTCUSDm,BUY,IN,0.01,64586.01,0.0,0.0,0.0,0.0,770404,KL-renko-rev
2026-08-05T15:45:18,2501852935,0,3048078845,BTCUSDm,SELL,OUT,0.01,64441.14,-1.45,0.0,0.0,0.0,770404,[sl 64448.38000]
2026-08-05T15:48:10,2501869965,3048116892,3048116892,BTCUSDm,SELL,IN,0.01,64483.85,0.0,0.0,0.0,0.0,770404,KL-renko-rev
2026-08-05T15:48:11,2501870050,3048117010,3048117010,BTCUSDm,SELL,IN,0.01,64482.68,0.0,0.0,0.0,0.0,770405,KL-recov
2026-08-05T15:57:22,2501940218,3048186404,3047535623,BTCUSDm,BUY,OUT,0.01,64340.9,-0.14,0.0,0.0,0.0,770405,KL-recov-close
2026-08-05T15:57:23,2501940274,3048186484,3047915688,BTCUSDm,BUY,OUT,0.01,64340.9,1.58,0.0,0.0,0.0,770405,KL-recov-close
2026-08-05T15:57:23,2501940362,3048186571,3048077717,BTCUSDm,SELL,OUT,0.01,64330.72,-2.59,0.0,0.0,0.0,770405,KL-recov-close
2026-08-05T15:57:24,2501940427,3048186635,3048117010,BTCUSDm,BUY,OUT,0.01,64339.590000000004,1.43,0.0,0.0,0.0,770405,KL-recov-close
2026-08-05T16:15:10,2502059634,3048307416,3048307416,BTCUSDm,BUY,IN,0.01,64548.98,0.0,0.0,0.0,0.0,770405,KL-recov
2026-08-05T16:21:49,2502086627,0,3048116892,BTCUSDm,BUY,OUT,0.01,64642.55,-1.5899999999999999,0.0,0.0,0.0,770404,[sl 64640.12000]
2026-08-05T17:16:11,2502328321,3048590342,3048590342,BTCUSDm,SELL,IN,0.01,64510.6,0.0,0.0,0.0,0.0,770404,KL-renko-rev
2026-08-05T17:38:25,2502435988,0,3048590342,BTCUSDm,BUY,OUT,0.01,64669.98,-1.5899999999999999,0.0,0.0,0.0,770404,[sl 64661.31000]
2026-08-05T17:43:08,2502463219,3048727493,3048727493,BTCUSDm,BUY,IN,0.01,64682.92,0.0,0.0,0.0,0.0,770404,KL-renko-rev
2026-08-05T19:04:16,2502823947,0,3048307416,BTCUSDm,SELL,OUT,0.01,64798.98,2.5,0.0,0.0,0.0,770405,[tp 64798.98000]
2026-08-05T20:20:59,2503062069,0,3048727493,BTCUSDm,SELL,OUT,0.01,64958.130000000005,2.75,0.0,0.0,0.0,770404,[tp 64933.64000]
2026-08-05T20:59:24,2503134585,3049439400,3049439400,BTCUSDm,SELL,IN,0.01,64780.12,0.0,0.0,0.0,0.0,770404,KL-renko-rev
2026-08-05T20:59:26,2503134593,3049439410,3049439410,BTCUSDm,SELL,IN,0.01,64779.12,0.0,0.0,0.0,0.0,770405,KL-recov
2026-08-05T23:00:20,2503241903,0,3049439410,BTCUSDm,BUY,OUT,0.01,64530.12,2.49,0.0,0.0,0.0,770405,[tp 64530.12000]
2026-08-05T23:00:20,2503241907,0,3049439400,BTCUSDm,BUY,OUT,0.01,64530.62,2.49,0.0,0.0,0.0,770404,[tp 64530.62000]
2026-08-06T04:21:15,2504000972,3050417721,3050417721,BTCUSDm,BUY,IN,0.01,64592.03,0.0,0.0,0.0,0.0,770404,KL-renko-rev
2026-08-06T04:21:16,2504000978,3050417732,3050417732,BTCUSDm,BUY,IN,0.01,64592.07,0.0,0.0,0.0,0.0,770405,KL-recov
2026-08-06T05:05:49,2504071874,0,3050417721,BTCUSDm,SELL,OUT,0.01,64842.03,2.5,0.0,0.0,0.0,770404,[tp 64842.03000]
2026-08-06T05:05:49,2504071878,0,3050417732,BTCUSDm,SELL,OUT,0.01,64842.03,2.5,0.0,0.0,0.0,770405,[tp 64842.03000]
2026-08-06T06:14:15,2504230268,3050677066,3050677066,BTCUSDm,SELL,IN,0.01,64717.25,0.0,0.0,0.0,0.0,770405,KL-recov
2026-08-06T06:14:16,2504230299,3050677099,3050677099,BTCUSDm,SELL,IN,0.01,64717.49,0.0,0.0,0.0,0.0,770404,KL-renko-rev
2026-08-06T07:14:43,2504409375,3050880483,3050677099,BTCUSDm,BUY,OUT,0.01,64867.49,-1.5,0.0,0.0,0.0,770404,[sl 64867.49]
2026-08-06T07:15:13,2504411300,3050882519,3050882519,BTCUSDm,BUY,IN,0.01,64878.65,0.0,0.0,0.0,0.0,770404,KL-renko-rev
2026-08-06T07:15:14,2504411332,3050882555,3050882555,BTCUSDm,BUY,IN,0.01,64878.65,0.0,0.0,0.0,0.0,770405,KL-recov
2026-08-06T07:42:03,2504482768,0,3050882519,BTCUSDm,SELL,OUT,0.01,64730.25,-1.49,0.0,0.0,0.0,770404,[sl 64730.25000]
2026-08-06T07:53:11,2504522755,3051000994,3051000994,BTCUSDm,SELL,IN,0.01,64721.72,0.0,0.0,0.0,0.0,770405,KL-recov
2026-08-06T07:53:12,2504522849,3051001062,3051001062,BTCUSDm,SELL,IN,0.01,64721.72,0.0,0.0,0.0,0.0,770404,KL-renko-rev
2026-08-06T08:52:08,2504742012,0,3051001062,BTCUSDm,BUY,OUT,0.01,64871.74,-1.5,0.0,0.0,0.0,770404,[sl 64871.72000]
2026-08-06T08:53:17,2504746397,3051246734,3051246734,BTCUSDm,BUY,IN,0.01,64932.23,0.0,0.0,0.0,0.0,770404,KL-renko-rev
2026-08-06T08:53:17,2504746503,3051246820,3051246820,BTCUSDm,BUY,IN,0.01,64932.23,0.0,0.0,0.0,0.0,770405,KL-recov
2026-08-06T09:06:32,2504801087,0,3051246734,BTCUSDm,SELL,OUT,0.01,64782.23,-1.5,0.0,0.0,0.0,770404,[sl 64782.23000]
2026-08-06T09:12:01,2504823458,3051331524,3051331524,BTCUSDm,SELL,IN,0.01,64720.58,0.0,0.0,0.0,0.0,770404,KL-renko-rev
2026-08-06T09:12:56,2504826720,3051335015,3051335015,BTCUSDm,SELL,IN,0.01,64723.07,0.0,0.0,0.0,0.0,770405,KL-recov
2026-08-06T09:13:28,2504828336,3051336776,3050677066,BTCUSDm,BUY,OUT,0.01,64732.36,-0.15,0.0,0.0,0.0,770405,KL-recov-close
2026-08-06T09:13:28,2504828352,3051336796,3050882555,BTCUSDm,SELL,OUT,0.01,64720.33,-1.5899999999999999,0.0,0.0,0.0,770405,KL-recov-close
2026-08-06T09:13:29,2504828381,3051336822,3051000994,BTCUSDm,BUY,OUT,0.01,64730.33,-0.08,0.0,0.0,0.0,770405,KL-recov-close
2026-08-06T09:13:29,2504828403,3051336845,3051246820,BTCUSDm,SELL,OUT,0.01,64721.29,-2.11,0.0,0.0,0.0,770405,KL-recov-close
2026-08-06T09:13:30,2504828433,3051336866,3051335015,BTCUSDm,BUY,OUT,0.01,64728.6,-0.06,0.0,0.0,0.0,770405,KL-recov-close
2026-08-06T11:05:37,2505234496,0,3051331524,BTCUSDm,BUY,OUT,0.01,64470.58,2.5,0.0,0.0,0.0,770404,[tp 64470.58000]
2026-08-06T13:41:09,2506181883,3052741108,3052741108,BTCUSDm,BUY,IN,0.01,64286.4,0.0,0.0,0.0,0.0,770404,KL-renko-rev
2026-08-06T13:41:10,2506181972,3052741222,3052741222,BTCUSDm,BUY,IN,0.01,64286.4,0.0,0.0,0.0,0.0,770405,KL-recov
2026-08-06T14:35:08,2506616823,0,3052741108,BTCUSDm,SELL,OUT,0.01,64530.1,2.44,0.0,0.0,0.0,770404,[tp 64530.10000]
2026-08-06T14:35:08,2506616830,0,3052741222,BTCUSDm,SELL,OUT,0.01,64530.1,2.44,0.0,0.0,0.0,770405,[tp 64530.10000]
2026-08-06T14:35:14,2506617730,3053172867,3053172867,BTCUSDm,BUY,IN,0.01,64494.380000000005,0.0,0.0,0.0,0.0,770404,KL-renko-rev
2026-08-06T14:35:15,2506617831,3053172952,3053172952,BTCUSDm,BUY,IN,0.01,64507.26,0.0,0.0,0.0,0.0,770405,KL-recov
2026-08-06T14:43:01,2506668065,0,3053172867,BTCUSDm,SELL,OUT,0.01,64745.09,2.51,0.0,0.0,0.0,770404,[tp 64745.09000]
2026-08-06T14:43:01,2506668067,0,3053172952,BTCUSDm,SELL,OUT,0.01,64745.09,2.38,0.0,0.0,0.0,770405,[tp 64745.09000]
2026-08-06T15:20:12,2506899298,3053455563,3053455563,BTCUSDm,SELL,IN,0.01,64673.840000000004,0.0,0.0,0.0,0.0,770404,KL-renko-rev
2026-08-06T15:20:19,2506900371,3053456829,3053456829,BTCUSDm,SELL,IN,0.01,64676.23,0.0,0.0,0.0,0.0,770405,KL-recov
2026-08-06T18:07:04,2507692751,0,3053455563,BTCUSDm,BUY,OUT,0.01,64425.56,2.48,0.0,0.0,0.0,770404,[tp 64425.56000]
2026-08-06T18:33:03,2507766212,0,3053456829,BTCUSDm,BUY,OUT,0.01,64416.34,2.6,0.0,0.0,0.0,770405,[tp 64416.34000]
2026-08-06T20:09:17,2508116071,3054684692,3054684692,BTCUSDm,BUY,IN,0.01,64479.090000000004,0.0,0.0,0.0,0.0,770405,KL-recov
2026-08-06T20:09:20,2508116188,3054684856,3054684856,BTCUSDm,BUY,IN,0.01,64478.65,0.0,0.0,0.0,0.0,770404,KL-renko-rev
2026-08-06T22:00:55,2508258374,3054833273,3054684856,BTCUSDm,SELL,OUT,0.01,64326.520000000004,-1.52,0.0,0.0,0.0,770404,[sl 64328.82]
2026-08-06T22:22:19,2508290000,3054871452,3054871452,BTCUSDm,SELL,IN,0.01,64287.93,0.0,0.0,0.0,0.0,770404,KL-renko-rev
2026-08-07T00:06:20,2508447946,3055035579,3055035579,BTCUSDm,BUY,IN,0.01,64324.18,0.0,0.0,0.0,0.0,770405,KL-recov
2026-08-07T01:33:05,2508628857,3055221595,3054684692,BTCUSDm,SELL,OUT,0.01,64404.26,-0.75,0.0,0.0,0.0,770405,KL-recov-close
2026-08-07T01:33:06,2508628886,3055221626,3055035579,BTCUSDm,SELL,OUT,0.01,64405.93,0.82,0.0,0.0,0.0,770405,KL-recov-close
2026-08-07T02:15:29,2508704017,0,3054871452,BTCUSDm,BUY,OUT,0.01,64474.21,-1.8599999999999999,0.0,0.0,0.0,770404,[sl 64434.61000]
2026-08-07T02:26:13,2508719036,3055315706,3055315706,BTCUSDm,SELL,IN,0.01,64287.89,0.0,0.0,0.0,0.0,770404,KL-renko-rev
2026-08-07T02:26:13,2508719042,3055315716,3055315716,BTCUSDm,SELL,IN,0.01,64287.89,0.0,0.0,0.0,0.0,770405,KL-recov
2026-08-07T08:31:37,2509649264,0,3055315706,BTCUSDm,BUY,OUT,0.01,64440.32,-1.52,0.0,0.0,0.0,770404,[sl 64438.68000]
2026-08-07T08:31:56,2509650733,3056295051,3056295051,BTCUSDm,BUY,IN,0.01,64418.04,0.0,0.0,0.0,0.0,770404,KL-renko-rev
2026-08-07T09:11:34,2509836229,0,3056295051,BTCUSDm,SELL,OUT,0.01,64668.04,2.5,0.0,0.0,0.0,770404,[tp 64668.04000]
2026-08-07T12:31:07,2510839485,3057585276,3057585276,BTCUSDm,SELL,IN,0.01,64973.32,0.0,0.0,0.0,0.0,770405,KL-recov
2026-08-07T12:31:08,2510840032,3057585862,3057585862,BTCUSDm,SELL,IN,0.01,64962.310000000005,0.0,0.0,0.0,0.0,770404,KL-renko-rev
2026-08-07T12:32:25,2510894216,0,3057585862,BTCUSDm,BUY,OUT,0.01,65136.15,-1.74,0.0,0.0,0.0,770404,[sl 65136.15000]
2026-08-07T12:41:13,2511103665,3057849250,3057849250,BTCUSDm,BUY,IN,0.01,65126.51,0.0,0.0,0.0,0.0,770404,KL-renko-rev
2026-08-07T13:29:08,2511631067,3058372039,3058372039,BTCUSDm,SELL,IN,0.01,65101.8,0.0,0.0,0.0,0.0,770405,KL-recov
2026-08-07T13:56:44,2511834805,0,3057849250,BTCUSDm,SELL,OUT,0.01,64975.32,-1.52,0.0,0.0,0.0,770404,[sl 64975.32000]
2026-08-07T14:02:19,2511879903,0,3058372039,BTCUSDm,BUY,OUT,0.01,64848.8,2.5300000000000002,0.0,0.0,0.0,770405,[tp 64848.80000]
2026-08-07T14:12:08,2511981948,3058735152,3055315716,BTCUSDm,BUY,OUT,0.01,64743.16,-4.55,0.0,0.0,0.0,770405,KL-recov-close
2026-08-07T14:12:09,2511982128,3058735310,3057585276,BTCUSDm,BUY,OUT,0.01,64755.87,2.17,0.0,0.0,0.0,770405,KL-recov-close
2026-08-07T14:21:13,2512068093,3058820320,3058820320,BTCUSDm,BUY,IN,0.01,65040.74,0.0,0.0,0.0,0.0,770404,KL-renko-rev
2026-08-07T14:21:14,2512068289,3058820435,3058820435,BTCUSDm,BUY,IN,0.01,65040.74,0.0,0.0,0.0,0.0,770405,KL-recov
2026-08-07T15:02:36,2512338215,0,3058820320,BTCUSDm,SELL,OUT,0.01,64878.07,-1.63,0.0,0.0,0.0,770404,[sl 64878.07000]
2026-08-07T15:33:09,2512555846,3059265059,3059265059,BTCUSDm,BUY,IN,0.01,65086.39,0.0,0.0,0.0,0.0,770404,KL-renko-rev
2026-08-07T15:33:10,2512555962,3059265186,3058820435,BTCUSDm,SELL,OUT,0.01,65076.61,0.36,0.0,0.0,0.0,770405,KL-recov-close
2026-08-07T15:33:10,2512556008,3059265245,3059265245,BTCUSDm,BUY,IN,0.01,65086.86,0.0,0.0,0.0,0.0,770405,KL-recov
2026-08-07T15:38:37,2512582302,0,3059265059,BTCUSDm,SELL,OUT,0.01,64936.39,-1.5,0.0,0.0,0.0,770404,[sl 64936.39000]
2026-08-07T15:53:05,2512652976,3059363710,3059363710,BTCUSDm,SELL,IN,0.01,64914.94,0.0,0.0,0.0,0.0,770404,KL-renko-rev
2026-08-07T17:02:28,2512982183,0,3059363710,BTCUSDm,BUY,OUT,0.01,64665.23,2.5,0.0,0.0,0.0,770404,[tp 64665.23000]
2026-08-07T17:46:02,2513154254,3059859186,3059859186,BTCUSDm,BUY,IN,0.01,64672.0,0.0,0.0,0.0,0.0,770405,KL-recov
2026-08-07T17:46:02,2513154312,3059859233,3059859233,BTCUSDm,BUY,IN,0.01,64672.0,0.0,0.0,0.0,0.0,770404,KL-renko-rev
2026-08-07T19:02:05,2513385060,3060081217,3060081217,BTCUSDm,BUY,IN,0.01,64776.48,0.0,0.0,0.0,0.0,770405,KL-recov
2026-08-07T19:20:51,2513444956,3060149463,3059265245,BTCUSDm,SELL,OUT,0.01,64871.17,-2.16,0.0,0.0,0.0,770405,KL-recov-close
2026-08-07T19:20:52,2513444991,3060149504,3059859186,BTCUSDm,SELL,OUT,0.01,64869.39,1.97,0.0,0.0,0.0,770405,KL-recov-close
2026-08-07T19:20:52,2513445030,3060149557,3060081217,BTCUSDm,SELL,OUT,0.01,64869.39,0.93,0.0,0.0,0.0,770405,KL-recov-close
2026-08-07T19:28:12,2513463742,0,3059859233,BTCUSDm,SELL,OUT,0.01,64922.0,2.5,0.0,0.0,0.0,770404,[tp 64922.00000]
2026-08-07T22:05:02,2513666126,3060407417,3060407417,BTCUSDm,SELL,IN,0.01,64867.46,0.0,0.0,0.0,0.0,770408,KL-recov
2026-08-07T22:05:17,2513666337,3060407621,3060407621,BTCUSDm,SELL,IN,0.01,64861.19,0.0,0.0,0.0,0.0,770404,KL-renko-rev
2026-08-07T22:05:17,2513666342,3060407625,3060407625,BTCUSDm,SELL,IN,0.01,64861.19,0.0,0.0,0.0,0.0,770405,KL-recov
