ts_utc,kind,magic,side,why,reason,ok,signal_time_utc,decision_time_utc,signal_age_seconds,reversal_direction,reversal_brick_price,reversal_brick_index,m1_closed_bar_time_utc,bid_at_decision,ask_at_decision,spread_at_decision,quote_at_decision,chase_price_signed,chase_points_signed,atr_m1_14_at_decision,atr_over_brick_at_decision,ema20_at_decision,ema50_at_decision,shadow_chase_50_pass,shadow_chase_100_pass,requested_price,fill_price,fill_distance_from_brick,adverse_slippage_price,adverse_slippage_points,slippage_usd,bid,ask,spread,bid_after_fill,ask_after_fill,spread_after_fill,latency_ms,retcode,broker_comment,deal,order,request_id,basket_before,positions,recovery,cycle_direction,protection_state,daily_total,trail_armed,peak,floor,trigger_total,final_total,execution_gap,day,bot_value,activate,giveback,daily_loss_limit,balance,equity,margin,margin_free,margin_level
2026-08-07T22:05:18.570,order_open,770407,SELL,new cycle,,True,,,,,,,,,,,,,,,,,,,,64866.59,64864.54,,,,-0.0205,64866.59,64876.59,10.0,,,,622.4,10009,ok,532669861,1036610355,1633337057,1,,,,,,,,,,,,,,,,,82.09,81.99,1.62,80.37,5061.1
2026-08-08T03:17:57.529,protection_day_start,770407,,,,,,,,,,,,,,,,,,,,,,,,,,,,,,,,,,,,,,,,,,,,,,,,,,,,,,2026-08-08,2.55,7.0,4.0,20.0,,,,,
2026-08-08T03:27:06.049,signal_seen,770407,,,,,2026-08-08T03:26:00,2026-08-08T03:27:05.901,65.902,BUY,64921.23,2362,2026-08-08T03:26:00,64995.87,65005.87,10.0,65005.87,84.64,8464.0,17.8257,0.3565,64934.0883,64909.0911,False,True,,,,,,,,,,,,,,,,,,,,1,False,SELL,ACTIVE,-0.81,False,,,,,,,,,,,,,,,
2026-08-08T03:27:06.057,signal_waiting,770407,,,holding_not_in_recovery,,2026-08-08T03:26:00,2026-08-08T03:27:05.901,65.902,BUY,64921.23,2362,2026-08-08T03:26:00,64995.87,65005.87,10.0,65005.87,84.64,8464.0,17.8257,0.3565,64934.0883,64909.0911,False,True,,,,,,,,,,,,,,,,,,,,,,,,,,,,,,,,,,,,,,,,
2026-08-08T19:13:05.778,signal_seen,770407,,,,,2026-08-08T19:12:00,2026-08-08T19:13:05.618,65.619,SELL,65021.23,2367,2026-08-08T19:12:00,64971.5,64981.5,10.0,64971.5,49.73,4973.0,9.8207,0.1964,64991.9011,65005.5734,True,True,,,,,,,,,,,,,,,,,,,,1,True,SELL,ACTIVE,-0.57,False,,,,,,,,,,,,,,,
2026-08-08T19:13:06.576,order_open,770407,SELL,recovery add #2,,True,2026-08-08T19:12:00,2026-08-08T19:13:05.818,65.819,SELL,65021.23,2367,2026-08-08T19:12:00,64971.5,64981.5,10.0,64971.5,49.73,4973.0,9.8207,0.1964,64991.9011,65005.5734,True,True,64971.5,64965.3,55.93,6.2,620.0,-0.062,64971.5,64981.5,10.0,64965.3,64975.3,10.0,611.0,10009,ok,532709419,1036646525,3402256291,1,,,,,,,,,,,,,,,,,132.09,130.82,3.25,127.57,4025.2
2026-08-08T22:51:39.414,close_decided,770407,,recovered - own cycle P&L +0.06 (realised +0.00 + floating +0.06),,,,,,,,,,,,,,,,,,,,,,,,,,,,,,,,,,,,,,,,,,,,,,,,,,,,,,,,,132.09,132.15,3.25,128.9,4066.2
2026-08-08T22:51:39.972,order_close,770407,SELL,recovered - own cycle P&L +0.06 (realised +0.00 + floating +0.06),,True,,,,,,,,,,,,,,,,,,,,64911.54,64911.54,,,,-0.0,64901.54,64911.54,10.0,,,,557.4,10009,ok,532717303,1036654136,,,,,,,,,,,,,,,,,,,,,,,
2026-08-08T22:51:40.525,order_close,770407,SELL,recovered - own cycle P&L +0.06 (realised +0.00 + floating +0.06),,True,,,,,,,,,,,,,,,,,,,,64911.54,64911.57,,,,-0.0003,64901.54,64911.54,10.0,,,,546.1,10009,ok,532717304,1036654137,,,,,,,,,,,,,,,,,,,,,,,
2026-08-09T00:00:18.395,protection_day_start,770407,,,,,,,,,,,,,,,,,,,,,,,,,,,,,,,,,,,,,,,,,,,,,,,,,,,,,,2026-08-09,3.21,7.0,4.0,20.0,,,,,
2026-08-09T08:16:03.708,signal_seen,770407,,,,,2026-08-09T08:15:00,2026-08-09T08:16:03.506,63.506,BUY,64821.23,2374,2026-08-09T08:15:00,64870.52,64880.52,10.0,64880.52,59.29,5929.0,16.8307,0.3366,64837.0961,64810.3795,False,True,,,,,,,,,,,,,,,,,,,,0,False,,ACTIVE,0.0,False,,,,,,,,,,,,,,,
2026-08-09T08:16:04.539,order_open,770407,BUY,new cycle,,True,2026-08-09T08:15:00,2026-08-09T08:16:03.726,63.727,BUY,64821.23,2374,2026-08-09T08:15:00,64870.52,64880.52,10.0,64880.52,59.29,5929.0,16.8307,0.3366,64837.0961,64810.3795,False,True,64880.52,64881.28,60.05,0.76,76.0,-0.0076,64870.52,64880.52,10.0,64871.28,64881.28,10.0,649.2,10009,ok,532733710,1036669916,3402256294,0,,,,,,,,,,,,,,,,,132.15,132.05,1.62,130.43,8151.2
2026-08-09T20:11:05.990,signal_seen,770407,,,,,2026-08-09T20:10:00,2026-08-09T20:11:05.714,65.714,SELL,65121.23,2383,2026-08-09T20:10:00,65054.46,65064.46,10.0,65054.46,66.77,6677.0,15.1371,0.3027,65116.1206,65132.5648,False,True,,,,,,,,,,,,,,,,,,,,0,False,,ACTIVE,2.5,False,,,,,,,,,,,,,,,
2026-08-09T20:11:06.757,order_open,770407,SELL,new cycle,,True,2026-08-09T20:10:00,2026-08-09T20:11:06.046,66.046,SELL,65121.23,2383,2026-08-09T20:10:00,65054.46,65064.46,10.0,65054.46,66.77,6677.0,15.1371,0.3027,65116.1206,65132.5648,False,True,65054.46,65054.47,66.76,-0.01,-1.0,0.0001,65054.46,65064.46,10.0,65054.47,65064.47,10.0,504.2,10009,ok,532772018,1036704984,3402256295,0,,,,,,,,,,,,,,,,,134.65,134.55,1.63,132.92,8254.6
2026-08-09T22:10:11.775,signal_seen,770407,,,,,2026-08-09T22:09:00,2026-08-09T22:10:11.618,71.618,BUY,65171.23,2385,2026-08-09T22:09:00,65233.05,65243.05,10.0,65243.05,71.82,7182.0,22.2793,0.4456,65183.4536,65152.1487,False,True,,,,,,,,,,,,,,,,,,,,1,True,SELL,ACTIVE,0.61,False,,,,,,,,,,,,,,,
2026-08-09T22:10:11.780,signal_skipped,770407,,,opposite_to_cycle,,2026-08-09T22:09:00,2026-08-09T22:10:11.618,71.618,BUY,65171.23,2385,2026-08-09T22:09:00,65233.05,65243.05,10.0,65243.05,71.82,7182.0,22.2793,0.4456,65183.4536,65152.1487,False,True,,,,,,,,,,,,,,,,,,,,,,,,,,,,,,,,,,,,,,,,
2026-08-09T22:25:17.409,signal_seen,770407,,,,,2026-08-09T22:24:00,2026-08-09T22:25:17.211,77.211,SELL,65221.23,2389,2026-08-09T22:24:00,65165.75,65175.75,10.0,65165.75,55.48,5548.0,55.9743,1.1195,65225.1993,65193.4035,False,True,,,,,,,,,,,,,,,,,,,,1,True,SELL,ACTIVE,1.28,False,,,,,,,,,,,,,,,
2026-08-09T22:25:18.194,order_open,770407,SELL,recovery add #2,,True,2026-08-09T22:24:00,2026-08-09T22:25:17.420,77.421,SELL,65221.23,2389,2026-08-09T22:24:00,65165.75,65175.75,10.0,65165.75,55.48,5548.0,55.9743,1.1195,65225.1993,65193.4035,False,True,65165.75,65177.37,43.86,-11.62,-1162.0,0.1162,65165.75,65175.75,10.0,65177.37,65187.37,10.0,534.9,10009,ok,532787566,1036727904,3402256296,1,,,,,,,,,,,,,,,,,134.65,133.33,3.26,130.07,4089.9
2026-08-09T22:32:20.373,close_decided,770407,,recovered - own cycle P&L +0.25 (realised +0.00 + floating +0.25),,,,,,,,,,,,,,,,,,,,,,,,,,,,,,,,,,,,,,,,,,,,,,,,,,,,,,,,,134.65,134.9,3.26,131.64,4138.0
2026-08-09T22:32:20.982,order_close,770407,SELL,recovered - own cycle P&L +0.25 (realised +0.00 + floating +0.25),,True,,,,,,,,,,,,,,,,,,,,65102.96,65102.96,,,,-0.0,65092.96,65102.96,10.0,,,,614.9,10009,ok,532789350,1036730995,,,,,,,,,,,,,,,,,,,,,,,
2026-08-09T22:32:21.578,order_close,770407,SELL,recovered - own cycle P&L +0.25 (realised +0.00 + floating +0.25),,True,,,,,,,,,,,,,,,,,,,,65102.96,65110.69,,,,-0.0773,65092.96,65102.96,10.0,,,,583.9,10009,ok,532789358,1036731008,,,,,,,,,,,,,,,,,,,,,,,
2026-08-10T00:00:00.389,protection_day_start,770407,,,,,,,,,,,,,,,,,,,,,,,,,,,,,,,,,,,,,,,,,,,,,,,,,,,,,,2026-08-10,5.88,7.0,4.0,20.0,,,,,
2026-08-10T00:10:14.331,signal_seen,770407,,,,,2026-08-10T00:09:00,2026-08-10T00:10:14.171,74.172,BUY,64921.23,2398,2026-08-10T00:09:00,64984.97,64994.97,10.0,64994.97,73.74,7374.0,42.19,0.8438,64875.2096,64882.9622,False,True,,,,,,,,,,,,,,,,,,,,0,False,,ACTIVE,0.0,False,,,,,,,,,,,,,,,
2026-08-10T00:10:15.051,order_open,770407,BUY,new cycle,,True,2026-08-10T00:09:00,2026-08-10T00:10:14.345,74.346,BUY,64921.23,2398,2026-08-10T00:09:00,64984.96,64994.96,10.0,64994.96,73.73,7373.0,42.19,0.8438,64875.2096,64882.9622,False,True,64994.96,64994.96,73.73,0.0,0.0,-0.0,64984.96,64994.96,10.0,64984.96,64994.96,10.0,538.1,10009,ok,532820007,1036763157,3402256299,0,,,,,,,,,,,,,,,,,134.82,134.72,1.62,133.1,8316.0
2026-08-10T00:21:19.192,signal_seen,770407,,,,,2026-08-10T00:20:00,2026-08-10T00:21:18.965,78.966,SELL,65071.23,2404,2026-08-10T00:20:00,64975.99,64985.99,10.0,64975.99,95.24,9524.0,63.5357,1.2707,65016.0239,64958.1868,False,True,,,,,,,,,,,,,,,,,,,,0,False,,ACTIVE,2.5,False,,,,,,,,,,,,,,,
2026-08-10T00:21:20.049,order_open,770407,SELL,new cycle,,True,2026-08-10T00:20:00,2026-08-10T00:21:19.201,79.201,SELL,65071.23,2404,2026-08-10T00:20:00,64975.99,64985.99,10.0,64975.99,95.24,9524.0,63.5357,1.2707,65016.0239,64958.1868,False,True,64975.99,64982.48,88.75,-6.49,-649.0,0.0649,64975.99,64985.99,10.0,64982.48,64992.48,10.0,631.3,10009,ok,532825992,1036768865,3402256300,0,,,,,,,,,,,,,,,,,137.32,137.28,1.62,135.66,8474.1
2026-08-10T01:11:34.549,signal_seen,770407,,,,,2026-08-10T01:10:00,2026-08-10T01:11:34.384,94.385,BUY,64921.23,2410,2026-08-10T01:10:00,64926.39,64936.39,10.0,64936.39,15.16,1516.0,38.1529,0.7631,64924.6044,64924.5617,True,True,,,,,,,,,,,,,,,,,,,,1,False,SELL,ACTIVE,2.96,False,,,,,,,,,,,,,,,
2026-08-10T01:11:34.609,signal_waiting,770407,,,holding_not_in_recovery,,2026-08-10T01:10:00,2026-08-10T01:11:34.384,94.385,BUY,64921.23,2410,2026-08-10T01:10:00,64926.39,64936.39,10.0,64936.39,15.16,1516.0,38.1529,0.7631,64924.6044,64924.5617,True,True,,,,,,,,,,,,,,,,,,,,,,,,,,,,,,,,,,,,,,,,
2026-08-10T02:16:10.080,signal_seen,770407,,,,,2026-08-10T02:15:00,2026-08-10T02:16:09.903,69.903,SELL,65071.23,2416,2026-08-10T02:15:00,64998.74,65008.74,10.0,64998.74,72.49,7249.0,35.0857,0.7017,65066.2737,65040.8399,False,True,,,,,,,,,,,,,,,,,,,,1,True,SELL,ACTIVE,2.23,False,,,,,,,,,,,,,,,
2026-08-10T02:16:10.961,order_open,770407,SELL,recovery add #2,,True,2026-08-10T02:15:00,2026-08-10T02:16:10.094,70.095,SELL,65071.23,2416,2026-08-10T02:15:00,64998.74,65008.74,10.0,64998.74,72.49,7249.0,35.0857,0.7017,65066.2737,65040.8399,False,True,64998.74,64995.17,76.06,3.57,357.0,-0.0357,64998.74,65008.74,10.0,64995.17,65005.17,10.0,644.3,10009,ok,532863601,1036805292,3402256301,1,,,,,,,,,,,,,,,,,137.32,136.99,3.25,133.74,4215.1
2026-08-10T02:17:31.425,close_decided,770407,,recovered - own cycle P&L +0.39 (realised +0.00 + floating +0.39),,,,,,,,,,,,,,,,,,,,,,,,,,,,,,,,,,,,,,,,,,,,,,,,,,,,,,,,,137.32,137.71,3.25,134.46,4237.2
2026-08-10T02:17:32.069,order_close,770407,SELL,recovered - own cycle P&L +0.39 (realised +0.00 + floating +0.39),,True,,,,,,,,,,,,,,,,,,,,64969.35,64970.33,,,,-0.0098,64959.35,64969.35,10.0,,,,637.9,10009,ok,532863810,1036805519,,,,,,,,,,,,,,,,,,,,,,,
2026-08-10T02:17:32.703,order_close,770407,SELL,recovered - own cycle P&L +0.39 (realised +0.00 + floating +0.39),,True,,,,,,,,,,,,,,,,,,,,64970.33,64970.33,,,,-0.0,64960.33,64970.33,10.0,,,,632.4,10009,ok,532863812,1036805520,,,,,,,,,,,,,,,,,,,,,,,
2026-08-10T02:44:22.481,signal_seen,770407,,,,,2026-08-10T02:43:00,2026-08-10T02:44:22.315,82.315,BUY,64971.23,2421,2026-08-10T02:43:00,65148.73,65158.73,10.0,65158.73,187.5,18750.0,32.6979,0.654,64971.4817,64977.3809,False,False,,,,,,,,,,,,,,,,,,,,0,False,,ACTIVE,2.87,False,,,,,,,,,,,,,,,
2026-08-10T02:44:23.229,order_open,770407,BUY,new cycle,,True,2026-08-10T02:43:00,2026-08-10T02:44:22.486,82.487,BUY,64971.23,2421,2026-08-10T02:43:00,65148.73,65158.73,10.0,65158.73,187.5,18750.0,32.6979,0.654,64971.4817,64977.3809,False,False,65158.73,65159.72,188.49,0.99,99.0,-0.0099,65148.73,65158.73,10.0,65149.72,65159.72,10.0,589.4,10009,ok,532871300,1036812668,3402256304,0,,,,,,,,,,,,,,,,,137.69,137.59,1.63,135.96,8441.1
2026-08-10T03:12:03.858,signal_seen,770407,,,,,2026-08-10T03:11:00,2026-08-10T03:12:03.684,63.684,SELL,65021.23,2425,2026-08-10T03:11:00,64962.83,64972.83,10.0,64962.83,58.4,5840.0,28.1343,0.5627,65010.5677,65010.2987,False,True,,,,,,,,,,,,,,,,,,,,1,True,BUY,ACTIVE,0.9,False,,,,,,,,,,,,,,,
2026-08-10T03:12:03.863,signal_skipped,770407,,,opposite_to_cycle,,2026-08-10T03:11:00,2026-08-10T03:12:03.684,63.684,SELL,65021.23,2425,2026-08-10T03:11:00,64962.83,64972.83,10.0,64962.83,58.4,5840.0,28.1343,0.5627,65010.5677,65010.2987,False,True,,,,,,,,,,,,,,,,,,,,,,,,,,,,,,,,,,,,,,,,
2026-08-10T03:21:07.630,signal_seen,770407,,,,,2026-08-10T03:20:00,2026-08-10T03:21:07.459,67.459,BUY,64971.23,2429,2026-08-10T03:20:00,65025.71,65035.71,10.0,65035.71,64.48,6448.0,41.2514,0.825,64973.5566,64989.7205,False,True,,,,,,,,,,,,,,,,,,,,1,True,BUY,ACTIVE,1.53,False,,,,,,,,,,,,,,,
2026-08-10T03:21:08.390,order_open,770407,BUY,recovery add #2,,True,2026-08-10T03:20:00,2026-08-10T03:21:07.635,67.635,BUY,64971.23,2429,2026-08-10T03:20:00,65025.71,65035.71,10.0,65035.71,64.48,6448.0,41.2514,0.825,64973.5566,64989.7205,False,True,65035.71,65027.4,56.17,-8.31,-831.0,0.0831,65025.71,65035.71,10.0,65017.4,65027.4,10.0,595.0,10009,ok,532878742,1036819949,3402256305,1,,,,,,,,,,,,,,,,,137.69,136.26,3.25,133.01,4192.6
2026-08-10T03:25:49.937,close_decided,770407,,recovered - own cycle P&L +0.13 (realised +0.00 + floating +0.13),,,,,,,,,,,,,,,,,,,,,,,,,,,,,,,,,,,,,,,,,,,,,,,,,,,,,,,,,137.69,137.82,3.25,134.57,4240.6
2026-08-10T03:25:50.525,order_close,770407,BUY,recovered - own cycle P&L +0.13 (realised +0.00 + floating +0.13),,True,,,,,,,,,,,,,,,,,,,,65099.77,65099.770000000004,,,,0.0,65099.77,65109.77,10.0,,,,587.5,10009,ok,532879763,1036820945,,,,,,,,,,,,,,,,,,,,,,,
2026-08-10T03:25:51.083,order_close,770407,BUY,recovered - own cycle P&L +0.13 (realised +0.00 + floating +0.13),,True,,,,,,,,,,,,,,,,,,,,65099.77,65096.61,,,,-0.0316,65099.77,65109.77,10.0,,,,554.0,10009,ok,532879764,1036820947,,,,,,,,,,,,,,,,,,,,,,,
2026-08-10T03:56:13.875,signal_seen,770407,,,,,2026-08-10T03:55:00,2026-08-10T03:56:13.713,73.713,SELL,64971.23,2432,2026-08-10T03:55:00,64919.73,64929.73,10.0,64919.73,51.5,5150.0,24.1736,0.4835,64973.5309,64988.1054,False,True,,,,,,,,,,,,,,,,,,,,0,False,,ACTIVE,2.97,False,,,,,,,,,,,,,,,
2026-08-10T03:56:14.619,order_open,770407,SELL,new cycle,,True,2026-08-10T03:55:00,2026-08-10T03:56:13.896,73.896,SELL,64971.23,2432,2026-08-10T03:55:00,64919.73,64929.73,10.0,64919.73,51.5,5150.0,24.1736,0.4835,64973.5309,64988.1054,False,True,64919.73,64919.76,51.47,-0.03,-3.0,0.0003,64919.73,64929.73,10.0,64919.76,64929.76,10.0,581.8,10009,ok,532885190,1036826314,3402256308,0,,,,,,,,,,,,,,,,,137.79,137.69,1.62,136.07,8499.4
2026-08-10T05:55:20.033,signal_seen,770407,,,,,2026-08-10T05:54:00,2026-08-10T05:55:19.715,79.716,BUY,65021.23,2434,2026-08-10T05:54:00,65086.42,65096.42,10.0,65096.42,75.19,7519.0,22.4814,0.4496,65013.9862,64996.0452,False,True,,,,,,,,,,,,,,,,,,,,1,True,SELL,ACTIVE,1.21,False,,,,,,,,,,,,,,,
2026-08-10T05:55:20.045,signal_skipped,770407,,,opposite_to_cycle,,2026-08-10T05:54:00,2026-08-10T05:55:19.715,79.716,BUY,65021.23,2434,2026-08-10T05:54:00,65086.42,65096.42,10.0,65096.42,75.19,7519.0,22.4814,0.4496,65013.9862,64996.0452,False,True,,,,,,,,,,,,,,,,,,,,,,,,,,,,,,,,,,,,,,,,
2026-08-10T09:26:01.741,signal_seen,770407,,,,,2026-08-10T09:25:00,2026-08-10T09:26:01.565,61.566,SELL,65171.23,2440,2026-08-10T09:25:00,65124.77,65134.77,10.0,65124.77,46.46,4646.0,16.1129,0.3223,65150.221,65165.8008,True,True,,,,,,,,,,,,,,,,,,,,1,True,SELL,ACTIVE,0.82,False,,,,,,,,,,,,,,,
2026-08-10T09:26:02.542,order_open,770407,SELL,recovery add #2,,True,2026-08-10T09:25:00,2026-08-10T09:26:01.817,61.818,SELL,65171.23,2440,2026-08-10T09:25:00,65124.77,65134.77,10.0,65124.77,46.46,4646.0,16.1129,0.3223,65150.221,65165.8008,True,True,65124.77,65123.62,47.61,1.15,115.0,-0.0115,65124.77,65134.77,10.0,65123.62,65133.62,10.0,553.2,10009,ok,533020287,1036958090,3402256309,1,,,,,,,,,,,,,,,,,137.79,135.54,3.25,132.29,4170.5
2026-08-10T09:37:55.147,close_decided,770407,,recovered - own cycle P&L +0.00 (realised +0.00 + floating +0.00),,,,,,,,,,,,,,,,,,,,,,,,,,,,,,,,,,,,,,,,,,,,,,,,,,,,,,,,,137.79,137.79,3.25,134.54,4239.7
2026-08-10T09:37:55.744,order_close,770407,SELL,recovered - own cycle P&L +0.00 (realised +0.00 + floating +0.00),,True,,,,,,,,,,,,,,,,,,,,65021.79,65022.28,,,,-0.0049,65011.79,65021.79,10.0,,,,584.2,10009,ok,533029856,1036967117,,,,,,,,,,,,,,,,,,,,,,,
2026-08-10T09:37:56.297,order_close,770407,SELL,recovered - own cycle P&L +0.00 (realised +0.00 + floating +0.00),,True,,,,,,,,,,,,,,,,,,,,65022.28,65022.28,,,,-0.0,65012.28,65022.28,10.0,,,,551.5,10009,ok,533029865,1036967123,,,,,,,,,,,,,,,,,,,,,,,
2026-08-10T12:03:15.420,signal_seen,770407,,,,,2026-08-10T12:02:00,2026-08-10T12:03:15.190,75.19,BUY,65021.23,2446,2026-08-10T12:02:00,65143.44,65153.44,10.0,65153.44,132.21,13221.0,28.3943,0.5679,65049.382,65022.7246,False,False,,,,,,,,,,,,,,,,,,,,0,False,,ACTIVE,2.97,False,,,,,,,,,,,,,,,
2026-08-10T12:03:16.344,order_open,770407,BUY,new cycle,,True,2026-08-10T12:02:00,2026-08-10T12:03:15.459,75.459,BUY,65021.23,2446,2026-08-10T12:02:00,65143.44,65153.44,10.0,65153.44,132.21,13221.0,28.3943,0.5679,65049.382,65022.7246,False,False,65153.44,65154.700000000004,133.47,1.26,126.0,-0.0126,65143.44,65153.44,10.0,65144.7,65154.7,10.0,674.7,10009,ok,533106201,1037042119,3402256312,0,,,,,,,,,,,,,,,,,137.79,137.69,1.63,136.06,8447.2
2026-08-10T12:20:04.012,signal_seen,770407,,,,,2026-08-10T12:19:00,2026-08-10T12:20:03.656,63.657,SELL,65071.23,2450,2026-08-10T12:19:00,65028.9,65038.9,10.0,65028.9,42.33,4233.0,28.3736,0.5675,65065.4597,65050.9127,True,True,,,,,,,,,,,,,,,,,,,,1,False,BUY,ACTIVE,1.71,False,,,,,,,,,,,,,,,
2026-08-10T12:20:04.046,signal_waiting,770407,,,holding_not_in_recovery,,2026-08-10T12:19:00,2026-08-10T12:20:03.656,63.657,SELL,65071.23,2450,2026-08-10T12:19:00,65028.9,65038.9,10.0,65028.9,42.33,4233.0,28.3736,0.5675,65065.4597,65050.9127,True,True,,,,,,,,,,,,,,,,,,,,,,,,,,,,,,,,,,,,,,,,
2026-08-10T14:02:12.745,signal_seen,770407,,,,,2026-08-10T14:01:00,2026-08-10T14:02:12.504,72.505,BUY,64571.23,2463,2026-08-10T14:01:00,64628.29,64638.29,10.0,64638.29,67.06,6706.0,56.7879,1.1358,64560.821,64658.632,False,True,,,,,,,,,,,,,,,,,,,,1,True,BUY,ACTIVE,-2.3,False,,,,,,,,,,,,,,,
2026-08-10T14:02:13.500,order_open,770407,BUY,recovery add #2,,True,2026-08-10T14:01:00,2026-08-10T14:02:12.754,72.754,BUY,64571.23,2463,2026-08-10T14:01:00,64628.67,64638.67,10.0,64638.67,67.44,6744.0,56.7879,1.1358,64560.821,64658.632,False,True,64638.67,64636.32,65.09,-2.35,-235.0,0.0235,64628.67,64638.67,10.0,64626.32,64636.32,10.0,516.8,10009,ok,533205908,1037138266,3402256313,1,,,,,,,,,,,,,,,,,137.79,132.4,3.24,129.16,4086.4
2026-08-10T14:54:03.735,signal_seen,770407,,,,,2026-08-10T14:53:00,2026-08-10T14:54:03.467,63.467,SELL,64671.23,2468,2026-08-10T14:53:00,64610.74,64620.74,10.0,64610.74,60.49,6049.0,43.7293,0.8746,64719.5448,64707.2486,False,True,,,,,,,,,,,,,,,,,,,,2,True,BUY,ACTIVE,-2.72,False,,,,,,,,,,,,,,,
2026-08-10T14:54:03.743,signal_skipped,770407,,,opposite_to_cycle,,2026-08-10T14:53:00,2026-08-10T14:54:03.467,63.467,SELL,64671.23,2468,2026-08-10T14:53:00,64610.74,64620.74,10.0,64610.74,60.49,6049.0,43.7293,0.8746,64719.5448,64707.2486,False,True,,,,,,,,,,,,,,,,,,,,,,,,,,,,,,,,,,,,,,,,
2026-08-10T17:13:17.132,signal_seen,770407,,,,,2026-08-10T17:12:00,2026-08-10T17:13:16.911,76.912,BUY,63871.23,2487,2026-08-10T17:12:00,63933.98,63943.98,10.0,63943.98,72.75,7275.0,37.775,0.7555,63863.8971,63929.4345,False,True,,,,,,,,,,,,,,,,,,,,2,True,BUY,ACTIVE,-16.26,False,,,,,,,,,,,,,,,
2026-08-10T17:13:17.815,order_open,770407,BUY,recovery add #3,,True,2026-08-10T17:12:00,2026-08-10T17:13:17.141,77.141,BUY,63871.23,2487,2026-08-10T17:12:00,63933.98,63943.98,10.0,63943.98,72.75,7275.0,37.775,0.7555,63863.8971,63929.4345,False,True,63943.98,63943.75,72.52,-0.23,-23.0,0.0023,63933.98,63943.98,10.0,63933.75,63943.75,10.0,516.6,10009,ok,533337022,1037264925,3402256314,2,,,,,,,,,,,,,,,,,137.79,118.46,4.84,113.62,2447.5
2026-08-10T18:36:37.650,protection_trigger,770407,,,daily_loss,,,,,,,,,,,,,,,,,,,,,,,,,,,,,,,,,,,,,,,,3,,,,-21.94,,0.0,0.0,,,,2026-08-10,,,,,137.79,113.3,4.84,108.46,2340.9
2026-08-10T18:36:43.432,protection_liquidating,770407,,daily bot P&L -21.94 <= -$20.00,daily_loss,,,,,,,,,,,,,,,,,,,,,,,,,,,,,,,,,,,,,,,,3,,,,,,,,,,,,,,,,137.79,113.93,4.84,109.09,2353.9
2026-08-10T18:36:43.443,close_decided,770407,,daily bot P&L -21.94 <= -$20.00,,,,,,,,,,,,,,,,,,,,,,,,,,,,,,,,,,,,,,,,,,,,,,,,,,,,,,,,,137.79,113.93,4.84,109.09,2353.9
2026-08-10T18:36:44.101,order_close,770407,BUY,daily bot P&L -21.94 <= -$20.00,,True,,,,,,,,,,,,,,,,,,,,63783.05,63795.28,,,,0.1223,63783.05,63793.05,10.0,,,,657.5,10009,ok,533372586,1037299901,,,,,,,,,,,,,,,,,,,,,,,
2026-08-10T18:36:44.700,order_close,770407,BUY,daily bot P&L -21.94 <= -$20.00,,True,,,,,,,,,,,,,,,,,,,,63795.28,63795.28,,,,0.0,63795.28,63805.28,10.0,,,,599.1,10009,ok,533372593,1037299913,,,,,,,,,,,,,,,,,,,,,,,
2026-08-10T18:36:45.337,order_close,770407,BUY,daily bot P&L -21.94 <= -$20.00,,True,,,,,,,,,,,,,,,,,,,,63795.28,63801.35,,,,0.0607,63795.28,63805.28,10.0,,,,632.4,10009,ok,533372601,1037299918,,,,,,,,,,,,,,,,,,,,,,,
2026-08-10T18:36:47.800,protection_stopped,770407,,,daily_loss,,,,,,,,,,,,,,,,,,,,,,,,,,,,,,,,,,,,,,,,,,,,,,,,,,,2026-08-10,,,,,114.35,114.35,0.0,114.35,0.0
2026-08-10T18:36:48.961,protection_final,770407,,,daily_loss,,,,,,,,,,,,,,,,,,,,,,,,,,,,,,,,,,,,,,,,,,,,,,,,-21.94,-20.47,1.47,,,,,,,,,,
2026-08-10T18:37:13.848,signal_seen,770407,,,,,2026-08-10T18:36:00,2026-08-10T18:37:13.675,73.676,SELL,63821.23,2489,2026-08-10T18:36:00,63749.12,63759.12,10.0,63749.12,72.11,7211.0,33.5464,0.6709,63847.8903,63864.887,False,True,,,,,,,,,,,,,,,,,,,,0,False,,STOPPED,-20.47,False,,,,,,,,,,,,,,,
2026-08-10T18:37:13.866,signal_skipped,770407,,,protection_stopped,,2026-08-10T18:36:00,2026-08-10T18:37:13.675,73.676,SELL,63821.23,2489,2026-08-10T18:36:00,63749.12,63759.12,10.0,63749.12,72.11,7211.0,33.5464,0.6709,63847.8903,63864.887,False,True,,,,,,,,,,,,,,,,,,,,,,,,,,,,,,,,,,,,,,,,
2026-08-10T19:26:16.416,signal_seen,770407,,,,,2026-08-10T19:25:00,2026-08-10T19:26:16.246,76.246,BUY,63871.23,2491,2026-08-10T19:25:00,63924.8,63934.8,10.0,63934.8,63.57,6357.0,24.2407,0.4848,63874.5865,63855.6475,False,True,,,,,,,,,,,,,,,,,,,,0,False,,STOPPED,-20.47,False,,,,,,,,,,,,,,,
2026-08-10T19:26:16.423,signal_skipped,770407,,,protection_stopped,,2026-08-10T19:25:00,2026-08-10T19:26:16.246,76.246,BUY,63871.23,2491,2026-08-10T19:25:00,63924.8,63934.8,10.0,63934.8,63.57,6357.0,24.2407,0.4848,63874.5865,63855.6475,False,True,,,,,,,,,,,,,,,,,,,,,,,,,,,,,,,,,,,,,,,,
2026-08-10T21:49:13.919,signal_seen,770407,,,,,2026-08-10T21:48:00,2026-08-10T21:49:13.720,73.721,SELL,63971.23,2496,2026-08-10T21:48:00,63936.4,63946.4,10.0,63936.4,34.83,3483.0,24.0629,0.4813,63991.1248,64020.383,True,True,,,,,,,,,,,,,,,,,,,,0,False,,STOPPED,-20.47,False,,,,,,,,,,,,,,,
2026-08-10T21:49:13.959,signal_skipped,770407,,,protection_stopped,,2026-08-10T21:48:00,2026-08-10T21:49:13.720,73.721,SELL,63971.23,2496,2026-08-10T21:48:00,63936.4,63946.4,10.0,63936.4,34.83,3483.0,24.0629,0.4813,63991.1248,64020.383,True,True,,,,,,,,,,,,,,,,,,,,,,,,,,,,,,,,,,,,,,,,
2026-08-11T00:00:19.018,protection_day_start,770407,,,,,,,,,,,,,,,,,,,,,,,,,,,,,,,,,,,,,,,,,,,,,,,,,,,,,,2026-08-11,-14.59,7.0,4.0,20.0,,,,,
2026-08-11T03:12:14.874,signal_seen,770407,,,,,2026-08-11T03:11:00,2026-08-11T03:12:14.676,74.676,BUY,63971.23,2499,2026-08-11T03:11:00,64030.67,64040.67,10.0,64040.67,69.44,6944.0,13.8021,0.276,63995.816,63987.3518,False,True,,,,,,,,,,,,,,,,,,,,0,False,,ACTIVE,0.0,False,,,,,,,,,,,,,,,
2026-08-11T03:12:15.000,signal_skipped,770407,,,combo_big_brick,,2026-08-11T03:11:00,2026-08-11T03:12:14.676,74.676,BUY,63971.23,2499,2026-08-11T03:11:00,64030.67,64040.67,10.0,64040.67,69.44,6944.0,13.8021,0.276,63995.816,63987.3518,False,True,,,,,,,,,,,,,,,,,,,,,,,,,,,,,,,,,,,,,,,,
2026-08-11T05:21:23.223,signal_seen,770407,,,,,2026-08-11T05:20:00,2026-08-11T05:21:23.008,83.009,SELL,63971.23,2502,2026-08-11T05:20:00,63892.43,63902.43,10.0,63892.43,78.8,7880.0,13.8036,0.2761,63968.9849,63989.833,False,True,,,,,,,,,,,,,,,,,,,,0,False,,ACTIVE,0.0,False,,,,,,,,,,,,,,,
2026-08-11T05:21:23.333,signal_skipped,770407,,,combo_big_brick,,2026-08-11T05:20:00,2026-08-11T05:21:23.008,83.009,SELL,63971.23,2502,2026-08-11T05:20:00,63892.43,63902.43,10.0,63892.43,78.8,7880.0,13.8036,0.2761,63968.9849,63989.833,False,True,,,,,,,,,,,,,,,,,,,,,,,,,,,,,,,,,,,,,,,,
2026-08-11T07:36:07.238,signal_seen,770407,,,,,2026-08-11T07:35:00,2026-08-11T07:36:07.055,67.055,BUY,63921.23,2506,2026-08-11T07:35:00,63976.78,63986.78,10.0,63986.78,65.55,6555.0,21.9829,0.4397,63891.6589,63887.6824,False,True,,,,,,,,,,,,,,,,,,,,0,False,,ACTIVE,0.0,False,,,,,,,,,,,,,,,
2026-08-11T07:36:07.376,signal_skipped,770407,,,combo_big_brick,,2026-08-11T07:35:00,2026-08-11T07:36:07.055,67.055,BUY,63921.23,2506,2026-08-11T07:35:00,63976.78,63986.78,10.0,63986.78,65.55,6555.0,21.9829,0.4397,63891.6589,63887.6824,False,True,,,,,,,,,,,,,,,,,,,,,,,,,,,,,,,,,,,,,,,,
2026-08-11T13:04:13.436,signal_seen,770407,,,,,2026-08-11T13:03:00,2026-08-11T13:04:13.100,73.1,SELL,64271.23,2516,2026-08-11T13:03:00,64208.88,64218.88,10.0,64208.88,62.35,6235.0,14.4586,0.2892,64265.6407,64281.5604,False,True,,,,,,,,,,,,,,,,,,,,0,False,,ACTIVE,0.0,False,,,,,,,,,,,,,,,
2026-08-11T13:04:13.563,signal_skipped,770407,,,combo_big_brick,,2026-08-11T13:03:00,2026-08-11T13:04:13.100,73.1,SELL,64271.23,2516,2026-08-11T13:03:00,64208.88,64218.88,10.0,64208.88,62.35,6235.0,14.4586,0.2892,64265.6407,64281.5604,False,True,,,,,,,,,,,,,,,,,,,,,,,,,,,,,,,,,,,,,,,,
2026-08-11T14:16:20.144,signal_seen,770407,,,,,2026-08-11T14:15:00,2026-08-11T14:16:19.900,79.9,BUY,64121.23,2522,2026-08-11T14:15:00,64183.73,64193.73,10.0,64193.73,72.5,7250.0,47.5014,0.95,64132.5428,64134.3378,False,True,,,,,,,,,,,,,,,,,,,,0,False,,ACTIVE,0.0,False,,,,,,,,,,,,,,,
2026-08-11T14:16:21.175,order_open,770407,BUY,new cycle (combo pass),,True,2026-08-11T14:15:00,2026-08-11T14:16:20.292,80.292,BUY,64121.23,2522,2026-08-11T14:15:00,64183.73,64193.73,10.0,64193.73,72.5,7250.0,47.5014,0.95,64132.5428,64134.3378,False,True,64193.73,64195.43,74.2,1.7,170.0,-0.017,64183.73,64193.73,10.0,64185.43,64195.43,10.0,679.0,10009,ok,533842649,1037774090,3402256318,0,,,,,,,,,,,,,,,,,114.35,114.24,1.6,112.64,7140.0
2026-08-11T14:23:04.519,signal_seen,770407,,,,,2026-08-11T14:22:00,2026-08-11T14:23:04.290,64.291,SELL,64071.23,2524,2026-08-11T14:22:00,64005.45,64015.45,10.0,64005.45,65.78,6578.0,45.8114,0.9162,64108.6743,64123.746,False,True,,,,,,,,,,,,,,,,,,,,1,True,BUY,ACTIVE,-1.9,False,,,,,,,,,,,,,,,
2026-08-11T14:23:04.528,signal_skipped,770407,,,opposite_to_cycle,,2026-08-11T14:22:00,2026-08-11T14:23:04.290,64.291,SELL,64071.23,2524,2026-08-11T14:22:00,64005.45,64015.45,10.0,64005.45,65.78,6578.0,45.8114,0.9162,64108.6743,64123.746,False,True,,,,,,,,,,,,,,,,,,,,,,,,,,,,,,,,,,,,,,,,
2026-08-11T16:06:05.617,signal_seen,770407,,,,,2026-08-11T16:05:00,2026-08-11T16:06:05.401,65.402,BUY,63521.23,2538,2026-08-11T16:05:00,63573.51,63583.51,10.0,63583.51,62.28,6228.0,43.7857,0.8757,63525.855,63585.6713,False,True,,,,,,,,,,,,,,,,,,,,1,True,BUY,ACTIVE,-6.21,False,,,,,,,,,,,,,,,
2026-08-11T16:06:06.350,order_open,770407,BUY,recovery add #2,,True,2026-08-11T16:05:00,2026-08-11T16:06:05.635,65.636,BUY,63521.23,2538,2026-08-11T16:05:00,63573.51,63583.51,10.0,63583.51,62.28,6228.0,43.7857,0.8757,63525.855,63585.6713,False,True,63583.51,63579.69,58.46,-3.82,-382.0,0.0382,63573.51,63583.51,10.0,63569.69,63579.69,10.0,506.3,10009,ok,533921147,1037854022,3402256319,1,,,,,,,,,,,,,,,,,114.35,108.0,3.19,104.81,3385.6
2026-08-11T16:46:02.278,signal_seen,770407,,,,,2026-08-11T16:45:00,2026-08-11T16:46:02.069,62.069,SELL,63471.23,2540,2026-08-11T16:45:00,63421.88,63431.88,10.0,63421.88,49.35,4935.0,32.0907,0.6418,63481.3188,63520.573,True,True,,,,,,,,,,,,,,,,,,,,2,True,BUY,ACTIVE,-9.31,False,,,,,,,,,,,,,,,
2026-08-11T16:46:02.285,signal_skipped,770407,,,opposite_to_cycle,,2026-08-11T16:45:00,2026-08-11T16:46:02.069,62.069,SELL,63471.23,2540,2026-08-11T16:45:00,63421.88,63431.88,10.0,63421.88,49.35,4935.0,32.0907,0.6418,63481.3188,63520.573,True,True,,,,,,,,,,,,,,,,,,,,,,,,,,,,,,,,,,,,,,,,
2026-08-11T19:43:05.285,signal_seen,770407,,,,,2026-08-11T19:42:00,2026-08-11T19:43:05.099,65.099,BUY,63321.23,2546,2026-08-11T19:42:00,63385.91,63395.91,10.0,63395.91,74.68,7468.0,31.4157,0.6283,63316.6581,63305.4506,False,True,,,,,,,,,,,,,,,,,,,,2,True,BUY,ACTIVE,-10.03,False,,,,,,,,,,,,,,,
2026-08-11T19:43:06.067,order_open,770407,BUY,recovery add #3,,True,2026-08-11T19:42:00,2026-08-11T19:43:05.294,65.295,BUY,63321.23,2546,2026-08-11T19:42:00,63385.91,63395.91,10.0,63395.91,74.68,7468.0,31.4157,0.6283,63316.6581,63305.4506,False,True,63395.91,63396.82,75.59,0.91,91.0,-0.0091,63385.91,63395.91,10.0,63386.82,63396.82,10.0,582.6,10009,ok,534007013,1037938176,3402256320,2,,,,,,,,,,,,,,,,,114.35,104.23,4.78,99.45,2180.5
2026-08-11T23:06:07.171,signal_seen,770407,,,,,2026-08-11T23:05:00,2026-08-11T23:06:06.986,66.987,SELL,63571.23,2554,2026-08-11T23:05:00,63514.75,63524.75,10.0,63514.75,56.48,5648.0,17.1014,0.342,63571.0718,63597.982,False,True,,,,,,,,,,,,,,,,,,,,2,True,BUY,ACTIVE,-4.96,False,,,,,,,,,,,,,,,
2026-08-11T23:06:07.175,signal_skipped,770407,,,opposite_to_cycle,,2026-08-11T23:05:00,2026-08-11T23:06:06.986,66.987,SELL,63571.23,2554,2026-08-11T23:05:00,63514.75,63524.75,10.0,63514.75,56.48,5648.0,17.1014,0.342,63571.0718,63597.982,False,True,,,,,,,,,,,,,,,,,,,,,,,,,,,,,,,,,,,,,,,,
2026-08-12T00:00:08.056,protection_day_start,770407,,,,,,,,,,,,,,,,,,,,,,,,,,,,,,,,,,,,,,,,,,,,,,,,,,,,,,2026-08-12,-19.39,7.0,4.0,20.0,,,,,
2026-08-12T00:46:16.051,signal_seen,770407,,,,,2026-08-12T00:45:00,2026-08-12T00:46:15.815,75.816,BUY,63621.23,2556,2026-08-12T00:45:00,63662.96,63672.96,10.0,63672.96,51.73,5173.0,18.635,0.3727,63636.4341,63600.3865,False,True,,,,,,,,,,,,,,,,,,,,2,True,BUY,ACTIVE,2.8,False,,,,,,,,,,,,,,,
2026-08-12T00:46:16.943,order_open,770407,BUY,recovery add #3,,True,2026-08-12T00:45:00,2026-08-12T00:46:16.083,76.083,BUY,63621.23,2556,2026-08-12T00:45:00,63662.96,63672.96,10.0,63672.96,51.73,5173.0,18.635,0.3727,63636.4341,63600.3865,False,True,63672.96,63673.86,52.63,0.9,90.0,-0.009,63662.96,63672.96,10.0,63663.86,63673.86,10.0,509.7,10009,ok,534055909,1037992709,3402256321,2,,,,,,,,,,,,,,,,,116.84,112.27,4.79,107.48,2343.8
2026-08-12T01:44:04.547,close_decided,770407,,recovered - own cycle P&L +0.44 (realised +2.49 + floating -2.05),,,,,,,,,,,,,,,,,,,,,,,,,,,,,,,,,,,,,,,,,,,,,,,,,,,,,,,,,116.84,114.79,4.79,110.0,2396.5
2026-08-12T01:44:05.155,order_close,770407,BUY,recovered - own cycle P&L +0.44 (realised +2.49 + floating -2.05),,True,,,,,,,,,,,,,,,,,,,,63747.94,63746.15,,,,-0.0179,63747.94,63757.94,10.0,,,,602.9,10009,ok,534070130,1038006544,,,,,,,,,,,,,,,,,,,,,,,
2026-08-12T01:44:05.771,order_close,770407,BUY,recovered - own cycle P&L +0.44 (realised +2.49 + floating -2.05),,True,,,,,,,,,,,,,,,,,,,,63746.15,63746.15,,,,0.0,63746.15,63756.15,10.0,,,,608.7,10009,ok,534070132,1038006547,,,,,,,,,,,,,,,,,,,,,,,
2026-08-12T01:44:06.305,order_close,770407,BUY,recovered - own cycle P&L +0.44 (realised +2.49 + floating -2.05),,True,,,,,,,,,,,,,,,,,,,,63746.15,63747.0,,,,0.0085,63746.15,63756.15,10.0,,,,530.1,10009,ok,534070135,1038006550,,,,,,,,,,,,,,,,,,,,,,,
2026-08-12T02:57:21.494,signal_seen,770407,,,,,2026-08-12T02:56:00,2026-08-12T02:57:21.321,81.322,SELL,63721.23,2561,2026-08-12T02:56:00,63680.02,63690.02,10.0,63680.02,41.21,4121.0,16.3293,0.3266,63712.9942,63732.1735,True,True,,,,,,,,,,,,,,,,,,,,0,False,,ACTIVE,5.19,False,,,,,,,,,,,,,,,
2026-08-12T02:57:21.587,signal_skipped,770407,,,combo_big_brick,,2026-08-12T02:56:00,2026-08-12T02:57:21.321,81.322,SELL,63721.23,2561,2026-08-12T02:56:00,63680.02,63690.02,10.0,63680.02,41.21,4121.0,16.3293,0.3266,63712.9942,63732.1735,True,True,,,,,,,,,,,,,,,,,,,,,,,,,,,,,,,,,,,,,,,,
2026-08-12T04:23:16.659,signal_seen,770407,,,,,2026-08-12T04:22:00,2026-08-12T04:23:16.375,76.376,BUY,63771.23,2563,2026-08-12T04:22:00,63816.44,63826.44,10.0,63826.44,55.21,5521.0,23.5543,0.4711,63751.6791,63742.0327,False,True,,,,,,,,,,,,,,,,,,,,0,False,,ACTIVE,5.19,False,,,,,,,,,,,,,,,
2026-08-12T04:23:17.945,order_open,770407,BUY,new cycle (combo pass),,True,2026-08-12T04:22:00,2026-08-12T04:23:16.835,76.835,BUY,63771.23,2563,2026-08-12T04:22:00,63816.44,63826.44,10.0,63826.44,55.21,5521.0,23.5543,0.4711,63751.6791,63742.0327,False,True,63826.44,63812.47,41.24,-13.97,-1397.0,0.1397,63816.44,63826.44,10.0,63802.47,63812.47,10.0,642.1,10009,ok,534106750,1038042316,3402256325,0,,,,,,,,,,,,,,,,,114.74,114.64,1.6,113.04,7165.0
2026-08-12T04:36:03.980,signal_seen,770407,,,,,2026-08-12T04:35:00,2026-08-12T04:36:03.757,63.758,SELL,63721.23,2565,2026-08-12T04:35:00,63670.39,63680.39,10.0,63670.39,50.84,5084.0,29.6886,0.5938,63723.5091,63734.4091,False,True,,,,,,,,,,,,,,,,,,,,1,False,BUY,ACTIVE,3.77,False,,,,,,,,,,,,,,,
2026-08-12T04:36:03.999,signal_waiting,770407,,,holding_not_in_recovery,,2026-08-12T04:35:00,2026-08-12T04:36:03.757,63.758,SELL,63721.23,2565,2026-08-12T04:35:00,63670.39,63680.39,10.0,63670.39,50.84,5084.0,29.6886,0.5938,63723.5091,63734.4091,False,True,,,,,,,,,,,,,,,,,,,,,,,,,,,,,,,,,,,,,,,,
2026-08-12T07:08:21.014,signal_seen,770407,,,,,2026-08-12T07:07:00,2026-08-12T07:08:20.745,80.746,BUY,63671.23,2569,2026-08-12T07:07:00,63723.58,63733.58,10.0,63733.58,62.35,6235.0,22.79,0.4558,63648.5357,63636.5859,False,True,,,,,,,,,,,,,,,,,,,,1,True,BUY,ACTIVE,4.31,False,,,,,,,,,,,,,,,
2026-08-12T07:08:21.911,order_open,770407,BUY,recovery add #2,,True,2026-08-12T07:07:00,2026-08-12T07:08:21.085,81.085,BUY,63671.23,2569,2026-08-12T07:07:00,63723.24,63733.24,10.0,63733.24,62.01,6201.0,22.79,0.4558,63648.5357,63636.5859,False,True,63733.24,63733.1,61.87,-0.14,-14.0,0.0014,63723.24,63733.24,10.0,63723.1,63733.1,10.0,607.5,10009,ok,534168561,1038106064,3402256326,1,,,,,,,,,,,,,,,,,114.74,113.75,3.19,110.56,3565.8
2026-08-12T08:03:12.197,close_decided,770407,,recovered - own cycle P&L +0.31 (realised +0.00 + floating +0.31),,,,,,,,,,,,,,,,,,,,,,,,,,,,,,,,,,,,,,,,,,,,,,,,,,,,,,,,,114.74,115.05,3.19,111.86,3606.6
2026-08-12T08:03:12.752,order_close,770407,BUY,recovered - own cycle P&L +0.31 (realised +0.00 + floating +0.31),,True,,,,,,,,,,,,,,,,,,,,63787.95,63783.1,,,,-0.0485,63787.95,63797.95,10.0,,,,555.2,10009,ok,534192068,1038132271,,,,,,,,,,,,,,,,,,,,,,,
2026-08-12T08:03:13.378,order_close,770407,BUY,recovered - own cycle P&L +0.31 (realised +0.00 + floating +0.31),,True,,,,,,,,,,,,,,,,,,,,63783.1,63784.1,,,,0.01,63783.1,63793.1,10.0,,,,617.3,10009,ok,534192077,1038132274,,,,,,,,,,,,,,,,,,,,,,,
2026-08-12T12:31:27.920,signal_seen,770407,,,,,2026-08-12T12:30:00,2026-08-12T12:31:27.730,87.73,SELL,64221.23,2583,2026-08-12T12:30:00,64072.82,64082.82,10.0,64072.82,148.41,14841.0,64.1871,1.2837,64234.0411,64202.4464,False,False,,,,,,,,,,,,,,,,,,,,0,False,,ACTIVE,5.41,False,,,,,,,,,,,,,,,
2026-08-12T12:31:28.031,signal_skipped,770407,,,combo_big_brick,,2026-08-12T12:30:00,2026-08-12T12:31:27.730,87.73,SELL,64221.23,2583,2026-08-12T12:30:00,64072.82,64082.82,10.0,64072.82,148.41,14841.0,64.1871,1.2837,64234.0411,64202.4464,False,False,,,,,,,,,,,,,,,,,,,,,,,,,,,,,,,,,,,,,,,,
2026-08-12T14:11:07.513,signal_seen,770407,,,,,2026-08-12T14:10:00,2026-08-12T14:11:07.281,67.282,BUY,63671.23,2597,2026-08-12T14:10:00,63793.03,63803.03,10.0,63803.03,131.8,13180.0,72.5543,1.4511,63718.7573,63815.6334,False,False,,,,,,,,,,,,,,,,,,,,0,False,,ACTIVE,5.41,False,,,,,,,,,,,,,,,
2026-08-12T14:11:07.640,signal_skipped,770407,,,combo_big_brick,,2026-08-12T14:10:00,2026-08-12T14:11:07.281,67.282,BUY,63671.23,2597,2026-08-12T14:10:00,63793.03,63803.03,10.0,63803.03,131.8,13180.0,72.5543,1.4511,63718.7573,63815.6334,False,False,,,,,,,,,,,,,,,,,,,,,,,,,,,,,,,,,,,,,,,,
2026-08-12T14:30:05.400,signal_seen,770407,,,,,2026-08-12T14:29:00,2026-08-12T14:30:05.145,65.145,SELL,63671.23,2600,2026-08-12T14:29:00,63578.83,63588.83,10.0,63578.83,92.4,9240.0,56.1907,1.1238,63699.8871,63758.6653,False,True,,,,,,,,,,,,,,,,,,,,0,False,,ACTIVE,5.41,False,,,,,,,,,,,,,,,
2026-08-12T14:30:05.575,signal_skipped,770407,,,combo_big_brick,,2026-08-12T14:29:00,2026-08-12T14:30:05.145,65.145,SELL,63671.23,2600,2026-08-12T14:29:00,63578.83,63588.83,10.0,63578.83,92.4,9240.0,56.1907,1.1238,63699.8871,63758.6653,False,True,,,,,,,,,,,,,,,,,,,,,,,,,,,,,,,,,,,,,,,,
2026-08-12T15:43:24.127,signal_seen,770407,,,,,2026-08-12T15:42:00,2026-08-12T15:43:23.712,83.713,BUY,63421.23,2608,2026-08-12T15:42:00,63495.92,63505.92,10.0,63505.92,84.69,8469.0,45.1414,0.9028,63422.8166,63440.5529,False,True,,,,,,,,,,,,,,,,,,,,0,False,,ACTIVE,5.41,False,,,,,,,,,,,,,,,
2026-08-12T15:43:24.260,signal_skipped,770407,,,combo_big_brick,,2026-08-12T15:42:00,2026-08-12T15:43:23.712,83.713,BUY,63421.23,2608,2026-08-12T15:42:00,63495.92,63505.92,10.0,63505.92,84.69,8469.0,45.1414,0.9028,63422.8166,63440.5529,False,True,,,,,,,,,,,,,,,,,,,,,,,,,,,,,,,,,,,,,,,,
2026-08-12T18:21:18.382,signal_seen,770407,,,,,2026-08-12T18:20:00,2026-08-12T18:21:18.217,78.217,SELL,63371.23,2610,2026-08-12T18:20:00,63318.8,63328.8,10.0,63318.8,52.43,5243.0,25.0979,0.502,63373.5413,63391.1366,False,True,,,,,,,,,,,,,,,,,,,,0,False,,ACTIVE,5.41,False,,,,,,,,,,,,,,,
2026-08-12T18:21:18.480,signal_skipped,770407,,,combo_big_brick,,2026-08-12T18:20:00,2026-08-12T18:21:18.217,78.217,SELL,63371.23,2610,2026-08-12T18:20:00,63318.8,63328.8,10.0,63318.8,52.43,5243.0,25.0979,0.502,63373.5413,63391.1366,False,True,,,,,,,,,,,,,,,,,,,,,,,,,,,,,,,,,,,,,,,,
2026-08-12T20:26:10.591,signal_seen,770407,,,,,2026-08-12T20:25:00,2026-08-12T20:26:10.414,70.415,BUY,63371.23,2613,2026-08-12T20:25:00,63424.54,63434.54,10.0,63434.54,63.31,6331.0,23.1336,0.4627,63391.0043,63365.0714,False,True,,,,,,,,,,,,,,,,,,,,0,False,,ACTIVE,5.41,False,,,,,,,,,,,,,,,
2026-08-12T20:26:10.686,signal_skipped,770407,,,combo_big_brick,,2026-08-12T20:25:00,2026-08-12T20:26:10.414,70.415,BUY,63371.23,2613,2026-08-12T20:25:00,63424.54,63434.54,10.0,63434.54,63.31,6331.0,23.1336,0.4627,63391.0043,63365.0714,False,True,,,,,,,,,,,,,,,,,,,,,,,,,,,,,,,,,,,,,,,,
2026-08-12T21:37:10.186,signal_seen,770407,,,,,2026-08-12T21:36:00,2026-08-12T21:37:09.999,69.999,SELL,63421.23,2617,2026-08-12T21:36:00,63381.5,63391.5,10.0,63381.5,39.73,3973.0,31.4429,0.6289,63436.7049,63457.7518,True,True,,,,,,,,,,,,,,,,,,,,0,False,,ACTIVE,5.41,False,,,,,,,,,,,,,,,
2026-08-12T21:37:10.285,signal_skipped,770407,,,combo_big_brick,,2026-08-12T21:36:00,2026-08-12T21:37:09.999,69.999,SELL,63421.23,2617,2026-08-12T21:36:00,63381.5,63391.5,10.0,63381.5,39.73,3973.0,31.4429,0.6289,63436.7049,63457.7518,True,True,,,,,,,,,,,,,,,,,,,,,,,,,,,,,,,,,,,,,,,,
2026-08-13T00:00:06.007,protection_day_start,770407,,,,,,,,,,,,,,,,,,,,,,,,,,,,,,,,,,,,,,,,,,,,,,,,,,,,,,2026-08-13,-13.98,7.0,4.0,20.0,,,,,
2026-08-13T00:09:09.344,signal_seen,770407,,,,,2026-08-13T00:08:00,2026-08-13T00:09:09.169,69.169,BUY,63421.23,2620,2026-08-13T00:08:00,63491.77,63501.77,10.0,63501.77,80.54,8054.0,28.9271,0.5785,63402.0158,63377.1896,False,True,,,,,,,,,,,,,,,,,,,,0,False,,ACTIVE,0.0,False,,,,,,,,,,,,,,,
2026-08-13T00:09:09.448,signal_skipped,770407,,,combo_big_brick,,2026-08-13T00:08:00,2026-08-13T00:09:09.169,69.169,BUY,63421.23,2620,2026-08-13T00:08:00,63491.77,63501.77,10.0,63501.77,80.54,8054.0,28.9271,0.5785,63402.0158,63377.1896,False,True,,,,,,,,,,,,,,,,,,,,,,,,,,,,,,,,,,,,,,,,
2026-08-13T01:24:13.750,signal_seen,770407,,,,,2026-08-13T01:23:00,2026-08-13T01:24:13.565,73.566,SELL,63471.23,2624,2026-08-13T01:23:00,63383.19,63393.19,10.0,63383.19,88.04,8804.0,31.335,0.6267,63487.5041,63491.9829,False,True,,,,,,,,,,,,,,,,,,,,0,False,,ACTIVE,0.0,False,,,,,,,,,,,,,,,
2026-08-13T01:24:13.843,signal_skipped,770407,,,combo_big_brick,,2026-08-13T01:23:00,2026-08-13T01:24:13.565,73.566,SELL,63471.23,2624,2026-08-13T01:23:00,63383.19,63393.19,10.0,63383.19,88.04,8804.0,31.335,0.6267,63487.5041,63491.9829,False,True,,,,,,,,,,,,,,,,,,,,,,,,,,,,,,,,,,,,,,,,
2026-08-13T02:54:15.103,signal_seen,770407,,,,,2026-08-13T02:53:00,2026-08-13T02:54:14.937,74.938,BUY,63421.23,2628,2026-08-13T02:53:00,63478.22,63488.22,10.0,63488.22,66.99,6699.0,25.0443,0.5009,63421.6936,63401.8949,False,True,,,,,,,,,,,,,,,,,,,,0,False,,ACTIVE,0.0,False,,,,,,,,,,,,,,,
2026-08-13T02:54:15.213,signal_skipped,770407,,,combo_big_brick,,2026-08-13T02:53:00,2026-08-13T02:54:14.937,74.938,BUY,63421.23,2628,2026-08-13T02:53:00,63478.22,63488.22,10.0,63488.22,66.99,6699.0,25.0443,0.5009,63421.6936,63401.8949,False,True,,,,,,,,,,,,,,,,,,,,,,,,,,,,,,,,,,,,,,,,
2026-08-13T06:04:10.627,signal_seen,770407,,,,,2026-08-13T06:03:00,2026-08-13T06:04:10.448,70.449,SELL,63821.23,2639,2026-08-13T06:03:00,63767.2,63777.2,10.0,63767.2,54.03,5403.0,14.61,0.2922,63814.6974,63807.5835,False,True,,,,,,,,,,,,,,,,,,,,0,False,,ACTIVE,0.0,False,,,,,,,,,,,,,,,
2026-08-13T06:04:10.717,signal_skipped,770407,,,combo_big_brick,,2026-08-13T06:03:00,2026-08-13T06:04:10.448,70.449,SELL,63821.23,2639,2026-08-13T06:03:00,63767.2,63777.2,10.0,63767.2,54.03,5403.0,14.61,0.2922,63814.6974,63807.5835,False,True,,,,,,,,,,,,,,,,,,,,,,,,,,,,,,,,,,,,,,,,
2026-08-13T07:00:14.237,signal_seen,770407,,,,,2026-08-13T06:59:00,2026-08-13T07:00:14.068,74.069,BUY,63821.23,2642,2026-08-13T06:59:00,63860.83,63870.83,10.0,63870.83,49.6,4960.0,27.4443,0.5489,63796.2499,63774.3384,True,True,,,,,,,,,,,,,,,,,,,,0,False,,ACTIVE,0.0,False,,,,,,,,,,,,,,,
2026-08-13T07:00:14.337,signal_skipped,770407,,,combo_big_brick,,2026-08-13T06:59:00,2026-08-13T07:00:14.068,74.069,BUY,63821.23,2642,2026-08-13T06:59:00,63860.83,63870.83,10.0,63870.83,49.6,4960.0,27.4443,0.5489,63796.2499,63774.3384,True,True,,,,,,,,,,,,,,,,,,,,,,,,,,,,,,,,,,,,,,,,
2026-08-13T08:33:07.286,signal_seen,770407,,,,,2026-08-13T08:32:00,2026-08-13T08:33:07.101,67.102,SELL,63771.23,2644,2026-08-13T08:32:00,63718.99,63728.99,10.0,63718.99,52.24,5224.0,15.5271,0.3105,63746.1767,63772.0883,False,True,,,,,,,,,,,,,,,,,,,,0,False,,ACTIVE,0.0,False,,,,,,,,,,,,,,,
2026-08-13T08:33:07.397,signal_skipped,770407,,,combo_big_brick,,2026-08-13T08:32:00,2026-08-13T08:33:07.101,67.102,SELL,63771.23,2644,2026-08-13T08:32:00,63718.99,63728.99,10.0,63718.99,52.24,5224.0,15.5271,0.3105,63746.1767,63772.0883,False,True,,,,,,,,,,,,,,,,,,,,,,,,,,,,,,,,,,,,,,,,
2026-08-13T12:10:08.400,signal_seen,770407,,,,,2026-08-13T12:09:00,2026-08-13T12:10:08.207,68.207,BUY,63421.23,2654,2026-08-13T12:09:00,63471.46,63481.46,10.0,63481.46,60.23,6023.0,26.6279,0.5326,63419.1421,63428.3742,False,True,,,,,,,,,,,,,,,,,,,,0,False,,ACTIVE,0.0,False,,,,,,,,,,,,,,,
2026-08-13T12:10:08.567,signal_skipped,770407,,,combo_big_brick,,2026-08-13T12:09:00,2026-08-13T12:10:08.207,68.207,BUY,63421.23,2654,2026-08-13T12:09:00,63471.46,63481.46,10.0,63481.46,60.23,6023.0,26.6279,0.5326,63419.1421,63428.3742,False,True,,,,,,,,,,,,,,,,,,,,,,,,,,,,,,,,,,,,,,,,
2026-08-13T13:24:09.000,signal_seen,770407,,,,,2026-08-13T13:23:00,2026-08-13T13:24:08.786,68.787,SELL,63621.23,2661,2026-08-13T13:23:00,63540.55,63550.55,10.0,63540.55,80.68,8068.0,28.1143,0.5623,63632.3684,63601.8237,False,True,,,,,,,,,,,,,,,,,,,,0,False,,ACTIVE,0.0,False,,,,,,,,,,,,,,,
2026-08-13T13:24:09.850,order_open,770407,SELL,new cycle (combo pass),,True,2026-08-13T13:23:00,2026-08-13T13:24:09.125,69.125,SELL,63621.23,2661,2026-08-13T13:23:00,63540.55,63550.55,10.0,63540.55,80.68,8068.0,28.1143,0.5623,63632.3684,63601.8237,False,True,63540.55,63539.560000000005,81.67,0.99,99.0,-0.0099,63540.55,63550.55,10.0,63539.56,63549.56,10.0,554.0,10009,ok,535068523,1039086398,3402256329,0,,,,,,,,,,,,,,,,,114.96,114.86,1.59,113.27,7223.9
2026-08-13T13:38:15.435,signal_seen,770407,,,,,2026-08-13T13:37:00,2026-08-13T13:38:15.255,75.255,BUY,63621.23,2664,2026-08-13T13:37:00,63680.5,63690.5,10.0,63690.5,69.27,6927.0,49.4129,0.9883,63603.449,63592.3943,False,True,,,,,,,,,,,,,,,,,,,,1,True,SELL,ACTIVE,-1.51,False,,,,,,,,,,,,,,,
2026-08-13T13:38:15.448,signal_skipped,770407,,,opposite_to_cycle,,2026-08-13T13:37:00,2026-08-13T13:38:15.255,75.255,BUY,63621.23,2664,2026-08-13T13:37:00,63680.5,63690.5,10.0,63690.5,69.27,6927.0,49.4129,0.9883,63603.449,63592.3943,False,True,,,,,,,,,,,,,,,,,,,,,,,,,,,,,,,,,,,,,,,,
2026-08-13T15:26:03.067,signal_seen,770407,,,,,2026-08-13T15:25:00,2026-08-13T15:26:02.885,62.886,SELL,63771.23,2670,2026-08-13T15:25:00,63679.43,63689.43,10.0,63679.43,91.8,9180.0,38.7186,0.7744,63767.9185,63782.8649,False,True,,,,,,,,,,,,,,,,,,,,1,True,SELL,ACTIVE,-1.49,False,,,,,,,,,,,,,,,
2026-08-13T15:26:03.860,order_open,770407,SELL,recovery add #2,,True,2026-08-13T15:25:00,2026-08-13T15:26:03.076,63.076,SELL,63771.23,2670,2026-08-13T15:25:00,63673.23,63683.23,10.0,63673.23,98.0,9800.0,38.7186,0.7744,63767.9185,63782.8649,False,True,63673.23,63673.23,98.0,-0.0,-0.0,0.0,63673.23,63683.23,10.0,63673.23,63683.23,10.0,618.5,10009,ok,535173612,1039187762,3402256330,1,,,,,,,,,,,,,,,,,114.96,113.43,3.18,110.25,3567.0
2026-08-13T15:29:05.068,close_decided,770407,,recovered - own cycle P&L +0.69 (realised +0.00 + floating +0.69),,,,,,,,,,,,,,,,,,,,,,,,,,,,,,,,,,,,,,,,,,,,,,,,,,,,,,,,,114.96,115.65,3.18,112.47,3636.8
2026-08-13T15:29:05.686,order_close,770407,SELL,recovered - own cycle P&L +0.69 (realised +0.00 + floating +0.69),,True,,,,,,,,,,,,,,,,,,,,63571.95,63571.950000000004,,,,-0.0,63561.95,63571.95,10.0,,,,619.8,10009,ok,535176681,1039190640,,,,,,,,,,,,,,,,,,,,,,,
2026-08-13T15:29:06.259,order_close,770407,SELL,recovered - own cycle P&L +0.69 (realised +0.00 + floating +0.69),,True,,,,,,,,,,,,,,,,,,,,63571.95,63571.96,,,,-0.0001,63561.95,63571.95,10.0,,,,572.5,10009,ok,535176693,1039190647,,,,,,,,,,,,,,,,,,,,,,,
2026-08-13T16:48:11.085,signal_seen,770407,,,,,2026-08-13T16:47:00,2026-08-13T16:48:10.921,70.922,BUY,62921.23,2690,2026-08-13T16:47:00,63037.81,63047.81,10.0,63047.81,126.58,12658.0,91.6114,1.8322,63094.4207,63272.2168,False,False,,,,,,,,,,,,,,,,,,,,0,False,,ACTIVE,0.69,False,,,,,,,,,,,,,,,
2026-08-13T16:48:11.205,signal_skipped,770407,,,combo_big_brick,,2026-08-13T16:47:00,2026-08-13T16:48:10.921,70.922,BUY,62921.23,2690,2026-08-13T16:47:00,63037.81,63047.81,10.0,63047.81,126.58,12658.0,91.6114,1.8322,63094.4207,63272.2168,False,False,,,,,,,,,,,,,,,,,,,,,,,,,,,,,,,,,,,,,,,,
2026-08-13T23:48:13.466,signal_seen,770407,,,,,2026-08-13T23:47:00,2026-08-13T23:48:13.263,73.263,SELL,63421.23,2703,2026-08-13T23:47:00,63384.08,63394.08,10.0,63384.08,37.15,3715.0,14.745,0.2949,63393.3966,63411.9863,True,True,,,,,,,,,,,,,,,,,,,,0,False,,ACTIVE,0.69,False,,,,,,,,,,,,,,,
2026-08-13T23:48:13.574,signal_skipped,770407,,,combo_big_brick,,2026-08-13T23:47:00,2026-08-13T23:48:13.263,73.263,SELL,63421.23,2703,2026-08-13T23:47:00,63384.08,63394.08,10.0,63384.08,37.15,3715.0,14.745,0.2949,63393.3966,63411.9863,True,True,,,,,,,,,,,,,,,,,,,,,,,,,,,,,,,,,,,,,,,,
2026-08-14T00:00:03.970,protection_day_start,770407,,,,,,,,,,,,,,,,,,,,,,,,,,,,,,,,,,,,,,,,,,,,,,,,,,,,,,2026-08-14,-13.29,7.0,4.0,20.0,,,,,
2026-08-14T01:06:16.579,signal_seen,770407,,,,,2026-08-14T01:05:00,2026-08-14T01:06:16.379,76.38,BUY,63471.23,2705,2026-08-14T01:05:00,63519.09,63529.09,10.0,63529.09,57.86,5786.0,27.845,0.5569,63466.8561,63441.5956,False,True,,,,,,,,,,,,,,,,,,,,0,False,,ACTIVE,0.0,False,,,,,,,,,,,,,,,
2026-08-14T01:06:16.695,signal_skipped,770407,,,combo_big_brick,,2026-08-14T01:05:00,2026-08-14T01:06:16.379,76.38,BUY,63471.23,2705,2026-08-14T01:05:00,63519.09,63529.09,10.0,63529.09,57.86,5786.0,27.845,0.5569,63466.8561,63441.5956,False,True,,,,,,,,,,,,,,,,,,,,,,,,,,,,,,,,,,,,,,,,
2026-08-14T03:02:07.065,signal_seen,770407,,,,,2026-08-14T03:01:00,2026-08-14T03:02:06.882,66.882,SELL,63421.23,2707,2026-08-14T03:01:00,63369.47,63379.47,10.0,63369.47,51.76,5176.0,18.8179,0.3764,63437.48,63453.5128,False,True,,,,,,,,,,,,,,,,,,,,0,False,,ACTIVE,0.0,False,,,,,,,,,,,,,,,
2026-08-14T03:02:07.181,signal_skipped,770407,,,combo_big_brick,,2026-08-14T03:01:00,2026-08-14T03:02:06.882,66.882,SELL,63421.23,2707,2026-08-14T03:01:00,63369.47,63379.47,10.0,63369.47,51.76,5176.0,18.8179,0.3764,63437.48,63453.5128,False,True,,,,,,,,,,,,,,,,,,,,,,,,,,,,,,,,,,,,,,,,
2026-08-14T04:17:24.439,signal_seen,770407,,,,,2026-08-14T04:16:00,2026-08-14T04:17:24.236,84.236,BUY,63321.23,2712,2026-08-14T04:16:00,63373.82,63383.82,10.0,63383.82,62.59,6259.0,21.6321,0.4326,63322.4217,63329.6482,False,True,,,,,,,,,,,,,,,,,,,,0,False,,ACTIVE,0.0,False,,,,,,,,,,,,,,,
2026-08-14T04:17:24.587,signal_skipped,770407,,,combo_big_brick,,2026-08-14T04:16:00,2026-08-14T04:17:24.236,84.236,BUY,63321.23,2712,2026-08-14T04:16:00,63373.82,63383.82,10.0,63383.82,62.59,6259.0,21.6321,0.4326,63322.4217,63329.6482,False,True,,,,,,,,,,,,,,,,,,,,,,,,,,,,,,,,,,,,,,,,
2026-08-14T05:24:06.104,signal_seen,770407,,,,,2026-08-14T05:23:00,2026-08-14T05:24:05.921,65.922,SELL,63271.23,2714,2026-08-14T05:23:00,63222.67,63232.67,10.0,63222.67,48.56,4856.0,22.7043,0.4541,63270.2336,63291.8286,True,True,,,,,,,,,,,,,,,,,,,,0,False,,ACTIVE,0.0,False,,,,,,,,,,,,,,,
2026-08-14T05:24:06.195,signal_skipped,770407,,,combo_big_brick,,2026-08-14T05:23:00,2026-08-14T05:24:05.921,65.922,SELL,63271.23,2714,2026-08-14T05:23:00,63222.67,63232.67,10.0,63222.67,48.56,4856.0,22.7043,0.4541,63270.2336,63291.8286,True,True,,,,,,,,,,,,,,,,,,,,,,,,,,,,,,,,,,,,,,,,
2026-08-14T08:51:17.187,signal_seen,770407,,,,,2026-08-14T08:50:00,2026-08-14T08:51:16.976,76.977,BUY,62771.23,2727,2026-08-14T08:50:00,62828.84,62838.84,10.0,62838.84,67.61,6761.0,27.4464,0.5489,62781.3374,62803.1191,False,True,,,,,,,,,,,,,,,,,,,,0,False,,ACTIVE,0.0,False,,,,,,,,,,,,,,,
2026-08-14T08:51:17.290,signal_skipped,770407,,,combo_big_brick,,2026-08-14T08:50:00,2026-08-14T08:51:16.976,76.977,BUY,62771.23,2727,2026-08-14T08:50:00,62828.84,62838.84,10.0,62838.84,67.61,6761.0,27.4464,0.5489,62781.3374,62803.1191,False,True,,,,,,,,,,,,,,,,,,,,,,,,,,,,,,,,,,,,,,,,
2026-08-14T12:53:08.013,signal_seen,770407,,,,,2026-08-14T12:52:00,2026-08-14T12:53:07.708,67.708,SELL,62721.23,2729,2026-08-14T12:52:00,62659.6,62669.6,10.0,62659.6,61.63,6163.0,31.3064,0.6261,62720.5546,62749.3868,False,True,,,,,,,,,,,,,,,,,,,,0,False,,ACTIVE,0.0,False,,,,,,,,,,,,,,,
2026-08-14T12:53:08.322,signal_skipped,770407,,,combo_big_brick,,2026-08-14T12:52:00,2026-08-14T12:53:07.708,67.708,SELL,62721.23,2729,2026-08-14T12:52:00,62659.6,62669.6,10.0,62659.6,61.63,6163.0,31.3064,0.6261,62720.5546,62749.3868,False,True,,,,,,,,,,,,,,,,,,,,,,,,,,,,,,,,,,,,,,,,
2026-08-14T14:37:02.873,signal_seen,770407,,,,,2026-08-14T14:36:00,2026-08-14T14:37:02.591,62.592,BUY,62621.23,2734,2026-08-14T14:36:00,62690.02,62700.02,10.0,62700.02,78.79,7879.0,47.6693,0.9534,62607.5493,62594.3965,False,True,,,,,,,,,,,,,,,,,,,,0,False,,ACTIVE,0.0,False,,,,,,,,,,,,,,,
2026-08-14T14:37:03.031,signal_skipped,770407,,,combo_big_brick,,2026-08-14T14:36:00,2026-08-14T14:37:02.591,62.592,BUY,62621.23,2734,2026-08-14T14:36:00,62690.02,62700.02,10.0,62700.02,78.79,7879.0,47.6693,0.9534,62607.5493,62594.3965,False,True,,,,,,,,,,,,,,,,,,,,,,,,,,,,,,,,,,,,,,,,
2026-08-14T14:57:05.450,signal_seen,770407,,,,,2026-08-14T14:56:00,2026-08-14T14:57:05.126,65.126,SELL,62571.23,2736,2026-08-14T14:56:00,62504.12,62514.12,10.0,62504.12,67.11,6711.0,34.3521,0.687,62620.1935,62618.7853,False,True,,,,,,,,,,,,,,,,,,,,0,False,,ACTIVE,0.0,False,,,,,,,,,,,,,,,
2026-08-14T14:57:05.585,signal_skipped,770407,,,combo_big_brick,,2026-08-14T14:56:00,2026-08-14T14:57:05.126,65.126,SELL,62571.23,2736,2026-08-14T14:56:00,62504.12,62514.12,10.0,62504.12,67.11,6711.0,34.3521,0.687,62620.1935,62618.7853,False,True,,,,,,,,,,,,,,,,,,,,,,,,,,,,,,,,,,,,,,,,
2026-08-14T15:24:21.783,signal_seen,770407,,,,,2026-08-14T15:23:00,2026-08-14T15:24:21.562,81.563,BUY,62621.23,2738,2026-08-14T15:23:00,62661.23,62671.23,10.0,62671.23,50.0,5000.0,26.9686,0.5394,62633.8783,62620.8695,True,True,,,,,,,,,,,,,,,,,,,,0,False,,ACTIVE,0.0,False,,,,,,,,,,,,,,,
2026-08-14T15:24:21.929,signal_skipped,770407,,,combo_big_brick,,2026-08-14T15:23:00,2026-08-14T15:24:21.562,81.563,BUY,62621.23,2738,2026-08-14T15:23:00,62661.23,62671.23,10.0,62671.23,50.0,5000.0,26.9686,0.5394,62633.8783,62620.8695,True,True,,,,,,,,,,,,,,,,,,,,,,,,,,,,,,,,,,,,,,,,
2026-08-14T17:56:12.390,signal_seen,770407,,,,,2026-08-14T17:55:00,2026-08-14T17:56:12.109,72.109,SELL,63021.23,2749,2026-08-14T17:55:00,62936.14,62946.14,10.0,62936.14,85.09,8509.0,27.7364,0.5547,63036.8656,63063.2203,False,True,,,,,,,,,,,,,,,,,,,,0,False,,ACTIVE,0.0,False,,,,,,,,,,,,,,,
2026-08-14T17:56:12.519,signal_skipped,770407,,,combo_big_brick,,2026-08-14T17:55:00,2026-08-14T17:56:12.109,72.109,SELL,63021.23,2749,2026-08-14T17:55:00,62936.14,62946.14,10.0,62936.14,85.09,8509.0,27.7364,0.5547,63036.8656,63063.2203,False,True,,,,,,,,,,,,,,,,,,,,,,,,,,,,,,,,,,,,,,,,
2026-08-14T20:05:19.234,signal_seen,770407,,,,,2026-08-14T20:04:00,2026-08-14T20:05:18.959,78.96,BUY,62871.23,2755,2026-08-14T20:04:00,62934.31,62944.31,10.0,62944.31,73.08,7308.0,21.9057,0.4381,62892.4103,62873.1556,False,True,,,,,,,,,,,,,,,,,,,,0,False,,ACTIVE,0.0,False,,,,,,,,,,,,,,,
2026-08-14T20:05:19.375,signal_skipped,770407,,,combo_big_brick,,2026-08-14T20:04:00,2026-08-14T20:05:18.959,78.96,BUY,62871.23,2755,2026-08-14T20:04:00,62934.31,62944.31,10.0,62944.31,73.08,7308.0,21.9057,0.4381,62892.4103,62873.1556,False,True,,,,,,,,,,,,,,,,,,,,,,,,,,,,,,,,,,,,,,,,
2026-08-14T22:13:08.937,signal_seen,770407,,,,,2026-08-14T22:12:00,2026-08-14T22:13:08.763,68.764,SELL,62821.23,2757,2026-08-14T22:12:00,62766.97,62776.97,10.0,62766.97,54.26,5426.0,24.1886,0.4838,62830.9762,62833.0146,False,True,,,,,,,,,,,,,,,,,,,,0,False,,ACTIVE,0.0,False,,,,,,,,,,,,,,,
2026-08-14T22:13:09.037,signal_skipped,770407,,,combo_big_brick,,2026-08-14T22:12:00,2026-08-14T22:13:08.763,68.764,SELL,62821.23,2757,2026-08-14T22:12:00,62766.97,62776.97,10.0,62766.97,54.26,5426.0,24.1886,0.4838,62830.9762,62833.0146,False,True,,,,,,,,,,,,,,,,,,,,,,,,,,,,,,,,,,,,,,,,
2026-08-14T23:42:15.057,signal_seen,770407,,,,,2026-08-14T23:41:00,2026-08-14T23:42:14.878,74.878,BUY,62871.23,2759,2026-08-14T23:41:00,62940.29,62950.29,10.0,62950.29,79.06,7906.0,26.06,0.5212,62882.926,62854.9855,False,True,,,,,,,,,,,,,,,,,,,,0,False,,ACTIVE,0.0,False,,,,,,,,,,,,,,,
2026-08-14T23:42:15.158,signal_skipped,770407,,,combo_big_brick,,2026-08-14T23:41:00,2026-08-14T23:42:14.878,74.878,BUY,62871.23,2759,2026-08-14T23:41:00,62940.29,62950.29,10.0,62950.29,79.06,7906.0,26.06,0.5212,62882.926,62854.9855,False,True,,,,,,,,,,,,,,,,,,,,,,,,,,,,,,,,,,,,,,,,
2026-08-15T00:00:02.020,protection_day_start,770407,,,,,,,,,,,,,,,,,,,,,,,,,,,,,,,,,,,,,,,,,,,,,,,,,,,,,,2026-08-15,-13.29,7.0,4.0,20.0,,,,,
2026-08-15T08:55:02.156,signal_seen,770407,,,,,2026-08-15T08:54:00,2026-08-15T08:55:01.849,61.849,SELL,62971.23,2764,2026-08-15T08:54:00,62901.37,62911.37,10.0,62901.37,69.86,6986.0,19.1886,0.3838,62958.51,62972.4218,False,True,,,,,,,,,,,,,,,,,,,,0,False,,ACTIVE,0.0,False,,,,,,,,,,,,,,,
2026-08-15T08:55:02.380,signal_skipped,770407,,,combo_big_brick,,2026-08-15T08:54:00,2026-08-15T08:55:01.849,61.849,SELL,62971.23,2764,2026-08-15T08:54:00,62901.37,62911.37,10.0,62901.37,69.86,6986.0,19.1886,0.3838,62958.51,62972.4218,False,True,,,,,,,,,,,,,,,,,,,,,,,,,,,,,,,,,,,,,,,,
2026-08-15T15:36:17.358,signal_seen,770407,,,,,2026-08-15T15:35:00,2026-08-15T15:36:17.143,77.144,BUY,62971.23,2767,2026-08-15T15:35:00,63029.91,63039.91,10.0,63039.91,68.68,6868.0,13.1329,0.2627,62994.8891,62981.8037,False,True,,,,,,,,,,,,,,,,,,,,0,False,,ACTIVE,0.0,False,,,,,,,,,,,,,,,
2026-08-15T15:36:17.518,signal_skipped,770407,,,combo_big_brick,,2026-08-15T15:35:00,2026-08-15T15:36:17.143,77.144,BUY,62971.23,2767,2026-08-15T15:35:00,63029.91,63039.91,10.0,63039.91,68.68,6868.0,13.1329,0.2627,62994.8891,62981.8037,False,True,,,,,,,,,,,,,,,,,,,,,,,,,,,,,,,,,,,,,,,,
2026-08-16T00:00:05.135,protection_day_start,770407,,,,,,,,,,,,,,,,,,,,,,,,,,,,,,,,,,,,,,,,,,,,,,,,,,,,,,2026-08-16,-13.29,7.0,4.0,20.0,,,,,
2026-08-16T09:46:12.096,signal_seen,770407,,,,,2026-08-16T09:45:00,2026-08-16T09:46:11.912,71.913,SELL,62971.23,2770,2026-08-16T09:45:00,62893.78,62903.78,10.0,62893.78,77.45,7745.0,15.9871,0.3197,62964.2109,62980.5286,False,True,,,,,,,,,,,,,,,,,,,,0,False,,ACTIVE,0.0,False,,,,,,,,,,,,,,,
2026-08-16T09:46:12.209,signal_skipped,770407,,,combo_big_brick,,2026-08-16T09:45:00,2026-08-16T09:46:11.912,71.913,SELL,62971.23,2770,2026-08-16T09:45:00,62893.78,62903.78,10.0,62893.78,77.45,7745.0,15.9871,0.3197,62964.2109,62980.5286,False,True,,,,,,,,,,,,,,,,,,,,,,,,,,,,,,,,,,,,,,,,
2026-08-16T16:09:01.875,signal_seen,770407,,,,,2026-08-16T16:08:00,2026-08-16T16:09:01.670,61.67,BUY,63021.23,2772,2026-08-16T16:08:00,63080.59,63090.59,10.0,63090.59,69.36,6936.0,10.0564,0.2011,63057.4274,63048.6071,False,True,,,,,,,,,,,,,,,,,,,,0,False,,ACTIVE,0.0,False,,,,,,,,,,,,,,,
2026-08-16T16:09:01.993,signal_skipped,770407,,,combo_big_brick,,2026-08-16T16:08:00,2026-08-16T16:09:01.670,61.67,BUY,63021.23,2772,2026-08-16T16:08:00,63080.59,63090.59,10.0,63090.59,69.36,6936.0,10.0564,0.2011,63057.4274,63048.6071,False,True,,,,,,,,,,,,,,,,,,,,,,,,,,,,,,,,,,,,,,,,
2026-08-16T17:28:13.294,signal_seen,770407,,,,,2026-08-16T17:27:00,2026-08-16T17:28:13.075,73.076,SELL,63171.23,2778,2026-08-16T17:27:00,63111.88,63121.88,10.0,63111.88,59.35,5935.0,15.6943,0.3139,63147.7999,63165.5912,False,True,,,,,,,,,,,,,,,,,,,,0,False,,ACTIVE,0.0,False,,,,,,,,,,,,,,,
2026-08-16T17:28:13.396,signal_skipped,770407,,,combo_big_brick,,2026-08-16T17:27:00,2026-08-16T17:28:13.075,73.076,SELL,63171.23,2778,2026-08-16T17:27:00,63111.88,63121.88,10.0,63111.88,59.35,5935.0,15.6943,0.3139,63147.7999,63165.5912,False,True,,,,,,,,,,,,,,,,,,,,,,,,,,,,,,,,,,,,,,,,
2026-08-16T23:00:03.724,signal_seen,770407,,,,,2026-08-16T22:59:00,2026-08-16T23:00:03.436,63.436,BUY,62771.23,2789,2026-08-16T22:59:00,62833.63,62843.63,10.0,62843.63,72.4,7240.0,25.0014,0.5,62759.5957,62771.6268,False,True,,,,,,,,,,,,,,,,,,,,0,False,,ACTIVE,0.0,False,,,,,,,,,,,,,,,
2026-08-16T23:00:03.899,signal_skipped,770407,,,combo_big_brick,,2026-08-16T22:59:00,2026-08-16T23:00:03.436,63.436,BUY,62771.23,2789,2026-08-16T22:59:00,62833.63,62843.63,10.0,62843.63,72.4,7240.0,25.0014,0.5,62759.5957,62771.6268,False,True,,,,,,,,,,,,,,,,,,,,,,,,,,,,,,,,,,,,,,,,
2026-08-17T00:00:17.113,protection_day_start,770407,,,,,,,,,,,,,,,,,,,,,,,,,,,,,,,,,,,,,,,,,,,,,,,,,,,,,,2026-08-17,-13.29,7.0,4.0,20.0,,,,,
2026-08-17T00:25:05.920,signal_seen,770407,,,,,2026-08-17T00:24:00,2026-08-17T00:25:05.537,65.537,SELL,62771.23,2792,2026-08-17T00:24:00,62704.92,62714.92,10.0,62704.92,66.31,6631.0,31.715,0.6343,62789.4914,62804.867,False,True,,,,,,,,,,,,,,,,,,,,0,False,,ACTIVE,0.0,False,,,,,,,,,,,,,,,
2026-08-17T00:25:06.086,signal_skipped,770407,,,combo_big_brick,,2026-08-17T00:24:00,2026-08-17T00:25:05.537,65.537,SELL,62771.23,2792,2026-08-17T00:24:00,62704.92,62714.92,10.0,62704.92,66.31,6631.0,31.715,0.6343,62789.4914,62804.867,False,True,,,,,,,,,,,,,,,,,,,,,,,,,,,,,,,,,,,,,,,,
2026-08-17T00:45:18.163,signal_seen,770407,,,,,2026-08-17T00:44:00,2026-08-17T00:45:17.846,77.846,BUY,62821.23,2794,2026-08-17T00:44:00,62836.36,62846.36,10.0,62846.36,25.13,2513.0,37.0279,0.7406,62758.4185,62772.0177,True,True,,,,,,,,,,,,,,,,,,,,0,False,,ACTIVE,0.0,False,,,,,,,,,,,,,,,
2026-08-17T00:45:18.349,signal_skipped,770407,,,combo_big_brick,,2026-08-17T00:44:00,2026-08-17T00:45:17.846,77.846,BUY,62821.23,2794,2026-08-17T00:44:00,62836.36,62846.36,10.0,62846.36,25.13,2513.0,37.0279,0.7406,62758.4185,62772.0177,True,True,,,,,,,,,,,,,,,,,,,,,,,,,,,,,,,,,,,,,,,,
2026-08-17T02:07:10.902,signal_seen,770407,,,,,2026-08-17T02:06:00,2026-08-17T02:07:10.637,70.637,SELL,63021.23,2801,2026-08-17T02:06:00,62971.67,62981.67,10.0,62971.67,49.56,4956.0,25.25,0.505,63039.37,63040.7105,True,True,,,,,,,,,,,,,,,,,,,,0,False,,ACTIVE,0.0,False,,,,,,,,,,,,,,,
2026-08-17T02:07:11.023,signal_skipped,770407,,,combo_big_brick,,2026-08-17T02:06:00,2026-08-17T02:07:10.637,70.637,SELL,63021.23,2801,2026-08-17T02:06:00,62971.67,62981.67,10.0,62971.67,49.56,4956.0,25.25,0.505,63039.37,63040.7105,True,True,,,,,,,,,,,,,,,,,,,,,,,,,,,,,,,,,,,,,,,,
2026-08-17T02:27:03.185,signal_seen,770407,,,,,2026-08-17T02:26:00,2026-08-17T02:27:02.948,62.949,BUY,63071.23,2803,2026-08-17T02:26:00,63123.83,63133.83,10.0,63133.83,62.6,6260.0,28.9721,0.5794,63040.4437,63034.8071,False,True,,,,,,,,,,,,,,,,,,,,0,False,,ACTIVE,0.0,False,,,,,,,,,,,,,,,
2026-08-17T02:27:04.103,order_open,770407,BUY,new cycle (combo pass),,True,2026-08-17T02:26:00,2026-08-17T02:27:03.308,63.309,BUY,63071.23,2803,2026-08-17T02:26:00,63123.83,63133.83,10.0,63133.83,62.6,6260.0,28.9721,0.5794,63040.4437,63034.8071,False,True,63133.83,63133.9,62.67,0.07,7.0,-0.0007,63123.83,63133.83,10.0,63123.9,63133.9,10.0,596.9,10009,ok,536001002,1040050378,3402256340,0,,,,,,,,,,,,,,,,,137.65,116.57,6.27,110.3,1859.2
2026-08-17T07:45:07.954,signal_seen,770407,,,,,2026-08-17T07:44:00,2026-08-17T07:45:07.638,67.639,SELL,63521.23,2815,2026-08-17T07:44:00,63471.3,63481.3,10.0,63471.3,49.93,4993.0,12.9471,0.2589,63489.6144,63503.3118,True,True,,,,,,,,,,,,,,,,,,,,0,False,,ACTIVE,2.5,False,,,,,,,,,,,,,,,
2026-08-17T07:45:08.160,signal_skipped,770407,,,combo_big_brick,,2026-08-17T07:44:00,2026-08-17T07:45:07.638,67.639,SELL,63521.23,2815,2026-08-17T07:44:00,63471.3,63481.3,10.0,63471.3,49.93,4993.0,12.9471,0.2589,63489.6144,63503.3118,True,True,,,,,,,,,,,,,,,,,,,,,,,,,,,,,,,,,,,,,,,,
2026-08-17T10:30:10.234,signal_seen,770407,,,,,2026-08-17T10:29:00,2026-08-17T10:30:09.849,69.849,BUY,63321.23,2822,2026-08-17T10:29:00,63379.26,63389.26,10.0,63389.26,68.03,6803.0,23.1364,0.4627,63270.0359,63264.6429,False,True,,,,,,,,,,,,,,,,,,,,0,False,,ACTIVE,2.5,False,,,,,,,,,,,,,,,
2026-08-17T10:30:10.373,signal_skipped,770407,,,combo_big_brick,,2026-08-17T10:29:00,2026-08-17T10:30:09.849,69.849,BUY,63321.23,2822,2026-08-17T10:29:00,63379.26,63389.26,10.0,63389.26,68.03,6803.0,23.1364,0.4627,63270.0359,63264.6429,False,True,,,,,,,,,,,,,,,,,,,,,,,,,,,,,,,,,,,,,,,,
2026-08-17T12:27:04.130,signal_seen,770407,,,,,2026-08-17T12:26:00,2026-08-17T12:27:03.740,63.74,SELL,63571.23,2830,2026-08-17T12:26:00,63464.9,63474.9,10.0,63464.9,106.33,10633.0,26.6786,0.5336,63547.0856,63561.4602,False,False,,,,,,,,,,,,,,,,,,,,0,False,,ACTIVE,2.5,False,,,,,,,,,,,,,,,
2026-08-17T12:27:04.310,signal_skipped,770407,,,combo_big_brick,,2026-08-17T12:26:00,2026-08-17T12:27:03.740,63.74,SELL,63571.23,2830,2026-08-17T12:26:00,63464.9,63474.9,10.0,63464.9,106.33,10633.0,26.6786,0.5336,63547.0856,63561.4602,False,False,,,,,,,,,,,,,,,,,,,,,,,,,,,,,,,,,,,,,,,,
2026-08-17T13:33:20.520,signal_seen,770407,,,,,2026-08-17T13:32:00,2026-08-17T13:33:20.196,80.196,BUY,63521.23,2834,2026-08-17T13:32:00,63608.64,63618.64,10.0,63618.64,97.41,9741.0,36.5486,0.731,63446.6316,63462.9835,False,True,,,,,,,,,,,,,,,,,,,,0,False,,ACTIVE,2.5,False,,,,,,,,,,,,,,,
2026-08-17T13:33:20.723,signal_skipped,770407,,,combo_big_brick,,2026-08-17T13:32:00,2026-08-17T13:33:20.196,80.196,BUY,63521.23,2834,2026-08-17T13:32:00,63608.64,63618.64,10.0,63618.64,97.41,9741.0,36.5486,0.731,63446.6316,63462.9835,False,True,,,,,,,,,,,,,,,,,,,,,,,,,,,,,,,,,,,,,,,,
2026-08-17T14:07:08.840,signal_seen,770407,,,,,2026-08-17T14:06:00,2026-08-17T14:07:08.586,68.586,SELL,63571.23,2838,2026-08-17T14:06:00,63508.92,63518.92,10.0,63508.92,62.31,6231.0,38.7679,0.7754,63569.3183,63555.2628,False,True,,,,,,,,,,,,,,,,,,,,0,False,,ACTIVE,2.5,False,,,,,,,,,,,,,,,
2026-08-17T14:07:09.018,signal_skipped,770407,,,combo_big_brick,,2026-08-17T14:06:00,2026-08-17T14:07:08.586,68.586,SELL,63571.23,2838,2026-08-17T14:06:00,63508.92,63518.92,10.0,63508.92,62.31,6231.0,38.7679,0.7754,63569.3183,63555.2628,False,True,,,,,,,,,,,,,,,,,,,,,,,,,,,,,,,,,,,,,,,,
2026-08-17T14:50:04.188,signal_seen,770407,,,,,2026-08-17T14:49:00,2026-08-17T14:50:03.875,63.875,BUY,63621.23,2840,2026-08-17T14:49:00,63663.56,63673.56,10.0,63673.56,52.33,5233.0,34.2243,0.6845,63571.4036,63569.4578,False,True,,,,,,,,,,,,,,,,,,,,0,False,,ACTIVE,2.5,False,,,,,,,,,,,,,,,
2026-08-17T14:50:04.671,signal_skipped,770407,,,combo_big_brick,,2026-08-17T14:49:00,2026-08-17T14:50:03.875,63.875,BUY,63621.23,2840,2026-08-17T14:49:00,63663.56,63673.56,10.0,63673.56,52.33,5233.0,34.2243,0.6845,63571.4036,63569.4578,False,True,,,,,,,,,,,,,,,,,,,,,,,,,,,,,,,,,,,,,,,,
2026-08-17T17:13:18.627,signal_seen,770407,,,,,2026-08-17T17:12:00,2026-08-17T17:13:18.351,78.352,SELL,64021.23,2851,2026-08-17T17:12:00,63959.83,63969.83,10.0,63959.83,61.4,6140.0,20.4057,0.4081,64021.2076,64033.1065,False,True,,,,,,,,,,,,,,,,,,,,0,False,,ACTIVE,2.5,False,,,,,,,,,,,,,,,
2026-08-17T17:13:18.750,signal_skipped,770407,,,combo_big_brick,,2026-08-17T17:12:00,2026-08-17T17:13:18.351,78.352,SELL,64021.23,2851,2026-08-17T17:12:00,63959.83,63969.83,10.0,63959.83,61.4,6140.0,20.4057,0.4081,64021.2076,64033.1065,False,True,,,,,,,,,,,,,,,,,,,,,,,,,,,,,,,,,,,,,,,,
2026-08-17T17:19:02.615,signal_seen,770407,,,,,2026-08-17T17:18:00,2026-08-17T17:19:02.282,62.283,BUY,64071.23,2853,2026-08-17T17:18:00,64196.45,64206.45,10.0,64206.45,135.22,13522.0,43.9093,0.8782,64019.8102,64028.1108,False,False,,,,,,,,,,,,,,,,,,,,0,False,,ACTIVE,2.5,False,,,,,,,,,,,,,,,
2026-08-17T17:19:02.785,signal_skipped,770407,,,combo_big_brick,,2026-08-17T17:18:00,2026-08-17T17:19:02.282,62.283,BUY,64071.23,2853,2026-08-17T17:18:00,64196.45,64206.45,10.0,64206.45,135.22,13522.0,43.9093,0.8782,64019.8102,64028.1108,False,False,,,,,,,,,,,,,,,,,,,,,,,,,,,,,,,,,,,,,,,,
2026-08-17T17:29:12.237,signal_seen,770407,,,,,2026-08-17T17:28:00,2026-08-17T17:29:11.983,71.984,SELL,64221.23,2859,2026-08-17T17:28:00,64175.04,64185.04,10.0,64175.04,46.19,4619.0,73.3393,1.4668,64159.3897,64100.2147,True,True,,,,,,,,,,,,,,,,,,,,0,False,,ACTIVE,2.5,False,,,,,,,,,,,,,,,
2026-08-17T17:29:12.354,signal_skipped,770407,,,combo_big_brick,,2026-08-17T17:28:00,2026-08-17T17:29:11.983,71.984,SELL,64221.23,2859,2026-08-17T17:28:00,64175.04,64185.04,10.0,64175.04,46.19,4619.0,73.3393,1.4668,64159.3897,64100.2147,True,True,,,,,,,,,,,,,,,,,,,,,,,,,,,,,,,,,,,,,,,,
2026-08-17T17:46:02.616,signal_seen,770407,,,,,2026-08-17T17:45:00,2026-08-17T17:46:02.148,62.149,BUY,64171.23,2863,2026-08-17T17:45:00,64237.63,64247.63,10.0,64247.63,76.4,7640.0,52.8557,1.0571,64166.2385,64128.3774,False,True,,,,,,,,,,,,,,,,,,,,0,False,,ACTIVE,2.5,False,,,,,,,,,,,,,,,
2026-08-17T17:46:02.937,signal_skipped,770407,,,combo_big_brick,,2026-08-17T17:45:00,2026-08-17T17:46:02.148,62.149,BUY,64171.23,2863,2026-08-17T17:45:00,64237.63,64247.63,10.0,64247.63,76.4,7640.0,52.8557,1.0571,64166.2385,64128.3774,False,True,,,,,,,,,,,,,,,,,,,,,,,,,,,,,,,,,,,,,,,,
2026-08-17T18:33:06.699,signal_seen,770407,,,,,2026-08-17T18:32:00,2026-08-17T18:33:06.445,66.446,SELL,64421.23,2871,2026-08-17T18:32:00,64364.22,64374.22,10.0,64364.22,57.01,5701.0,55.5114,1.1102,64398.3734,64324.5248,False,True,,,,,,,,,,,,,,,,,,,,0,False,,ACTIVE,2.5,False,,,,,,,,,,,,,,,
2026-08-17T18:33:06.845,signal_skipped,770407,,,combo_big_brick,,2026-08-17T18:32:00,2026-08-17T18:33:06.445,66.446,SELL,64421.23,2871,2026-08-17T18:32:00,64364.22,64374.22,10.0,64364.22,57.01,5701.0,55.5114,1.1102,64398.3734,64324.5248,False,True,,,,,,,,,,,,,,,,,,,,,,,,,,,,,,,,,,,,,,,,
2026-08-17T21:10:19.001,signal_seen,770407,,,,,2026-08-17T21:09:00,2026-08-17T21:10:18.795,78.795,BUY,64321.23,2876,2026-08-17T21:09:00,64381.76,64391.76,10.0,64391.76,70.53,7053.0,16.7807,0.3356,64341.1323,64322.5407,False,True,,,,,,,,,,,,,,,,,,,,0,False,,ACTIVE,2.5,False,,,,,,,,,,,,,,,
2026-08-17T21:10:19.123,signal_skipped,770407,,,combo_big_brick,,2026-08-17T21:09:00,2026-08-17T21:10:18.795,78.795,BUY,64321.23,2876,2026-08-17T21:09:00,64381.76,64391.76,10.0,64391.76,70.53,7053.0,16.7807,0.3356,64341.1323,64322.5407,False,True,,,,,,,,,,,,,,,,,,,,,,,,,,,,,,,,,,,,,,,,
2026-08-17T22:34:54.191,signal_seen,770407,,,,,2026-08-17T22:33:00,2026-08-17T22:34:53.976,113.976,SELL,64271.23,2878,2026-08-17T22:33:00,64221.07,64231.07,10.0,64221.07,50.16,5016.0,18.5236,0.3705,64247.8827,64269.9449,False,True,,,,,,,,,,,,,,,,,,,,0,False,,ACTIVE,2.5,False,,,,,,,,,,,,,,,
2026-08-17T22:34:54.338,signal_skipped,770407,,,combo_big_brick,,2026-08-17T22:33:00,2026-08-17T22:34:53.976,113.976,SELL,64271.23,2878,2026-08-17T22:33:00,64221.07,64231.07,10.0,64221.07,50.16,5016.0,18.5236,0.3705,64247.8827,64269.9449,False,True,,,,,,,,,,,,,,,,,,,,,,,,,,,,,,,,,,,,,,,,
2026-08-17T23:26:05.477,signal_seen,770407,,,,,2026-08-17T23:25:00,2026-08-17T23:26:05.269,65.269,BUY,64321.23,2880,2026-08-17T23:25:00,64384.99,64394.99,10.0,64394.99,73.76,7376.0,18.6686,0.3734,64317.2081,64288.9743,False,True,,,,,,,,,,,,,,,,,,,,0,False,,ACTIVE,2.5,False,,,,,,,,,,,,,,,
2026-08-17T23:26:05.583,signal_skipped,770407,,,combo_big_brick,,2026-08-17T23:25:00,2026-08-17T23:26:05.269,65.269,BUY,64321.23,2880,2026-08-17T23:25:00,64384.99,64394.99,10.0,64394.99,73.76,7376.0,18.6686,0.3734,64317.2081,64288.9743,False,True,,,,,,,,,,,,,,,,,,,,,,,,,,,,,,,,,,,,,,,,
2026-08-18T00:00:15.435,protection_day_start,770407,,,,,,,,,,,,,,,,,,,,,,,,,,,,,,,,,,,,,,,,,,,,,,,,,,,,,,2026-08-18,-10.79,7.0,4.0,20.0,,,,,
2026-08-18T00:47:11.582,signal_seen,770407,,,,,2026-08-18T00:46:00,2026-08-18T00:47:11.285,71.286,SELL,64371.23,2884,2026-08-18T00:46:00,64318.58,64328.58,10.0,64318.58,52.65,5265.0,20.9686,0.4194,64363.2509,64383.7015,False,True,,,,,,,,,,,,,,,,,,,,0,False,,ACTIVE,0.0,False,,,,,,,,,,,,,,,
2026-08-18T00:47:11.710,signal_skipped,770407,,,combo_big_brick,,2026-08-18T00:46:00,2026-08-18T00:47:11.285,71.286,SELL,64371.23,2884,2026-08-18T00:46:00,64318.58,64328.58,10.0,64318.58,52.65,5265.0,20.9686,0.4194,64363.2509,64383.7015,False,True,,,,,,,,,,,,,,,,,,,,,,,,,,,,,,,,,,,,,,,,
2026-08-18T05:09:14.400,signal_seen,770407,,,,,2026-08-18T05:08:00,2026-08-18T05:09:14.158,74.159,BUY,64121.23,2892,2026-08-18T05:08:00,64183.07,64193.07,10.0,64193.07,71.84,7184.0,17.9786,0.3596,64141.721,64125.7548,False,True,,,,,,,,,,,,,,,,,,,,0,False,,ACTIVE,0.0,False,,,,,,,,,,,,,,,
2026-08-18T05:09:14.512,signal_skipped,770407,,,combo_big_brick,,2026-08-18T05:08:00,2026-08-18T05:09:14.158,74.159,BUY,64121.23,2892,2026-08-18T05:08:00,64183.07,64193.07,10.0,64193.07,71.84,7184.0,17.9786,0.3596,64141.721,64125.7548,False,True,,,,,,,,,,,,,,,,,,,,,,,,,,,,,,,,,,,,,,,,
2026-08-18T06:56:19.176,signal_seen,770407,,,,,2026-08-18T06:55:00,2026-08-18T06:56:18.945,78.946,SELL,64271.23,2898,2026-08-18T06:55:00,64209.29,64219.29,10.0,64209.29,61.94,6194.0,26.4607,0.5292,64279.7991,64261.2796,False,True,,,,,,,,,,,,,,,,,,,,0,False,,ACTIVE,0.0,False,,,,,,,,,,,,,,,
2026-08-18T06:56:20.134,order_open,770407,SELL,new cycle (combo pass),,True,2026-08-18T06:55:00,2026-08-18T06:56:19.331,79.332,SELL,64271.23,2898,2026-08-18T06:55:00,64209.29,64219.29,10.0,64209.29,61.94,6194.0,26.4607,0.5292,64279.7991,64261.2796,False,True,64209.29,64211.82,59.41,-2.53,-253.0,0.0253,64209.29,64219.29,10.0,64211.82,64221.82,10.0,595.0,10009,ok,536619558,1040671034,3402256347,0,,,,,,,,,,,,,,,,,119.91,105.68,9.6,96.08,1100.8
2026-08-18T08:36:06.121,signal_seen,770407,,,,,2026-08-18T08:35:00,2026-08-18T08:36:05.916,65.917,BUY,64171.23,2903,2026-08-18T08:35:00,64230.08,64240.08,10.0,64240.08,68.85,6885.0,25.8729,0.5175,64156.6196,64150.4946,False,True,,,,,,,,,,,,,,,,,,,,0,False,,ACTIVE,0.0,False,,,,,,,,,,,,,,,
2026-08-18T08:36:06.227,signal_skipped,770407,,,combo_big_brick,,2026-08-18T08:35:00,2026-08-18T08:36:05.916,65.917,BUY,64171.23,2903,2026-08-18T08:35:00,64230.08,64240.08,10.0,64240.08,68.85,6885.0,25.8729,0.5175,64156.6196,64150.4946,False,True,,,,,,,,,,,,,,,,,,,,,,,,,,,,,,,,,,,,,,,,
