position,side,volume,entry_utc,exit_utc,duration_s,entry_price,exit_price,intended_tp,intended_sl,pnl,exit_reason,exit_comment,mae_pts,mfe_pts,post_resolved,post_tp_hit,post_tp_mins_from_entry,post_max_adverse_pts,post_horizon_h,en_atr_m1,en_atr_m1_rel,en_rsi_m1,en_tickvol_rel,en_consec_m1,en_atr_m5,en_atr_m5_rel,en_rsi_m5,en_px_vs_ema20_m5,en_px_vs_ema50_m5,en_px_vs_ema200_m5,en_ema20_slope_m5,en_ema50_slope_m5,en_ma_stack_m5,en_dist_hi20_m5,en_dist_lo20_m5,en_range_pos_m5,en_atr_m15,en_atr_m15_rel,en_rsi_m15,en_px_vs_ema20_m15,en_px_vs_ema50_m15,en_px_vs_ema200_m15,en_ema20_slope_m15,en_ema50_slope_m15,en_ma_stack_m15,en_dist_hi20_m15,en_dist_lo20_m15,en_range_pos_m15,en_atr_h1,en_atr_h1_rel,en_hour_utc,en_weekday,ex_atr_m1,ex_atr_m1_rel,ex_rsi_m1,ex_tickvol_rel,ex_consec_m1,ex_atr_m5,ex_atr_m5_rel,ex_rsi_m5,ex_px_vs_ema20_m5,ex_px_vs_ema50_m5,ex_px_vs_ema200_m5,ex_ema20_slope_m5,ex_ema50_slope_m5,ex_ma_stack_m5,ex_dist_hi20_m5,ex_dist_lo20_m5,ex_range_pos_m5,ex_atr_m15,ex_atr_m15_rel,ex_rsi_m15,ex_px_vs_ema20_m15,ex_px_vs_ema50_m15,ex_px_vs_ema200_m15,ex_ema20_slope_m15,ex_ema50_slope_m15,ex_ma_stack_m15,ex_dist_hi20_m15,ex_dist_lo20_m15,ex_range_pos_m15,ex_atr_h1,ex_atr_h1_rel,ex_hour_utc,ex_weekday
3042258173,BUY,0.01,2026-08-04T14:06:04,2026-08-04T14:09:26,202,63777.05,63627.59,64027.05,63627.05,-1.49,sl,[sl 63628.45000],150.2,48.3,True,True,34.0,237.1,24,79.91,1.601,47.6,1.26,-1,147.43,2.107,41.2,-134.8,-93.9,4.5,-11.64,-2.0,1,380.5,118.7,0.238,189.24,1.183,50.8,0.3,63.4,320.8,7.31,5.54,1,299.6,357.6,0.544,333.41,1.291,14,1,79.26,1.539,43.6,1.06,-1,147.43,2.107,41.2,-134.8,-93.9,4.5,-11.64,-2.0,1,380.5,118.7,0.238,189.24,1.183,50.8,0.3,63.4,320.8,7.31,5.54,1,299.6,357.6,0.544,333.41,1.291,14,1
3042279850,SELL,0.01,2026-08-04T14:09:46,2026-08-04T14:27:10,1044,63671.92,63827.0,63421.92,63821.92,-1.55,sl,[sl 63823.24000],145.9,131.9,False,,,821.2,24,79.26,1.539,43.6,1.06,-1,147.43,2.107,41.2,-134.8,-93.9,4.5,-11.64,-2.0,1,380.5,118.7,0.238,189.24,1.183,50.8,0.3,63.4,320.8,7.31,5.54,1,299.6,357.6,0.544,333.41,1.291,14,1,75.45,1.329,56.8,1.02,-1,173.69,2.355,53.0,58.6,78.8,168.4,-8.31,-2.09,1,214.4,284.8,0.57,195.91,1.221,54.2,77.3,142.7,401.8,5.59,4.9,1,214.4,442.7,0.674,333.41,1.291,14,1
3042370357,BUY,0.01,2026-08-04T14:27:16,2026-08-04T14:40:18,782,63816.78,64067.87,64066.78,63666.78,2.51,tp,[tp 64067.87000],69.7,304.7,True,,,,24,75.45,1.329,56.8,1.02,-1,173.69,2.355,53.0,58.6,78.8,168.4,-8.31,-2.09,1,214.4,284.8,0.57,195.91,1.221,54.2,77.3,142.7,401.8,5.59,4.9,1,214.4,442.7,0.674,333.41,1.291,14,1,75.97,1.245,74.8,2.11,4,179.21,2.316,63.4,246.3,293.4,398.0,9.42,4.82,1,66.0,523.4,0.888,213.07,1.324,62.1,285.9,366.4,634.0,9.64,6.6,1,66.0,681.4,0.912,333.41,1.291,14,1
3042636772,SELL,0.01,2026-08-04T15:19:05,2026-08-04T15:46:03,1618,63951.07,64107.17,63701.07,64101.07,-1.56,sl,[sl 64101.77000],204.8,205.0,False,,,542.0,24,49.53,0.74,40.6,0.77,-3,140.69,1.661,54.2,40.8,131.0,274.3,14.02,8.94,1,207.5,425.1,0.672,218.0,1.358,54.3,68.9,171.2,455.4,18.76,10.9,1,270.7,512.3,0.654,322.04,1.248,15,1,66.51,1.119,70.7,1.64,1,125.41,1.407,59.5,146.1,226.2,379.0,2.48,4.04,1,93.8,536.9,0.851,239.29,1.497,59.8,190.9,310.1,607.7,19.68,11.95,1,111.9,526.8,0.825,322.04,1.248,15,1
3042767042,BUY,0.01,2026-08-04T15:46:13,2026-08-04T16:05:32,1159,64112.51,63953.76,64362.51,63962.51,-1.59,sl,[sl 63953.76000],199.5,58.2,True,True,237.0,283.7,24,66.51,1.119,70.7,1.64,1,125.41,1.407,59.5,146.1,226.2,379.0,2.48,4.04,1,93.8,536.9,0.851,239.29,1.497,59.8,190.9,310.1,607.7,19.68,11.95,1,111.9,526.8,0.825,322.04,1.248,15,1,40.19,0.704,41.8,1.03,-5,116.36,1.27,52.5,16.1,101.1,266.9,9.3,7.11,1,192.6,232.1,0.546,233.57,1.466,57.1,123.9,246.0,548.1,16.69,11.02,1,165.9,472.8,0.74,311.42,1.207,16,1
3042868780,SELL,0.01,2026-08-04T16:07:20,2026-08-04T17:08:35,3675,63973.37,64119.04,63723.37,64123.37,-1.46,sl,[sl 64119.04],155.3,138.8,False,,,519.7,24,42.58,0.755,41.1,0.96,1,116.36,1.27,52.5,16.1,101.1,264.3,9.3,7.11,1,192.6,232.1,0.546,233.57,1.466,55.8,98.0,218.5,519.9,16.14,10.8,1,194.5,444.2,0.696,317.02,1.228,16,1,41.79,0.948,76.4,1.49,5,96.23,0.993,61.0,152.4,207.3,374.8,1.35,2.62,1,53.3,371.3,0.874,226.01,1.441,60.6,207.8,328.4,640.6,8.32,8.05,1,53.3,585.4,0.916,317.71,1.232,17,1
3043140945,BUY,0.01,2026-08-04T17:08:49,2026-08-04T17:49:31,2442,64097.04,63944.21,64347.04,63947.04,-1.53,sl,[sl 63947.04000],164.8,31.6,True,True,75.0,268.2,24,41.79,0.948,74.9,1.65,5,96.23,0.993,58.4,107.5,159.6,323.6,0.4,2.23,1,103.0,321.6,0.757,226.01,1.441,57.0,114.4,229.2,538.4,6.35,7.24,1,156.6,482.1,0.755,317.71,1.232,17,1,36.08,0.938,32.1,1.01,-4,95.68,0.957,46.2,-63.7,-6.5,168.9,6.12,4.85,1,193.2,100.8,0.343,180.73,1.176,51.8,4.3,123.4,443.2,8.81,8.24,1,235.3,403.4,0.632,317.71,1.232,17,1
3043316806,SELL,0.01,2026-08-04T17:52:18,2026-08-04T18:02:09,591,63878.97,64019.32,63628.97,64028.97,-1.4,sl,[sl 64017.43000],135.1,50.1,False,,,614.1,24,40.72,1.062,28.9,1.57,1,97.76,0.974,44.9,-75.5,-24.7,147.6,2.12,3.25,1,212.0,87.8,0.293,188.12,1.224,50.9,-14.5,103.5,422.4,8.41,8.08,1,256.1,382.7,0.599,322.3,1.25,17,1,43.98,1.148,51.5,0.88,-1,96.73,0.955,50.5,-0.6,42.2,211.5,-3.54,0.75,1,144.5,155.3,0.518,171.27,1.122,53.8,49.8,166.2,487.0,9.34,8.48,1,186.5,452.2,0.708,294.13,1.144,18,1
3043371899,BUY,0.01,2026-08-04T18:04:01,2026-08-04T18:20:21,980,64034.7,64284.7,64284.7,63884.7,2.5,tp,[tp 64284.70000],32.2,276.1,True,,,,24,42.41,1.107,54.3,0.79,-1,98.25,0.97,52.1,20.5,64.6,233.6,-3.09,0.93,1,121.2,178.7,0.596,182.86,1.197,59.9,208.7,335.0,660.7,12.69,9.85,1,16.5,627.8,0.974,315.33,1.226,18,1,50.51,1.281,72.4,1.67,4,100.08,0.969,67.8,234.7,312.6,502.6,14.77,8.09,1,17.5,464.5,0.964,183.9,1.21,63.8,309.7,450.1,786.2,16.8,11.66,1,17.5,761.4,0.978,315.33,1.226,18,1
3043773380,SELL,0.01,2026-08-04T20:01:06,2026-08-04T20:40:11,2345,64157.34,64305.42,63907.34,64307.34,-1.48,sl,[sl 64305.42000],152.0,221.5,True,True,301.0,335.7,24,40.61,1.121,25.1,1.24,-3,81.94,0.769,41.0,-119.1,-32.3,213.9,0.5,4.31,1,275.7,33.4,0.108,164.71,1.097,53.1,21.9,192.7,574.1,15.4,13.02,1,238.0,387.5,0.62,327.73,1.275,20,1,37.51,1.117,75.0,1.34,6,100.14,0.931,58.3,109.2,153.5,381.2,-1.11,1.28,1,89.1,346.6,0.795,170.6,1.135,58.3,157.3,323.0,710.5,9.75,10.75,1,89.1,453.6,0.836,327.73,1.275,20,1
3043874024,BUY,0.01,2026-08-04T20:40:27,2026-08-04T21:14:26,2039,64296.41,64147.62,64546.41,64146.41,-1.48,sl,[sl 64147.62],155.7,84.9,False,,,405.3,24,40.02,1.191,76.3,1.64,6,105.28,0.979,61.0,156.0,203.1,430.6,-0.13,1.68,1,47.2,398.3,0.894,175.74,1.169,59.9,204.1,372.7,761.2,10.73,11.15,1,47.2,505.3,0.915,332.87,1.295,20,1,27.67,0.777,31.4,1.23,-2,80.97,0.749,47.9,-37.2,16.5,249.3,4.37,3.98,1,207.6,237.9,0.534,175.88,1.167,52.9,25.9,191.7,587.5,7.68,9.82,1,207.6,344.9,0.624,324.75,1.264,21,1
3043922081,SELL,0.01,2026-08-04T21:16:06,2026-08-04T23:08:27,6741,64174.95,64325.34,63924.95,64324.95,-1.5,sl,[sl 64324.38000],258.7,99.7,True,True,217.0,318.1,24,23.02,0.647,33.5,0.85,1,80.53,0.744,45.8,-59.6,-11.7,212.5,1.73,2.91,1,236.3,209.2,0.47,167.31,1.109,53.6,42.4,204.2,601.5,8.12,9.92,1,186.7,365.8,0.662,325.99,1.269,21,1,37.97,1.64,84.9,2.29,7,68.61,0.734,67.1,174.7,197.0,387.7,3.91,2.05,1,63.3,295.1,0.823,146.87,0.97,60.9,184.5,325.6,734.8,6.17,8.13,1,63.3,434.5,0.873,337.36,1.315,23,1
3044114844,BUY,0.01,2026-08-04T23:09:10,2026-08-04T23:26:53,1063,64390.71,64240.71,64640.71,64240.71,-1.5,sl,[sl 64240.71000],165.9,102.4,False,,,499.6,24,43.24,1.853,66.6,1.41,-1,68.61,0.734,65.2,146.4,167.0,356.2,3.32,1.81,1,94.6,263.8,0.736,146.87,0.97,60.7,178.6,319.4,728.2,6.04,8.08,1,69.9,428.0,0.86,341.6,1.332,23,1,58.82,2.037,38.4,1.07,-1,85.6,0.952,50.3,-7.5,32.0,229.8,11.32,5.79,1,266.8,151.0,0.361,150.67,0.994,53.3,37.2,174.7,584.6,6.47,8.17,1,266.8,290.5,0.521,341.6,1.332,23,1
3044165050,SELL,0.01,2026-08-04T23:27:14,2026-08-05T00:05:46,2312,64231.87,63986.14,63981.87,64381.87,2.46,tp,[tp 63986.14000],18.3,273.5,True,,,,24,61.25,2.097,35.6,1.27,-2,93.27,1.037,43.3,-106.0,-72.6,121.3,9.24,4.94,1,375.7,42.2,0.101,158.34,1.045,48.6,-61.3,70.1,476.5,4.4,7.32,1,375.7,181.6,0.326,351.09,1.368,23,1,32.19,0.937,29.5,1.16,-1,101.44,1.163,35.1,-158.3,-178.3,-21.8,-12.4,-4.95,0,512.1,22.6,0.042,140.26,0.922,43.2,-166.3,-67.9,327.3,-3.82,3.49,1,512.1,45.1,0.081,329.66,1.285,0,2
3044413122,BUY,0.01,2026-08-05T01:31:19,2026-08-05T02:03:23,1924,64094.74,64343.54,64344.74,63944.74,2.49,tp,[tp 64343.54000],26.3,274.3,True,,,,24,38.4,1.201,66.2,0.84,5,75.1,0.924,56.0,68.4,15.9,92.5,0.08,-2.5,0,45.3,204.2,0.818,153.78,1.002,51.8,35.2,84.6,451.2,-8.43,-0.88,1,365.5,236.5,0.393,349.7,1.362,1,2,31.76,0.945,77.0,0.66,1,81.02,1.006,70.1,239.5,253.6,351.7,16.85,6.08,1,0.2,477.7,0.999,159.15,1.033,61.7,233.7,304.0,679.3,5.75,4.51,1,124.3,477.7,0.794,337.14,1.313,2,2
3044680504,SELL,0.01,2026-08-05T03:18:16,2026-08-05T03:29:16,660,64270.21,64020.21,64020.21,64420.21,2.5,tp,[tp 64020.21000],9.4,264.4,True,,,,24,39.18,1.064,27.8,1.13,-2,94.16,1.182,36.5,-201.6,-138.4,11.8,-1.94,2.43,1,381.2,14.4,0.036,144.68,0.936,43.1,-175.0,-91.6,292.1,9.54,7.38,1,481.3,120.7,0.201,338.77,1.318,3,2,54.73,1.426,30.1,0.88,-2,88.21,1.107,33.1,-222.3,-188.7,-51.4,-11.89,-2.11,1,444.7,6.0,0.013,144.68,0.936,43.1,-175.0,-91.6,292.1,9.54,7.38,1,481.3,120.7,0.201,338.77,1.318,3,2
3044837732,BUY,0.01,2026-08-05T05:03:10,2026-08-05T05:26:14,1384,64192.87,64442.87,64442.87,64042.87,2.5,tp,[tp 64442.87000],10.0,272.1,True,,,,24,24.23,0.931,70.7,1.0,3,57.35,0.742,60.2,99.1,82.2,163.7,0.2,-0.82,0,0.0,246.0,1.0,132.03,0.864,55.4,98.5,148.2,508.2,-2.56,1.11,1,199.6,365.8,0.647,302.63,1.178,5,2,32.66,1.45,83.0,1.93,5,63.67,0.84,75.1,239.0,265.6,364.5,14.58,5.88,1,16.3,422.7,0.963,135.93,0.891,62.7,262.7,326.7,693.0,4.99,4.08,1,16.3,557.7,0.972,302.63,1.178,5,2
3044986803,SELL,0.01,2026-08-05T05:50:09,2026-08-05T07:21:32,5483,64261.57,64009.77,64011.57,64411.57,2.52,tp,[tp 64009.77000],56.1,272.4,True,,,,24,22.56,0.914,40.6,0.91,-2,63.14,0.843,58.0,50.8,87.8,192.7,7.07,4.1,1,176.6,262.3,0.598,123.52,0.814,54.5,72.1,138.1,502.8,9.13,5.86,1,195.3,378.6,0.66,302.63,1.178,5,2,28.0,1.087,21.1,1.49,-5,56.43,0.753,24.1,-188.1,-203.9,-120.6,-12.24,-4.65,0,324.2,4.3,0.013,108.64,0.723,39.1,-188.8,-146.9,202.3,-4.37,0.7,1,471.4,4.3,0.009,290.77,1.131,7,2
