symbol,tf,state,k,nA,meanA_bp,tA,eocA,nB,meanB_bp,tB,eocB,same_sign,cost_bp
JP225m,M15,bigmove_up,1,617,2.9512483470440007,2.2189779727677137,1.0036229640116017,661,-0.28629075246358365,-0.2913942285591317,0.09735811418391953,False,2.9405946783516255
JP225m,M15,bigmove_up,4,617,1.7443205481251054,0.7467529118735446,0.593186324169946,661,2.5791668046341414,1.4660255302642906,0.8770902102291482,True,2.9405946783516255
JP225m,M15,bigmove_down,1,715,-0.6470574861884255,-0.539624051420635,0.2200430718833848,680,-0.3334082859823252,-0.29419465322914695,0.11338124510557163,True,2.9405946783516255
JP225m,M15,bigmove_down,4,715,-2.4475821023215776,-1.0996480432066744,0.832342559938791,680,0.0463424834921057,0.02294520027703143,0.01575956177615181,False,2.9405946783516255
JP225m,M15,hivol,1,6449,-0.15138519560718122,-0.511390216030106,0.05148114995979026,7059,0.6689361831482384,2.7519373576725226,0.22748330059660454,False,2.9405946783516255
JP225m,M15,hivol,4,6449,-0.6055142969192063,-1.002790994827466,0.20591559298428452,7059,2.384413233331434,5.189069515569306,0.8108608952077805,False,2.9405946783516255
JP225m,M15,lovol,1,7015,0.014223758208519796,0.08922848115922828,0.004837034601617739,6631,0.005444077506523914,0.02725970718669166,0.0018513525670853885,True,2.9405946783516255
JP225m,M15,lovol,4,7015,0.33521108547445366,1.04576935215745,0.1139943182044929,6628,-0.33963646325400154,-0.8216131746254393,0.11549924433801519,False,2.9405946783516255
JP225m,M15,session_open,1,1108,0.03588290305045563,0.0885319345743827,0.012202600825820064,1100,0.049960933103095205,0.09040952482197005,0.016990078051525692,True,2.9405946783516255
JP225m,M15,session_open,4,1108,-2.6290549531938296,-2.776562958119129,0.8940555366398093,1100,0.48264751940121764,0.3949153385002086,0.1641326235657101,False,2.9405946783516255
JP225m,M15,all_bars,1,25000,0.007341046288345865,0.06618898310397595,0.0024964495591282745,24999,0.18622244406311392,1.6516046607773545,0.06332815788386804,True,2.9405946783516255
JP225m,M15,all_bars,4,25000,0.029046458101387174,0.1271560973190254,0.009877749665815694,24996,0.747489479145562,3.32885884394721,0.2541967053972135,True,2.9405946783516255
JP225m,H1,bigmove_up,1,336,-0.039512967355931614,-0.01307257784429865,0.01122562173674555,396,-4.584051318019578,-1.7372585184003682,1.3023275537465488,True,3.5198912169462537
JP225m,H1,bigmove_up,4,336,-5.531170431657987,-1.1047119174883824,1.5714037993641905,396,-5.035423718059395,-1.1344804461440665,1.4305623122148556,True,3.5198912169462537
JP225m,H1,bigmove_down,1,443,-1.1567753854446148,-0.2903162230882636,0.3286395272318093,437,-6.108444835003952,-2.3288857953207196,1.7354072778145242,True,3.5198912169462537
JP225m,H1,bigmove_down,4,443,-1.239440954690672,-0.1713778693861361,0.35212478974448863,437,-2.516831654584405,-0.6054552162820507,0.7150310902982759,True,3.5198912169462537
JP225m,H1,hivol,1,3697,-0.08773054887624018,-0.17950449492512516,0.024924221650336236,3975,0.9342992825450961,1.2873424932787363,0.26543413559117446,False,3.5198912169462537
JP225m,H1,hivol,4,3697,-0.16910738417129242,-0.1754566420035681,0.048043355248349025,3972,3.227631856011608,2.258894191528014,0.9169692064551356,False,3.5198912169462537
JP225m,H1,lovol,1,4065,0.30450809568317727,0.9768132248274728,0.08651065527739771,3996,-0.023227148411797904,-0.05868694823835539,0.006598825639830155,False,3.5198912169462537
JP225m,H1,lovol,4,4065,1.0310087118538291,1.5611423076402031,0.292909254379827,3996,-0.41129028038208165,-0.4978267695665707,0.11684744073963288,False,3.5198912169462537
JP225m,H1,session_open,1,1233,1.5208067519534079,0.5620470331386943,0.4320607252382111,600,-0.4696140831207766,-0.2907048168923205,0.13341721495819378,False,3.5198912169462537
JP225m,H1,session_open,4,1233,7.9554720642259715,1.5330405523702413,2.260147139185707,600,-0.8776145410463343,-0.2853108532918652,0.24933001816110809,False,3.5198912169462537
JP225m,H1,all_bars,1,14637,0.3504598002666936,1.1798478950758535,0.09956552025796452,14636,0.3900917860928356,1.3855429233919248,0.11082495510508047,True,3.5198912169462537
JP225m,H1,all_bars,4,14637,1.3919847659992435,2.378221405172166,0.3954624390940369,14633,1.5608038134947422,2.7721818290342504,0.4434238779824696,True,3.5198912169462537
XAUUSDm,M15,bigmove_up,1,601,-1.254570074531059,-2.3071465868074763,2.7699442691591383,635,-0.09042067126095284,-0.0893319525101687,0.19963828665881198,True,0.45292249685294367
XAUUSDm,M15,bigmove_up,4,601,-0.4851954615533473,-0.4217810272759791,1.0712549385924677,635,1.5527773611581592,0.8994788790626996,3.4283511460511975,False,0.45292249685294367
XAUUSDm,M15,bigmove_down,1,668,-0.7182121184015439,-1.0374325834746319,1.5857285151254814,649,0.9356095247314485,0.6765664114823822,2.0657166098667545,False,0.45292249685294367
XAUUSDm,M15,bigmove_down,4,668,-0.190864309412416,-0.14995166209105137,0.42140611415552287,649,3.761997941884108,1.6243939884273662,8.30605228935132,False,0.45292249685294367
XAUUSDm,M15,hivol,1,6066,0.06767414560400356,0.43103897798745805,0.14941661338137555,6674,-0.3643152448180922,-1.2329944130394597,0.8043655312983475,False,0.45292249685294367
XAUUSDm,M15,hivol,4,6066,0.20817401854963644,0.6682299790276581,0.4596239312379024,6671,-1.4963271041771917,-2.532842563978131,3.3037155685005066,False,0.45292249685294367
XAUUSDm,M15,lovol,1,6239,0.23271677594688533,2.039302103448385,0.5138114745102728,7267,-0.028167859132881348,-0.17869376960471192,0.062191344719242286,False,0.45292249685294367
XAUUSDm,M15,lovol,4,6239,1.1796036081997723,4.896036531061633,2.6044270628993944,7267,0.13601654818055073,0.42240725619336683,0.3003086601474623,True,0.45292249685294367
XAUUSDm,M15,session_open,1,1100,0.18287078247177488,0.7298526298075185,0.40375733981513834,1088,0.9222980691125436,1.8326808523967535,2.0363264698065957,True,0.45292249685294367
XAUUSDm,M15,session_open,4,1100,0.562232617794037,1.3300385941176982,1.241343986444958,1088,2.5027669206421828,2.609175516497108,5.525817193961971,True,0.45292249685294367
XAUUSDm,M15,all_bars,1,25000,0.14421181822962553,2.2011286434504957,0.31840285972027726,24999,0.08501149946262265,0.7510764147395703,0.18769546678142698,True,0.45292249685294367
XAUUSDm,M15,all_bars,4,25000,0.5758560529621327,4.364539437556512,1.27142294093001,24996,0.34168273919225045,1.516852076040754,0.7543956009391803,True,0.45292249685294367
XAUUSDm,H1,bigmove_up,1,414,-1.509234997547701,-0.6453888978195682,1.932113872629111,414,-0.7233917996160081,-0.39215179569071784,0.9260819777272971,True,0.7811314948502593
XAUUSDm,H1,bigmove_up,4,414,0.8405621789820119,0.23293069553958107,1.0760828164317522,414,3.2843314676577933,0.9186874720668817,4.204582057323639,True,0.7811314948502593
XAUUSDm,H1,bigmove_down,1,389,0.5707540654028755,0.27419000452386205,0.7306760374734186,435,2.634436298534404,1.2349073760697713,3.3725900388121177,True,0.7811314948502593
XAUUSDm,H1,bigmove_down,4,389,-0.509178259885056,-0.12225891142064108,0.6518470491100401,435,2.7665719400370246,0.8263043105271314,3.541749319130153,False,0.7811314948502593
XAUUSDm,H1,hivol,1,3948,-0.01080447854571203,-0.026080913455603878,0.013831830641757976,4137,0.5533778679863831,0.997611616238841,0.7084311305261913,False,0.7811314948502593
XAUUSDm,H1,hivol,4,3948,-0.7416099348570513,-0.9647938147329802,0.9494047285844182,4134,1.6447377016708602,1.504941377071689,2.105583646945578,False,0.7811314948502593
XAUUSDm,H1,lovol,1,4479,-0.07546332939330094,-0.297310492491285,0.09660771571855138,4301,0.3194102226651991,0.9633402008052704,0.40890711073739144,False,0.7811314948502593
XAUUSDm,H1,lovol,4,4479,-0.725566245960494,-1.3731619896799914,0.9288656913002631,4301,0.8978856813447427,1.327937166307963,1.1494680310091256,False,0.7811314948502593
XAUUSDm,H1,session_open,1,1503,2.345481220524112,1.2928178431292936,3.002671427265564,584,0.8609251368955392,0.6734299112368747,1.1021513568091068,True,0.7811314948502593
XAUUSDm,H1,session_open,4,1503,9.227667127426564,2.5290953376300975,11.813205828034729,584,4.310209438618779,1.8871027446502298,5.517905073645807,True,0.7811314948502593
XAUUSDm,H1,all_bars,1,15367,0.3225342678290213,1.4297134612868532,0.4129064952000817,15366,0.4517008387651349,2.052295965133405,0.5782647886342422,True,0.7811314948502593
XAUUSDm,H1,all_bars,4,15367,1.2880631712559656,2.8430353807291677,1.6489709859962611,15363,1.8088768805787132,4.17637516871469,2.3157136698546124,True,0.7811314948502593
DE30m,M15,bigmove_up,1,627,0.36514488500390047,0.4042723116325093,0.1319664398355887,654,-0.03446476894008195,-0.05967645624631457,0.01245585805407135,False,2.766952609002855
DE30m,M15,bigmove_up,4,627,1.2473977633791427,0.8363917286222226,0.4508200680129016,654,-0.5222874436363145,-0.519071967270473,0.18875908533342559,False,2.766952609002855
DE30m,M15,bigmove_down,1,691,-0.34313626452889556,-0.39293963369988644,0.12401233884976218,732,0.5542535202691669,0.9494855212984363,0.20031189492215654,False,2.766952609002855
DE30m,M15,bigmove_down,4,691,-0.23977459835016018,-0.16996909533937854,0.08665656129057062,732,0.4361601454562439,0.41449944446965414,0.1576319536652367,False,2.766952609002855
DE30m,M15,hivol,1,6401,0.2360930616827829,1.1631028938587713,0.08532602290136994,6616,0.10066978389843108,0.6372442266471434,0.03638290860887209,True,2.766952609002855
DE30m,M15,hivol,4,6401,0.7350629169855825,1.992831434514216,0.26565793522950215,6616,0.5852708737498016,1.856127326998159,0.21152182796535843,True,2.766952609002855
DE30m,M15,lovol,1,6641,0.21984512608190285,1.8836739933726199,0.07945388199515635,6698,-0.010294588311527183,-0.09258853022182342,0.0037205510054749767,False,2.766952609002855
DE30m,M15,lovol,4,6641,0.8128506263132045,3.3233721885123746,0.2937710691785707,6698,-0.12063705386930214,-0.5395130784721132,0.04359924831266875,False,2.766952609002855
DE30m,M15,session_open,1,1104,0.23662532462872485,1.2471587141591458,0.0855183872173362,1096,0.17604225530704348,0.8946806766902021,0.06362315521207462,True,2.766952609002855
DE30m,M15,session_open,4,1104,-0.39959894551111963,-0.9682469263470003,0.1444184277717448,1096,0.6363956774885743,1.5798652415807561,0.22999876304998096,False,2.766952609002855
DE30m,M15,all_bars,1,25000,0.10464372036861391,1.3517453170210756,0.03781912275191625,24999,0.027518548498055764,0.40252003718933327,0.0099454354254274,True,2.766952609002855
DE30m,M15,all_bars,4,25000,0.41714172028984176,2.678914538396909,0.15075853447311838,24996,0.11141135123465294,0.8139964286433934,0.040265001602178864,True,2.766952609002855
DE30m,H1,bigmove_up,1,369,-8.57047978923147,-2.1062679829378266,2.8396214235668213,369,-0.07597177316852968,-0.05746584244867658,0.025171411634010852,True,3.018176901365314
DE30m,H1,bigmove_up,4,369,-10.212091375440819,-1.194349840583303,3.3835297628913796,369,1.6410303373092807,0.589644427510825,0.5437157565439382,False,3.018176901365314
DE30m,H1,bigmove_down,1,457,4.050078877922136,0.9491765795555783,1.3418957901672453,497,-1.2339247805321132,-0.9324637626941223,0.4088311655867257,False,3.018176901365314
DE30m,H1,bigmove_down,4,457,-0.7777766240633414,-0.10439861039449716,0.257697494044005,497,0.0114115190298097,0.004627479616451892,0.003780931139141494,False,3.018176901365314
DE30m,H1,hivol,1,4204,0.9259650249623504,1.0360494246260814,0.3067961405918511,4024,0.18000906245305673,0.37955117267433913,0.05964165399702952,True,3.018176901365314
DE30m,H1,hivol,4,4204,4.4786196512527745,2.696738817482926,1.4838824222751188,4021,0.9619372193495542,0.994932525812225,0.318714658148238,True,3.018176901365314
DE30m,H1,lovol,1,4686,0.37418105287180875,1.1803356804811733,0.12397585201269774,4069,0.2491532347455649,1.0046976839711068,0.08255090502907798,True,3.018176901365314
DE30m,H1,lovol,4,4686,0.9717606128442283,1.592319254210644,0.32196940225890636,4069,1.0727338345465314,2.118214484222186,0.3554244398534975,True,3.018176901365314
DE30m,H1,session_open,1,1466,0.41756849820173114,0.13735964997738245,0.13835123382358347,560,1.1142751764891465,1.6570280488164337,0.36918815990709125,True,3.018176901365314
DE30m,H1,session_open,4,1466,2.776340666286648,0.46618341597932983,0.9198734060388349,560,0.7177409296831782,0.5765691941318759,0.23780611711609687,True,3.018176901365314
DE30m,H1,all_bars,1,14897,0.16105506461878336,0.4539154733666637,0.05336170472510338,14896,0.28800343631743147,1.6165525289132805,0.09542298073620177,True,3.018176901365314
DE30m,H1,all_bars,4,14897,0.6143789517980282,0.8776653526894134,0.20355962287038423,14893,1.1499514136713467,3.186550847050552,0.38100861919364315,True,3.018176901365314
BTCUSDm,M15,bigmove_up,1,703,2.8621405714833634,2.0890618253549724,1.4342875595926796,694,0.14537030790336364,0.1008993406767154,0.07284856175037237,True,1.9955137673341994
BTCUSDm,M15,bigmove_up,4,703,3.0350534002069978,1.2203266691059893,1.5209383417391884,694,0.7090149643593505,0.25834105982641226,0.3553044714427209,True,1.9955137673341994
BTCUSDm,M15,bigmove_down,1,680,-1.0261242136189437,-0.6509156523811188,0.5142155521130479,743,-0.16241395178594112,-0.10041837439504374,0.08138954210419175,True,1.9955137673341994
BTCUSDm,M15,bigmove_down,4,680,0.8324169281149827,0.3189117042449604,0.4171441669515545,743,-1.2538614751504416,-0.446543354454379,0.6283401776904156,False,1.9955137673341994
BTCUSDm,M15,hivol,1,6419,0.2259911365828327,0.6718643331902643,0.11324960031958764,6611,-0.23177787259470448,-0.6055263418820539,0.11614947307747008,False,1.9955137673341994
BTCUSDm,M15,hivol,4,6419,0.14528824299772466,0.22763548421927957,0.07280743705006595,6611,-0.5931267235440264,-0.8230296006396979,0.2972300834267771,False,1.9955137673341994
BTCUSDm,M15,lovol,1,6514,-0.10456906655563597,-0.5894346298190178,0.052402077233137535,6840,0.06722285399411777,0.3115909701381971,0.0336869908364103,False,1.9955137673341994
BTCUSDm,M15,lovol,4,6514,-0.3873215478761657,-1.0660201572412291,0.1940961541917034,6840,-0.2435032972509526,-0.557274320334748,0.12202536571634275,True,1.9955137673341994
BTCUSDm,M15,all_bars,1,25000,0.05746822912333869,0.40488687008059404,0.028798713426121992,24999,-0.19417592678650522,-1.2224965307682847,0.09730623259287469,False,1.9955137673341994
BTCUSDm,M15,all_bars,4,25000,0.21824651404767295,0.7697665290940825,0.10936858347974605,24996,-0.7746621471561891,-2.471492710580394,0.3882018555006302,False,1.9955137673341994
BTCUSDm,H1,bigmove_up,1,586,5.907852594207419,1.1058472828215784,1.6620348654411234,608,4.252968620237029,1.2716591279374496,1.196472324883602,True,3.5545900492523104
BTCUSDm,H1,bigmove_up,4,586,12.85489125145807,1.359889755102691,3.6164201984873134,608,2.6267983717307315,0.501933633331157,0.7389877131635095,True,3.5545900492523104
BTCUSDm,H1,bigmove_down,1,595,6.4310367737858325,1.2316543925847654,1.809220383976084,663,-0.7903004209055935,-0.2324022316205184,0.22233236743343415,False,3.5545900492523104
BTCUSDm,H1,bigmove_down,4,595,-4.720436720394533,-0.4143395055114667,1.3279834397183023,663,-2.827533784805253,-0.49716194165963057,0.7954598830320841,True,3.5545900492523104
BTCUSDm,H1,hivol,1,5267,0.7676295241826858,0.5091280470971135,0.21595444581412496,5972,0.7524716190069477,0.8806599109085846,0.21169012701344456,True,3.5545900492523104
BTCUSDm,H1,hivol,4,5267,4.414587421063675,1.6244002749671038,1.2419399592907374,5969,3.0724037749534348,1.869026029138066,0.8643482743107603,True,3.5545900492523104
BTCUSDm,H1,lovol,1,6411,0.6412687180377605,0.8221227129689358,0.18040581590348176,6582,0.0729718751875639,0.1454555797422834,0.020528914495474143,True,3.5545900492523104
BTCUSDm,H1,lovol,4,6411,1.9656515700127404,1.2177127952948106,0.5529896676625776,6582,-0.3002948856603899,-0.2874703420435806,0.08448087725996853,False,3.5545900492523104
BTCUSDm,H1,all_bars,1,22541,1.068538695959372,1.5584529323921612,0.3006081379719536,22541,0.1896178679032687,0.5533853757010729,0.05334451097761719,True,3.5545900492523104
BTCUSDm,H1,all_bars,4,22541,4.282994224961952,3.2654506955716167,1.2049193199825836,22538,0.7338303735949885,1.0879964791234142,0.20644585266572327,True,3.5545900492523104
US30m,M15,bigmove_up,1,669,-0.179915044832238,-0.20151465404948016,0.32471573947921084,606,-0.6900657137093038,-1.135073172593725,1.2454500329603075,True,0.554069368860257
US30m,M15,bigmove_up,4,669,2.143648265720016,1.619771533257687,3.868916756993058,606,-1.2379755030477546,-1.1364387346171494,2.234333050380172,False,0.554069368860257
US30m,M15,bigmove_down,1,681,-0.5597025416711057,-0.588023647706049,1.0101669089241232,639,0.8772554902858749,1.361908611994226,1.5832954131545383,False,0.554069368860257
US30m,M15,bigmove_down,4,681,-0.1353765588099562,-0.0979116027352127,0.24433142566323643,639,1.4109924073905886,1.2116660803800534,2.5465988316464,False,0.554069368860257
US30m,M15,hivol,1,6575,0.24687579270671833,1.2846977086699543,0.44556838291665857,6533,0.05699706297154692,0.461520297259914,0.10286990433849857,True,0.554069368860257
US30m,M15,hivol,4,6575,1.1267073326602148,3.1839740073443124,2.033513123055146,6533,0.34081557878022506,1.4233863444050865,0.6151135542491664,True,0.554069368860257
US30m,M15,lovol,1,6516,0.0395250697331623,0.37864766881062034,0.07133595891515707,6469,0.1128260842705008,1.248611825197088,0.20363169417321986,True,0.554069368860257
US30m,M15,lovol,4,6516,0.17943186991606366,0.8184446681306593,0.32384369178386857,6469,0.16595038147160004,0.8489764886507384,0.2995119217887223,True,0.554069368860257
US30m,M15,session_open,1,1108,0.07881446996851081,0.4491137492462809,0.14224657488399936,1100,0.15220790437660206,0.9093086582745101,0.2747091121274216,True,0.554069368860257
US30m,M15,session_open,4,1108,0.07214115769347851,0.20680857541047937,0.1302023929636749,1100,0.24298756670635413,0.8130433270136912,0.43855080313533545,True,0.554069368860257
US30m,M15,all_bars,1,25000,0.05563774387928006,0.7587978212739573,0.10041656696115352,24999,0.06524941284121011,1.140887859239324,0.1177639777767011,True,0.554069368860257
US30m,M15,all_bars,4,25000,0.22358928781236925,1.569172007230569,0.4035402431148674,24996,0.2604572952961782,2.3430347061447456,0.47008066125718045,True,0.554069368860257
US30m,H1,bigmove_up,1,396,-4.895803487139809,-1.4103462206042567,2.8748002277773965,446,-0.18745493359814022,-0.14109947624827723,0.11007294047269038,True,1.7030065045336795
US30m,H1,bigmove_up,4,396,-3.469033235532672,-0.5969829984264904,2.037005276431736,446,0.6166404294432188,0.23271413022065265,0.3620892978398039,False,1.7030065045336795
US30m,H1,bigmove_down,1,475,-0.06593359626633269,-0.01575813064389287,0.03871599790770427,465,-0.534526431050929,-0.4000237414232168,0.3138722192944848,True,1.7030065045336795
US30m,H1,bigmove_down,4,475,-1.518360179639893,-0.18053213438745755,0.891576265620696,465,5.374770670942,1.9419517830294966,3.1560482338931113,False,1.7030065045336795
US30m,H1,hivol,1,4091,0.7259324424344581,1.250583799179017,0.4262652200692764,3966,0.3938388286982296,0.9535792301803622,0.23126090690186257,True,1.7030065045336795
US30m,H1,hivol,4,4091,2.360240035295058,2.1691686781487856,1.3859254377547687,3963,1.5448324346792743,1.888306445296506,0.9071206895374033,True,1.7030065045336795
US30m,H1,lovol,1,4468,0.11744632567998126,0.40356398016785905,0.06896410869090641,3910,0.08048587342333337,0.36648046495298625,0.047261048744715255,True,1.7030065045336795
US30m,H1,lovol,4,4468,1.2735455042584143,2.1740998631929638,0.7478218673082161,3910,0.5767563443631798,1.2505775308637872,0.3386694900035677,True,1.7030065045336795
US30m,H1,session_open,1,1539,1.9784296569160156,0.753694112896922,1.1617275986023041,631,-0.10221741556245438,-0.24509580959586588,0.060021741132717375,False,1.7030065045336795
US30m,H1,session_open,4,1539,8.646667321836722,1.6559753378961206,5.0772955351714115,631,-0.12757526001938754,-0.1840154407176832,0.07491178670178976,False,1.7030065045336795
US30m,H1,all_bars,1,15063,0.2881055062047062,0.9104698524980045,0.16917463640786023,15062,0.22204242404809135,1.431331525659195,0.13038260479744407,True,1.7030065045336795
US30m,H1,all_bars,4,15063,1.1510627088683845,1.828350571607959,0.6759003596310812,15059,0.8886185922495304,2.848799123300596,0.5217940095260257,True,1.7030065045336795
USTECm,M15,bigmove_up,1,639,0.17484154364692012,0.13582885570306738,0.2107627001109521,658,-0.6244668120857422,-0.7962375426768019,0.7527633804849903,False,0.8295658745825425
USTECm,M15,bigmove_up,4,639,1.4009611817930465,0.7208971872129811,1.6887883466735463,658,0.01700527391199055,0.011982044308672094,0.02049900367532357,True,0.8295658745825425
USTECm,M15,bigmove_down,1,726,-1.1013322963910679,-0.9171353844814649,1.327600773049259,693,0.433337655308005,0.44385124763434686,0.5223667807286202,False,0.8295658745825425
USTECm,M15,bigmove_down,4,726,-1.4067368949746335,-0.7641274810671224,1.6957506788505943,693,-1.1974117586912507,-0.6994969155558718,1.4434197396244355,True,0.8295658745825425
USTECm,M15,hivol,1,6661,0.24674453610591063,0.992481012752422,0.2974381464643521,7054,0.2600680648696053,1.468560096312884,0.3134989912651335,True,0.8295658745825425
USTECm,M15,hivol,4,6661,0.8755205039797903,1.8474464776246167,1.0553959978408867,7054,1.4006786215232767,4.063005188229492,1.68844773445886,True,0.8295658745825425
USTECm,M15,lovol,1,6596,0.06757440386990148,0.4614890358128713,0.08145755019624756,6483,-0.04420121880545393,-0.360793262804735,0.05328234943089607,False,0.8295658745825425
USTECm,M15,lovol,4,6596,-0.04268742215914106,-0.13423983837405712,0.051457543598478414,6483,-0.5304633326766948,-1.9131501102037223,0.6394469070266863,True,0.8295658745825425
USTECm,M15,session_open,1,1108,0.16025247457501277,0.6189368860313053,0.19317631002559701,1100,0.33546225648678785,1.3257159498191782,0.40438290287145734,True,0.8295658745825425
USTECm,M15,session_open,4,1108,-0.02989549971952228,-0.05619322979033016,0.036037523523453054,1100,1.2578299988356438,2.4002065280945835,1.5162508938408468,False,0.8295658745825425
USTECm,M15,all_bars,1,25000,0.06115140624595057,0.6019640942579558,0.07371494913134345,24999,0.0842351516644446,1.040536632163595,0.10154124493950978,True,0.8295658745825425
USTECm,M15,all_bars,4,25000,0.24503114109735477,1.2172200775463278,0.29537273483032356,24996,0.33704971313229665,2.0992529512477978,0.40629650213361074,True,0.8295658745825425
USTECm,H1,bigmove_up,1,407,-1.5883362174558477,-0.40547129289254824,0.7343466545303713,415,-3.309102020504321,-1.611445385524543,1.529920410773854,True,2.162924291486858
USTECm,H1,bigmove_up,4,407,2.569778231082173,0.44117651791492213,1.1881036433853316,415,4.838811966183681,1.2305565195780133,2.2371619687424835,True,2.162924291486858
USTECm,H1,bigmove_down,1,478,-1.7574076541991364,-0.4275165270382726,0.812514640996076,484,-2.094845152779217,-1.0527201440724123,0.9685244929859097,True,2.162924291486858
USTECm,H1,bigmove_down,4,478,-0.9507320710865672,-0.15401281068511596,0.43955864513085013,484,4.0419592655837615,1.0521324917217088,1.8687474552357999,False,2.162924291486858
USTECm,H1,hivol,1,3762,1.2521826787714463,1.6231582914561027,0.5789304247494761,4092,0.9415124306696192,1.6090767715134178,0.43529606393314657,True,2.162924291486858
USTECm,H1,hivol,4,3762,4.965185552959222,3.4453711928275914,2.295589157929336,4089,4.273525952181752,3.693540280538127,1.9758093101095113,True,2.162924291486858
USTECm,H1,lovol,1,4374,-0.11386274385317707,-0.26118417729322885,0.052642963187076904,3924,-0.22929155028682946,-0.7554738368404992,0.10600997510144364,True,2.162924291486858
USTECm,H1,lovol,4,4374,0.1690065081996128,0.1815964078914312,0.07813796759545047,3924,-1.0691682341178772,-1.6763222285945818,0.4943160693724048,False,2.162924291486858
USTECm,H1,session_open,1,1538,4.311631182119214,1.4422354445122696,1.9934267690688665,632,0.47283645531783375,0.6806522919082914,0.21860980394870502,True,2.162924291486858
USTECm,H1,session_open,4,1538,18.65654844972273,3.49038154188267,8.625613260322519,632,0.746734300454189,0.5846276053942397,0.3452429210737014,True,2.162924291486858
USTECm,H1,all_bars,1,15063,0.5586477068454383,1.4140119184396769,0.2582835233966545,15063,0.36276685231504124,1.6262116957275354,0.16772055024897084,True,2.162924291486858
USTECm,H1,all_bars,4,15063,2.2324816077288423,3.0095055135585325,1.0321589232298873,15060,1.4426269877355542,3.1958761656987797,0.66697988154909,True,2.162924291486858
