symbol,category,status,price,spread_px,atr_h1,cost_pct,vol_min,atr_val_min_lot,risk_pct_equity
BCHUSDm,Crypto,ok,212.79,15.0,1.472857142857143,1018.4287099903005,0.1,0.14728571428571433,0.01486878406227872
BTCJPYm,Crypto,ok,10327848.0,2274.0,49061.78571428572,4.634971937717018,0.01,3.0769771784083657,0.31062692978874445
BTCKRWm,Crypto,ok,66181271.0,284097.0,350416.0,81.07420894023105,0.01,2.449382439904098,0.24727000009127048
BTCUSDm,Crypto,ok,64773.52,10.0,299.36428571428615,3.3404118250578563,0.01,2.9936428571428615,0.3022141652929991
ETHUSDm,Crypto,ok,1919.46,1.0,12.846428571428598,7.784264664998594,0.1,1.2846428571428599,0.12968723635309568
LTCUSDm,Crypto,ok,44.26,1.8,0.3014285714285713,597.1563981042657,0.1,0.030142857142857134,0.003042981025354809
XRPUSDm,Crypto,ok,1.08409,0.01,0.00610285714285714,163.8576779026218,20.0,0.12205714285714281,0.01232190989603388
AAVEUSDm,Crypto,ok,142.9,6.86,2.857142857142857,240.10000000000002,0.01,0.028571428571428574,0.002884342204127782
BATUSDm,Crypto,ok,0.1559,0.004675,0.00496285714285715,94.1997697179043,0.01,0.02481428571428575,0.0025050512042849825
LINKUSDm,Crypto,ok,11.183,0.07200000000000001,0.107357142857143,67.06586826347298,0.01,0.0107357142857143,0.0010837915832010154
SNXUSDm,Crypto,ok,1.4357,0.05865,0.035542857142857175,165.01205787781336,0.01,0.0035542857142857177,0.0003588121701934964
SOLUSDm,Crypto,ok,74.4589,0.6,0.45004285714285835,133.32063612989202,0.01,0.04500428571428584,0.004543271622831888
UNIUSDm,Crypto,ok,7.624,0.061,0.10221428571428566,59.67854647099933,0.01,0.010221428571428565,0.0010318734235267135
ADAUSDm,Crypto,ok,0.3323,0.0013700000000000001,0.004551428571428567,30.10043942247335,0.01,0.045514285714285674,0.004594757131175553
BNBUSDm,Crypto,ok,592.126,2.0,2.1161428571428473,94.5115776682648,0.01,0.21161428571428473,0.021362880534872317
DOTUSDm,Crypto,ok,4.6441,0.0159,0.06202142857142861,25.636300817689722,0.01,0.0620214285714286,0.006261185839610386
ENJUSDm,Crypto,ok,0.13276,0.00158,0.002272857142857146,69.51602765556245,0.01,0.02272857142857146,0.002294494223383654
FILUSDm,Crypto,ok,3.5289,0.0175,0.053664285714285755,32.61014241980565,0.01,0.026832142857142877,0.002708757872451505
XTZUSDm,Crypto,ok,0.66194,0.00168,0.00817214285714285,20.557643562625664,0.01,0.04086071428571425,0.00412496989467824
1INCHUSDm,Crypto,ok,0.25473,0.0018900000000000002,0.003921428571428571,48.196721311475414,0.01,0.019607142857142858,0.0019793798375826906
CAKEUSDm,Crypto,ok,1.5188000000000001,0.0123,0.019842857142857193,61.9870410367169,0.01,0.019842857142857193,0.0020031756607667497
COMPUSDm,Crypto,ok,37.843,0.5425,0.7546428571428575,71.88831045906291,0.01,0.037732142857142874,0.003809134423326254
DOGEUSDm,Crypto,ok,0.100201,0.000513,0.0016575000000000003,30.950226244343888,0.01,0.08287500000000003,0.00836639510584815
HBARUSDm,Crypto,ok,0.053494,0.000267,0.0008077857142857138,33.05332036431163,0.01,0.016155714285714277,0.0016309512993240534
HTUSDm,Crypto,ok,2.7204,0.029300000000000003,0.020957142857142896,139.80913428766164,0.01,0.020957142857142896,0.002115665006727732
IOSTUSDm,Crypto,ok,0.0049327,7.835e-05,6.966428571428578e-05,112.46795857684803,0.01,0.0034832142857142896,0.00035163736896072864
MANAUSDm,Crypto,ok,0.264381,0.0025134999999999997,0.004048428571428564,62.08581813049165,0.01,0.040484285714285646,0.004086968686138854
MATICUSDm,Crypto,ok,0.401588,0.0014535,0.0055622142857142875,26.13167931579149,0.01,0.11124428571428575,0.01123033058888173
THETAUSDm,Crypto,ok,1.11983,0.004940000000000001,0.020787142857142876,23.764689712047264,0.01,0.10393571428571438,0.010492515853065848
BTCUSDTm,Crypto,ok,64782.06,10.0,297.37214285714333,3.362789770393513,0.01,2.973037472642862,0.30013401098790204
ETHBTCm,Crypto,ok,0.029631,1.7e-05,0.00010185714285714287,16.690042075736322,0.01,6.597936991428573,0.6660747843593661
BTCAUDm,CryptoCross,ok,92176.8,26.200000000000003,420.27142857142775,6.234066419660776,0.5,147.66026507142828,14.90659570463756
BTCCNHm,CryptoCross,ok,436891.2,302.3,1987.7857142857185,15.207876675410512,0.5,147.28244336540493,14.868453856406404
BTCTHBm,CryptoCross,ok,2150839.0,19671.0,9706.285714285714,202.66248675379725,0.5,144.85264019647974,14.623160422431503
BTCXAGm,CryptoCross,ok,1100.794,0.743,7.43971428571425,9.986942662928731,0.5,218.7313198571418,22.081359202998456
BTCXAUm,CryptoCross,ok,15.74132,0.0034100000000000003,0.07838500000000005,4.350322127958153,0.01,3.2256297573500023,0.3256337015405274
BTCZARm,CryptoCross,ok,1067231.0,2127.0,5510.928571428572,38.59603644705974,0.5,167.12768864743916,16.87187060454477
UKOILm,Energies,ok,86.498,0.032,0.7892857142857161,4.054298642533928,0.01,7.892857142857162,0.7967995338903017
USOILm,Energies,ok,82.355,0.02,0.8189285714285707,2.4422154382904515,0.01,8.189285714285706,0.8267245842581248
XNGUSDm,Energies,ok,2.7565,0.0064,0.01775000000000006,36.056338028168895,0.01,1.775000000000006,0.17918975943143906
AUDCADm,Forex,ok,0.98371,0.00018,0.0008814285714285727,20.421393841166907,0.01,0.629429983310415,0.06354220128919864
AUDCHFm,Forex,ok,0.56534,9e-05,0.0005450000000000098,16.513761467889612,0.01,0.6772205378001016,0.06836675225376314
AUDCZKm,Forex,ok,14.7452,0.018500000000000003,0.017728571428571475,104.35132957292478,0.01,0.8439122712052531,0.08519461231465247
AUDDKKm,Forex,ok,4.5509,0.010110000000000001,0.004726428571428544,213.90358168354365,0.01,0.7286427401988312,0.07355792525503813
AUDHUFm,Forex,ok,220.784,0.2185,0.3920714285714248,55.72964110038312,0.01,1.2467094728569719,0.12585778620965424
AUDJPYm,Forex,ok,112.034,0.011,0.11035714285714095,9.967637540453246,0.01,0.6920808923856647,0.06986693443024367
AUDMXNm,Forex,ok,12.1834,0.005860000000000001,0.011352857142857229,51.616962375738886,0.01,0.6545319771033283,0.06607629719286151
AUDNOKm,Forex,ok,6.6947,0.006690000000000001,0.00945357142857141,70.76690593124306,0.01,0.9906693691318634,0.10001003151032872
AUDNZDm,Forex,ok,1.1951,0.00018,0.000889999999999994,20.224719101123732,0.01,0.5232042999999964,0.0528185085354893
AUDPLNm,Forex,ok,2.6146000000000003,0.020210000000000002,0.004985714285714403,405.35816618910223,0.01,1.3296833715284246,0.13423416533192248
AUDSEKm,Forex,ok,6.68247,0.019485000000000002,0.012134285714285717,160.578055097716,0.01,1.2734153482380202,0.12855379713074494
AUDSGDm,Forex,ok,0.90059,0.00051,0.0008428571428571294,60.508474576272164,0.01,0.6571780551539362,0.06634342400374897
AUDTRYm,Forex,ok,33.25516,0.13093500000000002,0.04047928571428575,323.46173527906666,0.01,0.8532373364167986,0.08613599608475912
AUDUSDm,Forex,ok,0.70273,9e-05,0.0008099999999999853,11.111111111111313,0.01,0.8099999999999853,0.08177110148702113
AUDZARm,Forex,ok,11.57911,0.00423,0.024865000000000265,17.011864065955983,0.01,1.5073003895400245,0.15216495447469885
CADCHFm,Forex,ok,0.57464,8e-05,0.0004999999999999925,16.000000000000238,0.01,0.6213341286410087,0.06272490875364777
CADCZKm,Forex,ok,14.9851,0.0184,0.01727142857142829,106.53432588916634,0.01,0.8221514390710166,0.08299781328639234
CADJPYm,Forex,ok,113.868,0.011,0.08328571428571203,13.207547169811676,0.01,0.5223672645068774,0.05273400814751884
CADMXNm,Forex,ok,12.37929,0.01114,0.01340785714285683,83.08561078259211,0.01,0.7730076963085624,0.07803665529024323
CADNOKm,Forex,ok,6.79957,0.01527,0.009756428571428444,156.51218976499217,0.01,1.0224677921522487,0.10322014518431293
CADPLNm,Forex,ok,2.6569700000000003,0.020465,0.004849999999999958,421.95876288660156,0.01,1.293495451429901,0.13058092324923035
CADTRYm,Forex,ok,33.79451,0.13224000000000002,0.02736857142857017,483.18196053870065,0.01,0.576884614705912,0.05823764243878898
CHFDKKm,Forex,ok,8.05234,0.00911,0.005435714285714559,167.59526938238315,0.01,0.8380455500332336,0.08460235521298176
CHFHUFm,Forex,ok,390.426,0.395,0.6897142857142983,57.27009113504453,0.01,2.193154795027738,0.2214033127419302
CHFJPYm,Forex,ok,198.141,0.021,0.16985714285714795,12.363330529856654,0.01,1.0653224549187037,0.10754640812044618
CHFMXNm,Forex,ok,21.54753,0.01093,0.022043571428571034,49.58361686270786,0.01,1.2708876339474402,0.12829861937545456
CHFNOKm,Forex,ok,11.83221,0.02713,0.01748571428571439,155.15522875816902,0.01,1.8325460172666663,0.18499914365129835
CHFPLNm,Forex,ok,4.62352,0.035710000000000006,0.007940714285714126,449.7076549428894,0.01,2.1178344252394687,0.2137995724925516
CHFSEKm,Forex,ok,11.82622,0.017150000000000002,0.01201999999999995,142.67886855241326,0.01,1.2614694544931664,0.12734783553844417
CHFSGDm,Forex,ok,1.59227,0.0017900000000000001,0.0014228571428571385,125.80321285140602,0.01,1.1093797163953145,0.11199407577408102
CHFTRYm,Forex,ok,58.80687,0.23239500000000002,0.06661428571428678,348.8666094788707,0.01,1.4041196321971632,0.14174865301767298
CHFZARm,Forex,ok,20.47596,0.008010000000000001,0.046292142857142594,17.303152339952884,0.01,2.8074952138420635,0.28342219266099955
CZKPLNm,Forex,ok,0.17711,0.0015500000000000002,0.00028000000000000247,553.5714285714238,0.01,0.0746774202151783,0.007538833218770839
DKKCZKm,Forex,ok,3.235,0.0068000000000000005,0.0027857142857142326,244.10256410256878,0.01,0.13260507081790557,0.013386744078450342
DKKHUFm,Forex,ok,48.436,0.089,0.08585714285714273,103.66056572379382,0.01,0.2730087058433398,0.02756076863253882
DKKJPYm,Forex,ok,24.583,0.026000000000000002,0.018642857142856833,139.46360153256938,0.01,0.11691830232832975,0.011803133784420055
DKKPLNm,Forex,ok,0.57362,0.00491,0.0009714285714285754,505.44117647058624,0.01,0.25908700027166137,0.026155344929854666
DKKSGDm,Forex,ok,0.19755,0.00038,0.0001492857142857149,254.5454545454535,0.01,0.11639485590428271,0.011750290832983304
DKKZARm,Forex,ok,2.54093,0.0030900000000000003,0.005738571428571403,53.84615384615409,0.01,0.3479531097453794,0.035126554382363624
DXYm,Forex,ok,99.94,0.013000000000000001,0.07071428571428535,18.38383838383848,0.01,0.7071428571428535,0.07138746955216224
EURAUDm,Forex,ok,1.64065,0.00017,0.001325714285714295,12.823275862068876,0.01,0.9316324571428636,0.094050138520535
EURCADm,Forex,ok,1.61418,0.00015000000000000001,0.0010357142857142668,14.48275862068992,0.01,0.7396638355395585,0.07467052661998227
EURCHFm,Forex,ok,0.92774,0.00016,0.0005635714285714331,28.390367553865424,0.01,0.7003149198143911,0.07069817577903541
EURCZKm,Forex,ok,24.1928,0.0135,0.02482142857142858,54.388489208633075,0.01,1.1816126785850305,0.11928613612213476
EURDKKm,Forex,ok,7.47206,0.00608,0.0010257142857145343,592.7576601669872,0.01,0.15813964347222992,0.015964509673443563
EURGBPm,Forex,ok,0.856,0.00013000000000000002,0.00048642857142857813,26.72540381791447,0.01,0.6551220000000089,0.06613586117084191
EURHKDm,Forex,ok,9.04083,0.00421,0.006528571428571566,64.4857768052503,0.01,0.8322259750292319,0.08401485761018726
EURHUFm,Forex,ok,362.25,0.336,0.6352142857142878,52.89553581468554,0.01,2.0198555915680805,0.20390841551511557
EURJPYm,Forex,ok,183.832,0.016,0.12521428571428878,12.778094694808587,0.01,0.7852739410000991,0.07927495694399174
EURMXNm,Forex,ok,19.991,0.00843,0.01685428571428536,50.016952025768134,0.01,0.9717086027261667,0.09809590465349916
EURNOKm,Forex,ok,10.98521,0.00978,0.014048571428571601,69.61561928004795,0.01,1.472260157382443,0.14862757375878968
EURNZDm,Forex,ok,1.96087,0.00022,0.001897142857142883,11.596385542168516,0.01,1.1153302857143008,0.11259479751196794
EURPLNm,Forex,ok,4.29823,0.01615,0.003909285714285853,413.1189475607382,0.01,1.0425846192766322,0.10525097865639299
EURSEKm,Forex,ok,10.96459,0.030640000000000004,0.017969999999999913,170.5063995548144,0.01,1.8858063947411412,0.19037588406080752
EURSGDm,Forex,ok,1.47769,0.0008200000000000001,0.0008571428571428104,95.6666666666719,0.01,0.6682906128558702,0.06746525867489124
EURTRYm,Forex,ok,54.71953,0.148035,0.05344428571428596,276.9893881478697,0.01,1.1265167332345736,0.11372409150636235
EURUSDm,Forex,ok,1.1529,8e-05,0.0008864285714285103,9.024979854956303,0.01,0.8864285714285102,0.08948671688305825
EURZARm,Forex,ok,18.99307,0.00812,0.05047285714285822,16.08785485833936,0.01,3.0608476341392374,0.3089986204043366
GBPAUDm,Forex,ok,1.91636,0.00021,0.0017249999999999766,12.173913043478427,0.01,1.2121747499999835,0.12237143765710486
GBPCADm,Forex,ok,1.8854600000000001,0.00018,0.0014764285714285532,12.191582002902908,0.01,1.0543508422564507,0.10643880212972841
GBPCHFm,Forex,ok,1.08366,0.00015000000000000001,0.0008957142857142537,16.74641148325419,0.01,1.1130342164824527,0.11236300478335227
GBPCZKm,Forex,ok,28.2619,0.0339,0.028071428571428875,120.76335877862465,0.01,1.3363274321839476,0.13490489639136533
GBPDKKm,Forex,ok,8.72557,0.01285,0.006532857142857372,196.6980100590353,0.01,1.0071265268494385,0.10167141412009637
GBPHUFm,Forex,ok,423.151,0.394,0.7877142857142871,50.01813565469705,0.01,2.505006378362274,0.25288534665518575
GBPILSm,Forex,ok,4.11258,0.003920000000000001,0.010090714285714382,38.84759680045267,0.01,3.2908008523889656,0.3322128524373811
GBPJPYm,Forex,ok,214.736,0.021,0.1844999999999999,11.38211382113822,0.01,1.1570807698820336,0.11680959143543955
GBPMXNm,Forex,ok,23.35279,0.009915,0.022727857142856984,43.624878217417574,0.01,1.310250674232035,0.1322723961186019
GBPNOKm,Forex,ok,12.82417,0.02842,0.018690000000000064,152.05992509363244,0.01,1.9585610811173404,0.19772061349701084
GBPNZDm,Forex,ok,2.2906,0.00024000000000000003,0.002295000000000031,10.45751633986914,0.01,1.349161650000018,0.13620053605500046
GBPPLNm,Forex,ok,5.01118,0.038425,0.008605714285714201,446.5056440903099,0.01,2.295046866731437,0.23168951883576497
GBPSEKm,Forex,ok,12.81777,0.017570000000000002,0.013969285714285715,125.77593700465309,0.01,1.4658560548392212,0.1479810669452155
GBPSGDm,Forex,ok,1.7252999999999998,0.00252,0.0015057142857142372,167.36242884251013,0.01,1.1738814713835384,0.11850565546943055
GBPTRYm,Forex,ok,63.73261,0.24767000000000003,0.06655857142857105,372.1083471056664,0.01,1.4029431966243286,0.14162988952061223
GBPUSDm,Forex,ok,1.34676,0.0001,0.0012592857142857486,7.94100964265435,0.01,1.2592857142857485,0.12712738264693543
GBPZARm,Forex,ok,22.19281,0.00683,0.05103071428571531,13.384096412524402,0.01,3.094694900326828,0.31241556884690913
HKDJPYm,Forex,ok,20.317,0.031,0.016142857142857077,192.03539823008927,0.01,0.10123071465301114,0.010219440791969386
HUFJPYm,Forex,ok,0.50701,0.00047000000000000004,0.0010235714285714412,45.91765526866657,0.01,0.006419025759420548,0.0006480133417548025
MXNJPYm,Forex,ok,9.1918,0.0054,0.009600000000000084,56.24999999999951,0.01,0.06020356329840326,0.006077668746116201
NOKDKKm,Forex,ok,0.6791,0.0021100000000000003,0.0009828571428571425,214.68023255813966,0.01,0.15151228196435668,0.015295464425972587
NOKJPYm,Forex,ok,16.709,0.037,0.026499999999999396,139.62264150943716,0.01,0.16618170872422242,0.016776372060957067
NOKSEKm,Forex,ok,0.99736,0.0034300000000000003,0.001509285714285721,227.25982016090765,0.01,0.15837355382010126,0.015988123385535728
NZDCADm,Forex,ok,0.82307,0.00018,0.0008207142857142857,21.93211488250653,0.01,0.5860570449259396,0.05916361740472047
NZDCHFm,Forex,ok,0.47302,0.00014000000000000001,0.0004635714285714322,30.200308166409627,0.01,0.5760225509722312,0.05815061540044936
NZDCZKm,Forex,ok,12.3359,0.016900000000000002,0.015271428571428634,110.66417212347946,0.01,0.726878596995118,0.0733798315106573
NZDDKKm,Forex,ok,3.80868,0.006500000000000001,0.003993571428571453,162.76158111250126,0.01,0.6156259090970191,0.0621486527047073
NZDHUFm,Forex,ok,184.707,0.203,0.3312857142857106,61.27641224665873,0.01,1.0535200927497348,0.10635493632451365
NZDJPYm,Forex,ok,93.745,0.014,0.10764285714285547,13.005972130059924,0.01,0.6750122729504069,0.06814382355112783
NZDMXNm,Forex,ok,10.19324,0.006050000000000001,0.011195000000000097,54.041983028137096,0.01,0.6454157036357223,0.065155991362117
NZDNOKm,Forex,ok,5.59786,0.01332,0.008761428571428809,152.03000163051928,0.01,0.9181298534720094,0.09268702398336406
NZDPLNm,Forex,ok,2.1874000000000002,0.017070000000000002,0.004299285714285649,397.0426981226178,0.01,1.1465648581585373,0.11574798935547585
NZDSEKm,Forex,ok,5.5948,0.008610000000000001,0.006338571428571463,135.83502366463756,0.01,0.6651707196556561,0.06715029928785003
NZDSGDm,Forex,ok,0.75329,0.0009100000000000001,0.0008335714285714573,109.16880891173575,0.01,0.649902486781997,0.06560894099175192
NZDTRYm,Forex,ok,27.82059,0.11235,0.0377750000000004,297.4189278623397,0.01,0.7962335570656616,0.0803813518545546
NZDUSDm,Forex,ok,0.58789,0.00014000000000000001,0.0007614285714285558,18.386491557223643,0.01,0.7614285714285558,0.07686771974000381
NZDZARm,Forex,ok,9.68807,0.00649,0.025357142857142762,25.594366197183195,0.01,1.5377201008085926,0.15523588447142478
PLNDKKm,Forex,ok,1.7282,0.014655000000000001,0.002847142857142826,514.7265429001562,0.01,0.4389221059716042,0.044310054410249065
PLNHUFm,Forex,ok,83.7977,0.7001000000000001,0.18850000000000375,371.4058355437592,0.01,0.5993774106260036,0.06050833465842934
PLNJPYm,Forex,ok,42.5258,0.3252,0.07887857142857209,412.2792719369702,0.01,0.49464504078369603,0.04993539485182229
PLNSEKm,Forex,ok,2.53798,0.022420000000000002,0.004860714285714282,461.2490815576786,0.01,0.510098603071925,0.05149546251874426
SEKDKKm,Forex,ok,0.68004,0.0015300000000000001,0.0007007142857142767,218.34862385321384,0.01,0.10802522835057561,0.010905360383473717
SEKJPYm,Forex,ok,16.734,0.023,0.02135714285714282,107.69230769230786,0.01,0.13392745163382513,0.013520241036355343
SEKPLNm,Forex,ok,0.39047,0.0034400000000000003,0.0006557142857142793,524.6187363834474,0.01,0.17487439713099143,0.01765391614232123
SGDHKDm,Forex,ok,6.11321,0.00893,0.0038635714285713946,231.13329635792402,0.01,0.49250659725743773,0.049719514749834715
SGDJPYm,Forex,ok,124.352,0.073,0.0812142857142898,89.88566402813971,0.01,0.5092826505273147,0.05141309049610978
TRYDKKm,Forex,ok,0.1364,0.0007,0.00012142857142857193,576.4705882352918,0.01,0.01871578451834716,0.0018893954509370523
TRYJPYm,Forex,ok,3.3529999999999998,0.018000000000000002,0.01328571428571425,135.48387096774232,0.01,0.08329862557267782,0.008409160944978933
TRYZARm,Forex,ok,0.34672,0.00201,0.001093571428571416,183.8014369693032,0.01,0.06631873659817814,0.006695007581309563
USDCADm,Forex,ok,1.40023,0.00014000000000000001,0.0009457142857143275,14.80362537764285,0.01,0.6753317235547229,0.06817607272123352
USDCHFm,Forex,ok,0.80469,0.00013000000000000002,0.0008521428571428648,15.255658005029202,0.01,1.058799305612267,0.1068878833007528
USDCNHm,Forex,ok,6.74488,0.0035900000000000003,0.002063571428571403,173.9702319141593,0.01,0.3057840497789722,0.030869504404431
USDCZKm,Forex,ok,20.9898,0.0238,0.024378571428571454,97.62672135950767,0.01,1.1601275086525198,0.11711716573816285
USDDKKm,Forex,ok,6.48106,0.006390000000000001,0.005293571428571501,120.71245445958547,0.01,0.8159660251609638,0.08237338352271559
USDHKDm,Forex,ok,7.8408,0.0039000000000000003,0.0008292857142857228,470.2842377260934,0.01,0.10571273052614089,0.01067190915595474
USDILSm,Forex,ok,3.06346,0.00271,0.007675714285714262,35.30616043178868,0.01,2.5032169575827408,0.2527047010895485
USDJPYm,Forex,ok,159.497,0.01,0.10442857142857268,9.575923392612745,0.01,0.6546958530257146,0.06609284079123279
USDMXNm,Forex,ok,17.33927,0.006130000000000001,0.017964285714285717,34.12326043737575,0.01,1.035666373275904,0.10455256804424765
USDNOKm,Forex,ok,9.52317,0.020560000000000002,0.015535714285713986,132.34022988506,0.01,1.627845117759407,0.1643341831227886
USDPLNm,Forex,ok,3.72152,0.028425000000000002,0.007257857142857173,391.6445231768511,0.01,1.9352376279826187,0.19536606478922422
USDSEKm,Forex,ok,9.51825,0.012440000000000001,0.013576428571428347,91.62939969485079,0.01,1.424495872956559,0.14380567480910578
USDSGDm,Forex,ok,1.2814,0.00125,0.0008071428571428634,154.86725663716697,0.01,0.6292726499172528,0.06352631817208806
USDTHBm,Forex,ok,33.2133,0.3,0.03325714285714249,902.061855670113,0.01,0.9923565526863213,0.10018035602595689
USDTRYm,Forex,ok,47.38855,0.05356,0.00635499999999973,842.8009441385095,0.01,0.13395272680746556,0.013522792615107014
USDZARm,Forex,ok,16.48575,0.0039000000000000003,0.03934857142857113,9.911414464130196,0.01,2.3862587397895725,0.24089753776003436
XAGAUDm,Forex,ok,83.646,0.054,0.5844285714285705,9.239794671229543,0.01,20.534774499999966,2.0730260859908904
XAGEURm,Forex,ok,50.999,0.03,0.3682142857142863,8.147429679922391,0.01,21.222950892857174,2.142498853473977
XAGGBPm,Forex,ok,43.648,0.026000000000000002,0.3134999999999997,8.29346092503988,0.01,21.11061974999998,2.131158802507645
XAGJPYm,Forex,ok,9376.27,5.45,71.11642857142877,7.663489448891634,0.01,22.293411505704906,2.250563968796239
XAGUSDm,Forex,ok,58.774,0.03,0.4436428571428565,6.762196103687017,0.01,22.182142857142825,2.2393311787297034
XAUAUDm,Forex,ok,5853.515,1.092,18.552428571428404,5.886021853126714,0.01,13.037904702857027,1.3162022575746315
XAUEURm,Forex,ok,3568.285,0.4615,11.845714285714296,3.895923781958511,0.01,13.655502514285725,1.3785499777184576
XAUGBPm,Forex,ok,3054.426,0.3975,10.190142857142876,3.9008285317743967,0.01,13.723574892857169,1.3854220189241717
XAUUSDm,Forex,ok,4113.224,0.24,14.561714285714386,1.6481575952595733,0.01,14.561714285714388,1.4700338477557755
XPDUSDm,Forex,ok,1300.29,6.0,9.763571428571415,61.45292267173905,0.01,9.763571428571415,0.985651839705565
XPTUSDm,Forex,ok,1651.0,3.58,11.41500000000003,31.362242663162426,0.01,11.41500000000003,1.1523668191041552
ZARJPYm,Forex,ok,9.663,0.022,0.02285714285714275,96.25000000000044,0.01,0.14330497089117708,0.014466920146095387
XALUSDm,Forex,ok,3196.04,3.855,10.715714285714187,35.97520330622616,0.01,0.10715714285714187,0.010817725436581146
XCUUSDm,Forex,ok,13810.49,6.8500000000000005,39.82785714285702,17.199017199017252,0.01,0.3982785714285702,0.04020700923999013
XNIUSDm,Forex,ok,17328.6,18.14,71.20499999999967,25.47573906326815,0.01,0.7120499999999967,0.07188285532572122
XPBUSDm,Forex,ok,1898.56,4.105,5.185714285714312,79.15977961432468,0.01,0.051857142857143115,0.005235081100491951
XZNUSDm,Forex,ok,3615.75,4.82,13.064285714285656,36.89447785675249,0.01,0.13064285714285656,0.013188654728374225
USDAEDm,Forex_Indicator,ok,3.66579,0.0145,0.00035785714285701306,4051.8962075863,1e-08,9.723612619033097e-08,9.816179188783324e-09
USDAMDm,Forex_Indicator,ok,365.6814,0.9674,0.41897857142856765,230.89486335816906,1e-08,1.1412702563455904e-06,1.1521348883426616e-07
USDARSm,Forex_Indicator,ok,1548.7948,55.566750000000006,1.495428571428582,3715.7742644248883,1e-08,9.302324506756262e-07,9.390880509965235e-08
USDAZNm,Forex_Indicator,bad_data,,,,,,,
USDBDTm,Forex_Indicator,ok,127.6179,3.1972500000000004,0.05842857142857026,5472.066014670037,1e-08,4.489825714625929e-07,4.532567829255811e-08
USDBGNm,Forex_Indicator,ok,1.6618,0.0088,0.000957142857142831,919.4029850746521,1e-08,5.727964435325141e-07,5.782493347592942e-08
USDBHDm,Forex_Indicator,ok,0.37623,0.0017300000000000002,0.0001521428571428705,1137.0892018778345,1e-08,4.025369275660665e-07,4.063689871145567e-08
USDBNDm,Forex_Indicator,ok,1.2819,0.0009000000000000001,0.0008500000000000016,105.8823529411763,1e-08,6.625613843635527e-07,6.688688173107934e-08
USDBRLm,Forex_Indicator,ok,5.0631,0.0024000000000000002,0.008450000000000037,28.402366863905204,1e-08,1.6682460712311533e-06,1.6841273925428323e-07
USDCLPm,Forex_Indicator,ok,916.836,13.600000000000001,1.8646142857142942,729.373367146017,1e-08,2.004022077514514e-06,2.0230999096626324e-07
USDCNYm,Forex_Indicator,ok,6.7231,0.0337,0.000749999999999965,4493.333333333543,1e-08,1.1098450656287865e-07,1.1204105369926268e-08
USDCOPm,Forex_Indicator,ok,3090.7938,32.6,9.14087857142863,356.63967905554335,1e-08,2.9265853609073026e-06,2.9544457846566143e-07
USDDZDm,Forex_Indicator,ok,132.35512,0.664965,0.04580357142856834,1451.775438596589,1e-08,3.442403529358545e-07,3.4751744241785486e-08
USDEGPm,Forex_Indicator,ok,49.613,3.17965,0.05611428571428486,5666.382382892144,1e-08,1.0609039344464922e-06,1.0710034974272308e-07
USDGELm,Forex_Indicator,ok,2.6109,0.013000000000000001,0.0039428571428571845,329.7101449275328,1e-08,1.4993562546515512e-06,1.5136297835100508e-07
USDGHSm,Forex_Indicator,ok,11.51934,0.5844250000000001,0.02038571428571423,2866.836019621592,1e-08,1.6709985381397468e-06,1.6869060623073046e-07
USDIDRm,Forex_Indicator,ok,17997.3955,70.0,17.612899999999822,397.4359702263722,1e-08,9.74844437318031e-07,9.84124733555459e-08
USDINRm,Forex_Indicator,ok,102.651,2.498,0.03978571428571241,6278.635547576598,1e-08,3.7882497605987596e-07,3.824313032495189e-08
USDISKm,Forex_Indicator,ok,123.57,0.22260000000000002,0.10981428571428507,202.7058670482645,1e-08,8.869430832227631e-07,8.953865786595224e-08
USDJODm,Forex_Indicator,bad_data,,,,,,,
USDKESm,Forex_Indicator,ok,127.32587,4.31677,0.18740785714285732,2303.4092944723293,1e-08,1.4357859559884731e-06,1.4494543101330277e-07
USDKGSm,Forex_Indicator,ok,87.4256,0.0689,0.04292142857142827,160.52587784989296,1e-08,4.906747304228588e-07,4.953458417101858e-08
USDKRWm,Forex_Indicator,ok,1422.0932,1.8259500000000002,3.3612500000000085,54.3235403495722,1e-08,2.3587811994208596e-06,2.3812362573274574e-07
USDKWDm,Forex_Indicator,ok,0.3087,0.0012000000000000001,5.714285714285878e-05,2099.99999999994,1e-08,1.8415358408913558e-07,1.8590668412039085e-08
USDKZTm,Forex_Indicator,ok,475.23,3.6,1.1964285714285754,300.89552238805874,1e-08,2.498649983143444e-06,2.522436559903332e-07
USDLBPm,Forex_Indicator,ok,89426.05627,263.38570000000004,31.589033571429486,833.7884076270623,1e-08,3.522647606243704e-07,3.5561824063354466e-08
USDLKRm,Forex_Indicator,ok,334.6322,12.13095,0.4370057142857157,2775.9247999372265,1e-08,1.2632500092161576e-06,1.2752758605814406e-07
USDMADm,Forex_Indicator,ok,9.3522,0.060000000000000005,0.015078571428571306,397.91567977262287,1e-08,1.6020241206701199e-06,1.6172750241478338e-07
USDMYRm,Forex_Indicator,ok,4.0861,0.0017000000000000001,0.002199999999999948,77.2727272727291,1e-08,5.380814948882131e-07,5.432039077381842e-08
USDNGNm,Forex_Indicator,ok,1388.4887,16.22125,0.3396500000000385,4775.872221403846,1e-08,2.4186206947628653e-07,2.4416454109884867e-08
USDNPRm,Forex_Indicator,ok,152.29949,1.4188850000000002,0.10009642857143117,1417.518107539122,1e-08,6.505464594902171e-07,6.567395130987381e-08
USDOMRm,Forex_Indicator,bad_data,,,,,,,
USDPHPm,Forex_Indicator,ok,61.1118,0.48000000000000004,0.04222142857142889,1136.8634748773388,1e-08,6.855040536472209e-07,6.92029895562374e-08
USDPKRm,Forex_Indicator,ok,283.8627,4.018050000000001,0.12756428571429979,3149.823618343345,1e-08,4.410029254503302e-07,4.452011725070719e-08
USDQARm,Forex_Indicator,ok,3.61098,0.017,0.00019285714285710576,8814.814814816511,1e-08,5.2364428494617335e-08,5.286292588571967e-09
USDRONm,Forex_Indicator,ok,4.5466,0.0053,0.004357142857142853,121.63934426229521,1e-08,9.570669193741716e-07,9.661779777039194e-08
USDRURm,Forex_Indicator,ok,92.6393,17.197100000000002,0.8404285714285729,2046.2298147203776,1e-08,7.838721927235674e-06,7.9133447684017e-07
USDSARm,Forex_Indicator,ok,3.7542999999999997,0.0012000000000000001,0.00021428571428565895,560.0000000001446,1e-08,5.7059170359648233e-08,5.760236062029764e-09
USDSYPm,Forex_Indicator,ok,121.39755,0.30920000000000003,0.011560000000001886,2674.7404844286293,1e-08,9.49501470659656e-08,9.58540507646765e-09
USDTJSm,Forex_Indicator,ok,9.3085,0.003,0.011714285714285566,25.6097560975613,1e-08,1.2576937883730652e-06,1.2696667457858257e-07
USDTMTm,Forex_Indicator,ok,3.4974,0.0183,0.004078571428571439,448.6865148861635,1e-08,1.161456723024103e-06,1.1725135255702302e-07
USDTNDm,Forex_Indicator,ok,2.93093,0.04377,0.016447857142857174,266.1136926217045,1e-08,5.52341870041949e-06,5.576000384040996e-07
USDTWDm,Forex_Indicator,ok,32.3965,0.0285,0.03229285714285674,88.25481088254921,1e-08,9.958263839145173e-07,1.0053064234880092e-07
USDUAHm,Forex_Indicator,ok,44.4858,0.46855,0.05577857142857212,840.0179280317479,1e-08,1.2420963290319535e-06,1.253920802196668e-07
USDUGXm,Forex_Indicator,ok,3732.90006,29.502405000000003,8.530417142857166,345.849499572286,1e-08,2.2701165624318528e-06,2.2917275532590857e-07
USDUZSm,Forex_Indicator,ok,11857.0,191.0,32.857142857142854,581.304347826087,1e-08,2.685065200387583e-06,2.710626407409454e-07
USDVNDm,Forex_Indicator,ok,26177.2458,142.44075,58.57142857142857,243.19152439024393,1e-08,2.2188462014256265e-06,2.2399691101341918e-07
USDVUVm,Forex_Indicator,ok,117.7851,1.7648000000000001,0.14548571428571425,1213.0400628436767,1e-08,1.2167897873772156e-06,1.2283733480493205e-07
USDXOFm,Forex_Indicator,ok,590.83391,7.169865000000001,0.21193500000000703,3383.049048057075,1e-08,3.54479852770823e-07,3.578544199509606e-08
USDHRKm,Forex_Indicator,ok,7.0211,0.03321,0.011860000000000046,280.016863406407,1e-08,1.6779757896107053e-06,1.6939497356175789e-07
USDHUFm,Forex_Indicator,ok,314.237,0.273,0.6669285714285665,40.933918817607676,1e-08,2.1204984545365615e-06,2.1406851151726395e-07
USDRUBm,Forex_Indicator,ok,92.6393,17.41635,0.8364357142857161,2082.2102287768635,1e-08,7.80148033657339e-06,7.875748646308075e-07
MBTUSDm,Forex_Indicator,ok,0.06482666,1e-05,0.0002940135714285689,3.401203540167029,0.01,2.9401357142856887e-06,2.968125134302158e-07
USDIQDm,Forex_Indicator,ok,1285.51,50.0,0.20000000000002924,24999.999999996344,1e-08,1.497555241069174e-07,1.5118116246900007e-08
BWPUSDm,Forex_Indicator,ok,0.0677,0.01,0.00032857142857142807,3043.47826086957,1e-08,3.2857142857142804e-07,3.316993534746944e-08
USDAOAm,Forex_Indicator,no_history,,,,,,,
USDHNLm,Forex_Indicator,ok,26.5937,0.3995,0.012639285714285693,3160.779881322413,1e-08,4.681979920537308e-07,4.726551299289608e-08
USDGTQm,Forex_Indicator,ok,7.5795,0.1145,0.002067857142857177,5537.1329879100995,1e-08,2.6875880776922275e-07,2.713173301929422e-08
TETUSDm,Forex_Indicator,ok,0.99977,0.00031,4.214285714283188e-05,735.5932203394241,1e-08,4.214285714283188e-08,4.254404751085928e-09
US30_x10m,Idx_Enlarge,ok,52062.3,3.2,119.94999999999916,2.667778240933741,0.01,11.994999999999916,1.2109189658479376
US500_x100m,Idx_Enlarge,ok,7415.78,1.08,17.905714285714243,6.031594064145539,0.01,17.905714285714243,1.8076172593268764
USTEC_x100m,Idx_Enlarge,ok,28006.95,3.6,126.6771428571423,2.8418702212599083,0.01,126.6771428571423,12.78830803044129
AUS200m,Indices,ok,9044.72,2.94,24.078571428571326,12.210026698309159,0.01,0.1692073449999993,0.01708181602511678
DE30m,Indices,ok,25648.9,1.6,78.66428571428592,2.033959865613361,0.01,0.9069205500000024,0.09155542263545255
FR40m,Indices,ok,8486.78,1.6400000000000001,25.42428571428575,6.4505253694442795,0.01,0.29312675971428614,0.029591725947109862
HK50m,Indices,ok,25985.6,14.8,87.27857142857049,16.957197806694676,0.01,0.11125715946513404,0.011231630219483129
JP225m,Indices,ok,63604.0,6.0,420.2285714285691,1.4277943976067524,1.0,2.6347775227036245,0.2659860002527458
STOXX50m,Indices,ok,6350.88,1.6400000000000001,20.303571428571427,8.077396657871592,0.01,0.2340859660714286,0.023631441096684594
UK100m,Indices,ok,10927.99,1.42,29.730714285714125,4.77620546332559,0.01,0.40046380221428357,0.04042761260832486
US30m,Indices,ok,52065.3,3.2,119.94999999999916,2.667778240933741,0.01,1.1994999999999916,0.12109189658479375
US500m,Indices,ok,7414.78,1.08,17.905714285714243,6.031594064145539,0.03,0.5371714285714273,0.05422851777980631
USTECm,Indices,ok,28000.2,3.6,126.6771428571423,2.8418702212599083,0.01,1.266771428571423,0.12788308030441292
IN50m,Indices,ok,18874.88,10.24,28.64571428571409,35.74705765010996,0.01,0.2864571428571409,0.028918414938584946
AAPLm,Stocks,ok,331.91,0.16,2.2435714285714345,7.131486787647227,0.01,2.2435714285714345,0.2264929715791347
ABBVm,Stocks,ok,258.09,0.265,1.8657142857142819,14.203675344563582,0.01,1.8657142857142819,0.18834754592954378
ABTm,Stocks,ok,105.44,0.09,0.7857142857142877,11.454545454545425,0.01,0.7857142857142877,0.0793194106135142
ADBEm,Stocks,ok,246.87,0.21,2.77928571428571,7.555898226676959,0.01,2.77928571428571,0.28057438790652955
ADPm,Stocks,ok,260.43,0.2,1.8671428571428603,10.711553175210389,0.01,1.8671428571428603,0.18849176303975088
AMDm,Stocks,ok,483.71,0.96,10.009285714285722,9.59109398415756,0.01,10.009285714285722,1.010457182661066
AMGNm,Stocks,ok,383.25,0.36,2.6778571428571394,13.44358495598828,0.01,2.6778571428571394,0.270334973081876
AMTm,Stocks,ok,173.29,0.2,1.4321428571428558,13.965087281795524,0.01,1.4321428571428558,0.14457765298190495
AMZNm,Stocks,ok,238.7,0.07,2.0628571428571445,3.393351800554014,0.01,2.0628571428571445,0.20824950713802604
ATVIm,Stocks,ok,94.38,0.08,0.11214285714285767,71.33757961783405,0.01,0.11214285714285767,0.011321043151201598
AVGOm,Stocks,ok,385.05,0.33,5.554999999999999,5.940594059405942,0.01,5.554999999999999,0.5607882330375439
BAm,Stocks,ok,219.68,0.67,2.05571428571429,32.592077831827595,0.01,2.05571428571429,0.20752842158699436
BABAm,Stocks,ok,115.54,0.18,0.941428571428571,19.11987860394538,0.01,0.941428571428571,0.09503907562601037
BACm,Stocks,ok,61.54,0.1,0.37357142857142833,26.768642447418756,0.01,0.37357142857142833,0.03771277431897072
BIIBm,Stocks,ok,206.69,0.36,1.9150000000000023,18.798955613577,0.01,1.9150000000000023,0.19332303623166483
BMYm,Stocks,ok,64.27,0.07,0.43428571428571516,16.118421052631547,0.01,0.43428571428571516,0.043842001502742374
Cm,Stocks,ok,130.71,0.14,1.1392857142857105,12.288401253918538,0.01,1.1392857142857105,0.11501314538959492
CHTRm,Stocks,ok,139.74,0.2,1.9535714285714272,10.237659963436936,0.01,1.9535714285714272,0.19721689820723695
CMCSAm,Stocks,ok,23.46,0.06,0.2014285714285712,29.787234042553223,0.01,0.2014285714285712,0.02033461253910084
CMEm,Stocks,ok,264.94,0.255,2.1557142857142844,11.829025844930426,0.01,2.1557142857142844,0.21762361930144103
COSTm,Stocks,ok,952.42,0.705,6.105714285714287,11.546560598970517,0.01,6.105714285714287,0.6163839290221071
CSCOm,Stocks,ok,113.19,0.1,1.1885714285714297,8.413461538461531,0.01,1.1885714285714297,0.11998863569171585
CSXm,Stocks,ok,49.83,0.07,0.2964285714285718,23.61445783132527,0.01,0.2964285714285718,0.02992505036782578
CVSm,Stocks,ok,104.92,0.12,0.7507142857142861,15.984776403425299,0.01,0.7507142857142861,0.0757860914134575
EAm,Stocks,ok,201.94,0.14,0.37928571428571445,36.91148775894537,0.01,0.37928571428571445,0.03828964275979632
EBAYm,Stocks,ok,112.83,0.1,0.9264285714285724,10.794140323824198,0.01,0.9264285714285724,0.09352479596884343
EQIXm,Stocks,ok,1049.77,1.79,8.086428571428542,22.13585372316941,0.01,8.086428571428542,0.8163409523232625
Fm,Stocks,ok,14.67,0.17500000000000002,0.137142857142857,127.60416666666681,0.01,0.137142857142857,0.013844842579813341
FBm,Stocks,ok,530.66,0.64,5.939999999999998,10.774410774410779,0.01,5.939999999999998,0.5996547442381656
GILDm,Stocks,ok,129.85,0.14,1.115714285714287,12.54801536491676,0.01,1.115714285714287,0.11263356307119002
GOOGLm,Stocks,ok,334.63,0.32,3.3142857142857167,9.655172413793096,0.01,3.3142857142857167,0.33458369567882296
HDm,Stocks,ok,331.98,0.23,2.5514285714285614,9.014557670772712,0.01,2.5514285714285614,0.2575717588286099
IBMm,Stocks,ok,221.15,0.32,3.481428571428572,9.191629052113253,0.01,3.481428571428572,0.3514570975729703
INTCm,Stocks,ok,92.23,0.1,2.3714285714285737,4.2168674698795146,0.01,2.3714285714285737,0.23940040294260614
INTUm,Stocks,ok,309.2,0.32,3.766428571428573,8.496112270054994,0.01,3.766428571428573,0.380228411059145
ISRGm,Stocks,ok,349.48,0.55,3.6450000000000022,15.089163237311379,0.01,3.6450000000000022,0.367969956691602
JNJm,Stocks,ok,255.59,0.19,1.6699999999999977,11.377245508982051,0.01,1.6699999999999977,0.16858980183126865
JPMm,Stocks,ok,350.39,0.32,2.1007142857142713,15.232913974838594,0.01,2.1007142857142713,0.2120712605584937
KOm,Stocks,ok,87.85,0.1,0.4942857142857144,20.231213872832367,0.01,0.4942857142857144,0.04989912013141064
LINm,Stocks,ok,503.98,0.46,3.306428571428577,13.912292071721733,0.01,3.306428571428577,0.33379050157268814
LLYm,Stocks,ok,1163.38,1.35,10.69785714285719,12.619349669493168,0.01,10.69785714285719,1.0799698297805496
LMTm,Stocks,ok,560.37,0.61,3.969285714285722,15.368004318877063,0.01,3.969285714285722,0.40070724070845287
MAm,Stocks,ok,576.84,0.54,3.2914285714285825,16.406249999999947,0.01,3.2914285714285825,0.3322762219155216
MCDm,Stocks,ok,267.57,0.16,1.6485714285714275,9.705372616984409,0.01,1.6485714285714275,0.1664265451781729
MDLZm,Stocks,ok,62.79,0.08,0.46785714285714164,17.09923664122142,0.01,0.46785714285714164,0.04723110359259231
MMMm,Stocks,ok,175.5,0.2,1.2185714285714286,16.412661195779602,0.01,1.2185714285714286,0.12301719500604989
MOm,Stocks,ok,67.86,0.1,0.5378571428571429,18.59229747675963,0.01,0.5378571428571429,0.0542977419927055
MRKm,Stocks,ok,129.02,0.13,1.0364285714285677,12.543073742246772,0.01,1.0364285714285677,0.10462951345473492
MSm,Stocks,ok,208.13,0.14,1.9621428571428592,7.135056425191111,0.01,1.9621428571428592,0.1980822008684756
MSFTm,Stocks,ok,454.1,0.32,3.2178571428571394,9.944506104328536,0.01,3.2178571428571394,0.3248490407398911
NFLXm,Stocks,ok,72.65,0.38,0.6478571428571434,58.6549062844542,0.01,0.6478571428571434,0.0654024594785975
NKEm,Stocks,ok,41.83,0.13,0.4085714285714285,31.818181818181827,0.01,0.4085714285714285,0.04124609351902727
NVDAm,Stocks,ok,193.58,0.16,1.9592857142857147,8.16624134159679,0.01,1.9592857142857147,0.19779376664806272
ORCLm,Stocks,ok,125.06,0.14,2.4264285714285734,5.769796879599642,0.01,2.4264285714285734,0.24495276168555205
PEPm,Stocks,ok,139.64,0.1,1.0350000000000048,9.661835748792226,0.01,1.0350000000000048,0.10448529634452938
PFEm,Stocks,ok,24.68,0.1,0.15785714285714267,63.34841628959283,0.01,0.15785714285714267,0.015935990677805975
PGm,Stocks,ok,143.14,0.11,1.0035714285714252,10.960854092526727,0.01,1.0035714285714252,0.101312519919988
PMm,Stocks,ok,192.07,0.28,1.5885714285714252,17.62589928057558,0.01,1.5885714285714252,0.16036942654950434
PYPLm,Stocks,ok,56.79,0.14,0.41999999999999965,33.333333333333364,0.01,0.41999999999999965,0.04239983040067836
REGNm,Stocks,ok,716.96,0.8300000000000001,4.7100000000000035,17.622080679405506,0.01,4.7100000000000035,0.47548381235046516
SBUXm,Stocks,ok,107.12,0.095,0.8200000000000013,11.58536585365852,0.01,0.8200000000000013,0.08278062125846747
Tm,Stocks,ok,23.2,0.1,0.1892857142857147,52.83018867924517,0.01,0.1892857142857147,0.0191087671023466
TMOm,Stocks,ok,568.9,0.6,4.2957142857142925,13.967409378117704,0.01,4.2957142857142925,0.43366085039061275
TMUSm,Stocks,ok,173.95,0.2,1.69285714285714,11.814345991561202,0.01,1.69285714285714,0.1708972755945708
TSLAm,Stocks,ok,306.32,0.11,4.112857142857146,2.674539770753732,0.01,4.112857142857146,0.4152010602841945
UNHm,Stocks,ok,424.38,0.31,3.048571428571421,10.16869728209937,0.01,3.048571428571421,0.3077593131804336
UPSm,Stocks,ok,103.02,0.09,0.8699999999999994,10.344827586206904,0.01,0.8699999999999994,0.0878282201156909
Vm,Stocks,ok,363.69,0.24,2.1471428571428572,11.177644710578843,0.01,2.1471428571428572,0.21675831664020284
VRTXm,Stocks,ok,475.68,0.64,3.732857142857138,17.145044010715672,0.01,3.732857142857138,0.37683930896929424
VZm,Stocks,ok,45.99,0.1,0.36785714285714327,27.184466019417446,0.01,0.36785714285714327,0.037135905878145234
WFCm,Stocks,ok,84.67,0.2,0.6207142857142836,32.22094361334879,0.01,0.6207142857142836,0.06266233438467585
WMTm,Stocks,ok,110.66,0.14,0.8314285714285704,16.838487972508613,0.01,0.8314285714285704,0.08393435814011835
XOMm,Stocks,ok,155.99,0.14,1.1078571428571402,12.637008381689263,0.01,1.1078571428571402,0.11184036896505448
AMCm,Stocks,ok,4.86,0.03,0.08214285714285705,36.521739130434824,0.01,0.08214285714285705,0.008292483836867363
BBm,Stocks,ok,8.2,0.16,0.22999999999999968,69.56521739130444,0.01,0.22999999999999968,0.023218954743228614
BBBYm,Stocks,bad_data,,,,,,,
BEKEm,Stocks,ok,16.74,0.14,0.19285714285714256,72.59259259259271,0.01,0.19285714285714256,0.0194693098778625
BIDUm,Stocks,ok,105.94,0.47000000000000003,1.2607142857142872,37.28045325779033,0.01,1.2607142857142872,0.12727159975713853
BILIm,Stocks,ok,18.58,0.07,0.17571428571428577,39.83739837398373,0.01,0.17571428571428577,0.017738704555385863
BRQSm,Stocks,bad_data,,,,,,,
BYNDm,Stocks,ok,7.11,0.05,0.1414285714285714,35.35353535353536,0.01,0.1414285714285714,0.014277493910432518
CANm,Stocks,ok,1.5899999999999999,0.04,0.07500000000000002,53.33333333333332,0.01,0.07500000000000002,0.00757139828583543
EDUm,Stocks,ok,56.28,1.415,0.384999999999999,367.5324675324685,0.01,0.384999999999999,0.03886651120062176
FTNTm,Stocks,ok,153.24,0.25,2.0271428571428567,12.332628611698382,0.01,2.0271428571428567,0.20464407938286608
FUTUm,Stocks,ok,103.73,0.505,1.2357142857142824,40.867052023121495,0.01,1.2357142857142824,0.12474780032852625
IQm,Stocks,no_history,,,,,,,
JDm,Stocks,ok,32.02,0.05,0.1850000000000005,27.027027027026957,0.01,0.1850000000000005,0.01867611577172744
LIm,Stocks,ok,13.27,0.06,0.12357142857142835,48.55491329479777,0.01,0.12357142857142835,0.012474780032852635
NIOm,Stocks,ok,4.74,0.04,0.05142857142857154,77.77777777777762,0.01,0.05142857142857154,0.005191815967430019
NTESm,Stocks,ok,131.46,0.21,1.0078571428571448,20.836286321757576,0.01,1.0078571428571448,0.10174517125060771
PDDm,Stocks,ok,86.55,0.14,0.7199999999999999,19.44444444444445,0.01,0.7199999999999999,0.07268542354402009
RLXm,Stocks,ok,1.94,0.06,0.014285714285714266,420.00000000000057,0.01,0.014285714285714266,0.0014421711020638891
TALm,Stocks,ok,11.96,0.29,0.10857142857142854,267.1052631578948,0.01,0.10857142857142854,0.01096050037568557
TIGRm,Stocks,ok,3.8,0.03,0.05000000000000011,59.999999999999865,0.01,0.05000000000000011,0.005047598857223629
TMEm,Stocks,ok,9.48,0.07,0.07857142857142867,89.090909090909,0.01,0.07857142857142867,0.00793194106135141
TSMm,Stocks,ok,401.11,0.3,5.355714285714283,5.601493731661779,0.01,5.355714285714283,0.5406699461637525
VIPSm,Stocks,ok,15.12,0.03,0.11285714285714299,26.58227848101263,0.01,0.11285714285714299,0.011393151706304751
XPEVm,Stocks,ok,12.72,0.04,0.13857142857142893,28.865979381443225,0.01,0.13857142857142893,0.013989059690019779
YUMCm,Stocks,ok,46.41,0.11,0.2714285714285702,40.52631578947387,0.01,0.2714285714285702,0.027401250939213802
ZTOm,Stocks,ok,23.63,0.05,0.11142857142857159,44.87179487179481,0.01,0.11142857142857159,0.011248934596098365
METAm,Stocks,ok,529.86,0.64,5.867857142857149,10.906877662811917,0.01,5.867857142857149,0.5923717801727438
SPCXm,Stocks,ok,112.42,0.24,1.8528571428571448,12.952968388589037,0.01,1.8528571428571448,0.18704959193768686
