symbol,tf,q,bars,days,vr_A,z_A,vr_B,z_B,same_sign,both_sig,edge_over_cost_A,edge_over_cost_B,cost_frac_bp
JP225m,M5,2,50000,259,1.0163366451525235,1.0988510663431639,1.0088386683992148,0.8087856909604096,True,False,0.2393721694117009,0.14180939930090092,1.0326149727764218
JP225m,M5,4,50000,259,1.0013769997311668,0.04945538420610955,1.0241243593178473,1.2258826902859723,True,False,0.028533801339193594,0.5473800473947449,1.0326149727764218
JP225m,M5,8,50000,259,0.9861159615220062,-0.3246904022252513,1.0411287373854015,1.3844316311846783,False,False,0.40687085746727253,1.3197557096149108,1.0326149727764218
JP225m,M5,16,50000,259,0.9671150068213299,-0.5462664545311099,1.0628271125705815,1.5046858669083525,False,False,1.3628671686171263,2.8510856933819415,1.0326149727764218
JP225m,M15,2,50000,777,1.0337941494703882,1.3673193435638435,0.9950924661661948,-0.3840126104419881,False,False,0.2850178108448811,0.0420747947809854,2.9405946783516255
JP225m,M15,4,50000,777,1.0607454453449758,1.4481256387081793,0.9915344474712784,-0.38045396002535,False,False,0.7245347129146226,0.10264292289334209,2.9405946783516255
JP225m,M15,8,50000,777,1.083500581761914,1.425233767388347,1.0002282226418402,0.006918417375989032,True,False,1.4084777034503304,0.003913338611607693,2.9405946783516255
JP225m,M15,16,50000,777,1.0329472545491736,0.4186421584902705,1.012798784786531,0.27813497352583466,True,False,0.7859496125361715,0.31036478139265905,2.9405946783516255
JP225m,H1,2,29274,2577,0.9733101400297041,-0.45417656298551135,1.008999683265953,0.49742160110317774,False,False,0.3853762107534803,0.1231562349959342,3.5198912169462537
JP225m,H1,4,29274,2577,0.9710643189625121,-0.2904146913095776,0.9997679101982407,-0.006299294197874242,True,False,0.5908637048218638,0.004491591319642619,3.5198912169462537
JP225m,H1,8,29274,2577,0.9898841632081756,-0.0706252954080792,0.9630804937825462,-0.6611624702192528,True,False,0.29212613747487515,1.0104505345987103,3.5198912169462537
JP225m,H1,16,29274,2577,1.0143659761406216,0.0702710775015334,0.9574944013050911,-0.5540237409780949,False,False,0.5867035840513348,1.6452060942539652,3.5198912169462537
JP225m,H4,2,8479,2577,0.9680896352241946,-0.532013883445985,0.9800153321451711,-0.8710880267938961,True,False,0.8770008327104513,0.5261775815606565,3.407545347485451
JP225m,H4,4,8479,2577,0.9570558817611008,-0.4215772256262483,0.9719836464808473,-0.6113131032635939,True,False,1.66911755438355,1.0431866304699222,3.407545347485451
JP225m,H4,8,8479,2577,0.97518365782767,-0.1689758384519675,0.9140755110706298,-1.1448135240827373,True,False,1.3640679386067305,4.524622586686322,3.407545347485451
JP225m,H4,16,8479,2577,1.0085480981780541,0.040693382020154,0.8735251817194871,-1.1255682805346638,False,False,0.6644812519475737,9.418559016336562,3.407545347485451
XAUUSDm,M5,2,50000,259,1.0238039050265797,1.1950569586293434,0.998670722243897,-0.1244381192171108,False,False,0.8308755178495951,0.0336190956370039,0.5289225494611673
XAUUSDm,M5,4,50000,259,1.030068407084792,0.8198731587655498,0.9944209032206511,-0.29380511528851777,False,False,1.4842708995926372,0.1995488283319494,0.5289225494611673
XAUUSDm,M5,8,50000,259,1.0326865217666361,0.5884763123299035,0.9996119320759361,-0.01330830547569467,False,False,2.2818466692108244,0.019629445528381643,0.5289225494611673
XAUUSDm,M5,16,50000,259,1.0070412921543421,0.09130303691050642,0.9940089586051275,-0.14354995957501163,False,False,0.6951605391498068,0.4285658909019826,0.5289225494611673
XAUUSDm,M15,2,50000,772,0.9999779438324101,-0.002027129744292678,0.9993690683094091,-0.03163629586352056,True,False,0.0007134359303963526,0.035254919270131496,0.45292249685294367
XAUUSDm,M15,4,50000,772,1.0140961524998064,0.6804008103030644,0.9901760859632048,-0.2752017785113651,False,False,0.6448229884789574,0.7763131345579855,0.45292249685294367
XAUUSDm,M15,8,50000,772,0.9973982321171933,-0.08136816607772993,0.9582088776579214,-0.7776406803223032,True,False,0.16831525083236545,4.670371345583431,0.45292249685294367
XAUUSDm,M15,16,50000,772,1.001878285446883,0.04166563796230486,0.9310452365591718,-0.9164890703150609,False,False,0.17184286777435226,10.897996124346552,0.45292249685294367
XAUUSDm,H1,2,30734,2954,0.9792162426695363,-0.7159249546010465,0.9828269193627213,-0.9093619982508442,True,False,1.0523246482200588,0.8482364985589032,0.7811314948502593
XAUUSDm,H1,4,30734,2954,1.0087062488818501,0.160999101227028,0.9681355660425685,-0.9275337718957306,False,False,0.623407116555413,2.2258195486680123,0.7811314948502593
XAUUSDm,H1,8,30734,2954,0.9408432817550543,-0.6915160759297763,0.9725244571874775,-0.5267369010735808,True,False,5.990454153900272,2.7142198564779334,0.7811314948502593
XAUUSDm,H1,16,30734,2954,0.8719448838128236,-0.9975659828504789,1.0089449561020518,0.117114116040739,False,False,18.338660386527252,1.2496602438017388,0.7811314948502593
XAUUSDm,H4,2,9009,2954,0.9925282549383063,-0.24436853181877927,1.014758797837242,0.4603708956383896,False,False,0.6661285105804309,1.32351058102312,0.8012743730402377
XAUUSDm,H4,4,9009,2954,1.0145125726991473,0.2544944182195918,1.032508215655878,0.5550545357762308,True,False,1.8297652817506755,4.122726869467648,0.8012743730402377
XAUUSDm,H4,8,9009,2954,0.9360188127653858,-0.7066383730922193,1.0900943317768115,0.9636947788536474,False,False,11.408229966588367,16.15860623768791,0.8012743730402377
XAUUSDm,H4,16,9009,2954,0.8528974407766416,-1.0796288172459623,1.0191630169063672,0.14069355266563316,False,False,37.093789130770546,4.860548824718886,0.8012743730402377
DE30m,M5,2,50000,267,1.0450798193428654,3.799980200212243,1.0136794863573917,0.42287147917353407,True,False,0.5886386976825378,0.22466277603356558,0.6552805000293995
DE30m,M5,4,50000,267,1.0533010190062542,2.4771142442509495,1.0105090323017314,0.20660276080239334,True,False,0.9842765820113938,0.2440838556870546,0.6552805000293995
DE30m,M5,8,50000,267,1.0453943058656399,1.4061237933559052,1.0129455190957557,0.19599644437599076,True,False,1.1854903358738513,0.42521717281825744,0.6552805000293995
DE30m,M5,16,50000,267,1.0502637929694212,1.1203498588261034,1.0125127067702056,0.15443395920260766,True,False,1.8563800567139306,0.581242806352418,0.6552805000293995
DE30m,M15,2,50000,791,1.0079646192139622,0.25639798331860025,1.0048623861418107,0.3007977079081906,True,False,0.04982809287269319,0.026863013210573945,2.766952609002855
DE30m,M15,4,50000,791,1.0117062240937427,0.2224861909289196,1.0020171562094804,0.07557620424585978,True,False,0.10357169399853507,0.01576013052555458,2.766952609002855
DE30m,M15,8,50000,791,1.0213241102929622,0.28594953808360674,1.023788391548275,0.6364023280281241,True,False,0.2668149523690006,0.26284538404909785,2.766952609002855
DE30m,M15,16,50000,791,1.0102672890798203,0.10413912183745612,1.0531417358628905,1.0556673859497865,True,False,0.18168121748806632,0.8303974571899294,2.766952609002855
DE30m,H1,2,29794,3129,0.8996321564479697,-1.6350397272969428,1.014221503694478,0.8875356223684061,False,False,2.036703654746484,0.14489240671656806,3.018176901365314
DE30m,H1,4,29794,3129,0.9734856533524889,-0.21308373804377595,1.0257543403563123,0.7866605906332488,False,False,0.7609027912369412,0.3710782813258611,3.018176901365314
DE30m,H1,8,29794,3129,1.022168389034463,0.11347706674326434,1.0398098479369213,0.7628856093159136,True,False,0.899699293487898,0.811186327763757,3.018176901365314
DE30m,H1,16,29794,3129,1.061115381454388,0.2251399362442836,1.0442235803315756,0.5709438800052413,True,False,3.507751102026086,1.2743801593423527,3.018176901365314
DE30m,H4,2,8731,3129,0.8959944874672173,-1.6699112132073657,1.0237728357870666,0.9021079120271739,False,False,3.9935108943206217,0.47573704126346095,2.9306206600543265
DE30m,H4,4,8731,3129,0.9707011027345857,-0.2321519552582506,1.0160877330766076,0.2777503926317617,False,False,1.5909802474942472,0.4552980880731677,2.9306206600543265
DE30m,H4,8,8731,3129,1.0218305518122324,0.11013924027480618,0.9477562100391906,-0.5415295732942129,False,False,1.6764601100100602,2.0909836994597795,2.9306206600543265
DE30m,H4,16,8731,3129,1.0521041345588231,0.18902001644283906,0.9251000747786966,-0.5292654737708228,False,False,5.658687297676876,4.239477692437406,2.9306206600543265
BTCUSDm,M5,2,50000,173,0.9992073952659002,-0.07445883741156128,0.9854212926152263,-1.0384720519245665,True,False,0.00831399153536583,0.12604478182262766,2.016671998436383
BTCUSDm,M5,4,50000,173,0.9889105396103076,-0.571319786677786,0.983357843385169,-0.663753727707973,True,False,0.16450470656990362,0.2034840881094329,2.016671998436383
BTCUSDm,M5,8,50000,173,0.9680096179682436,-1.0853508898211033,0.978796801447496,-0.5746201355875852,True,False,0.6711233329364626,0.3666377909859798,2.016671998436383
BTCUSDm,M5,16,50000,173,0.9395994021950447,-1.4427011127500233,0.952089253573054,-0.9369385422098166,True,False,1.792004708865111,1.1716119218156227,2.016671998436383
BTCUSDm,M15,2,50000,520,1.01571835765551,1.0285779782116204,0.9818134865457752,-1.3311559200651248,False,False,0.25002611490340054,0.3236857105490289,1.9955018804061535
BTCUSDm,M15,4,50000,520,0.9975933550134677,-0.08696767094390485,0.9734867561907259,-1.0602174471633612,True,False,0.05413837729916047,0.6673473535248041,1.9955018804061535
BTCUSDm,M15,8,50000,520,1.0008884734802443,0.021527802814343647,0.9532893254889954,-1.265182819370413,False,False,0.028265239578936046,1.6627241837611901,1.9955018804061535
BTCUSDm,M15,16,50000,520,0.9910811545849393,-0.15823624072378745,0.9427594761589849,-1.131842637482326,True,False,0.4012655134891134,2.881526860648645,1.9955018804061535
BTCUSDm,H1,2,45083,2770,0.9188659888721915,-2.1964340384534085,0.9874035109225299,-1.0081317691738687,True,False,3.3228564158960405,0.25781798930327293,3.5545900679968323
BTCUSDm,H1,4,45083,2770,0.9150682701012373,-1.3454655026579834,0.9686642958919208,-1.4378215921710351,True,False,4.919189984809009,0.9070227039362769,3.5545900679968323
BTCUSDm,H1,8,45083,2770,0.9572178341178438,-0.4674856464461417,0.9547971971397006,-1.4201272884851472,True,False,3.504300906891237,1.8503720636187357,3.5545900679968323
BTCUSDm,H1,16,45083,2770,0.9905414584568291,-0.07404062769840654,0.9424149278799714,-1.2965813213708075,True,False,1.0956650214360992,3.333639329789774,3.5545900679968323
BTCUSDm,H4,2,11973,2770,0.9188955503764633,-2.1427639464842074,0.9838675540585533,-0.9254203479816386,True,False,6.8482957223026535,0.6932356049901564,3.313181790064732
BTCUSDm,H4,4,11973,2770,0.920620373964216,-1.224934247634718,0.9797405414821002,-0.6246390156050726,True,False,9.478985755343263,1.231185446562038,3.313181790064732
BTCUSDm,H4,8,11973,2770,0.9747790333103729,-0.2676327771532054,0.9304654142234178,-1.3626201719760713,True,False,4.259214854292961,5.976012665844541,3.313181790064732
BTCUSDm,H4,16,11973,2770,1.0140874561332356,0.10690529985031255,0.9259369460721536,-1.0105136634689156,False,False,3.364460194251012,9.001756295049951,3.313181790064732
US30m,M5,2,50000,259,1.0382022504180082,1.7730283479060405,0.994962529640232,-0.4175699407504796,False,False,0.74356409237591,0.08753805405912495,0.42568975934524056
US30m,M5,4,50000,259,1.0196122863643373,0.5280025506010829,0.9764374854604476,-1.0945703161493932,False,False,0.5398494778008441,0.5790566023284982,0.42568975934524056
US30m,M5,8,50000,259,1.005658868548504,0.10154041112695575,0.9577645449720003,-1.3012859705676296,False,False,0.22028709880187777,1.4678833944039607,0.42568975934524056
US30m,M5,16,50000,259,0.9748306406708479,-0.32451768231233336,0.9443919852120544,-1.2028545799233898,True,False,1.385627890395499,2.733170778635614,0.42568975934524056
US30m,M15,2,50000,777,0.9687322115053381,-0.8765138706844448,0.9696183790274273,-1.7299527735959581,True,False,0.9252634630768922,0.7012225603055299,0.554069368860257
US30m,M15,4,50000,777,0.944314568286597,-0.8834941018194897,0.944437946371947,-1.924691151825739,True,False,2.3303697610933987,1.8135862977714328,0.554069368860257
US30m,M15,8,50000,777,0.9521291478674538,-0.5244803017482529,0.9312158828348059,-1.7276168480310146,True,False,2.833148908638886,3.1751416285836576,0.554069368860257
US30m,M15,16,50000,777,0.9662020166014218,-0.27554689944498056,0.9085866914128359,-1.7542454383145982,True,False,2.8288116325773607,5.9675952583555345,0.554069368860257
US30m,H1,2,30126,2953,0.9391541540755673,-0.8045937643523534,1.010293232951752,0.4931795219958883,False,False,1.9623916382863114,0.1627321839416326,1.7030065045336795
US30m,H1,4,30126,2953,0.9899444207258195,-0.07437080231472902,1.01080946979013,0.25529869106993236,False,False,0.4586451900658112,0.24168018305860803,1.7030065045336795
US30m,H1,8,30126,2953,0.9602791126218643,-0.2085116838333296,1.0323386507511763,0.48475622198274526,False,False,2.5621449113542796,1.0225240771547681,1.7030065045336795
US30m,H1,16,30126,2953,0.9660101272281378,-0.12782137656242606,1.069847960613694,0.7692344236840061,False,False,3.100625281288704,3.123347996735556,1.7030065045336795
US30m,H4,2,8889,2953,0.9409154393573976,-0.7627143812697293,1.02029818499367,0.5855293498253443,False,False,3.7271043531270793,0.6564652550507523,1.5850011491629807
US30m,H4,4,8889,2953,0.9881900022813956,-0.08527343452946082,1.0469973151499903,0.7032143261689039,False,False,1.0535674718253696,2.149525417776062,1.5850011491629807
US30m,H4,8,8889,2953,0.9593048258572388,-0.20846623453070534,0.9625439633868897,-0.34738627976360986,True,False,5.1341724148960175,2.4227374650574522,1.5850011491629807
US30m,H4,16,8889,2953,0.9676452217248728,-0.11865234988996928,0.9367035962337125,-0.40058403561859746,True,False,5.772726254654096,5.790000059162089,1.5850011491629807
USTECm,M5,2,50000,259,1.0089494919825226,0.7987508509664302,1.0052851218320862,0.4218699733129833,True,False,0.12161353759375715,0.07705669025740115,0.8093431422511481
USTECm,M5,4,50000,259,1.000918704633036,0.041928511068904405,1.0156663327664446,0.6885083552161121,True,False,0.017655273222099366,0.323026158787817,0.8093431422511481
USTECm,M5,8,50000,259,0.9908546146119512,-0.25313263762054095,1.024267781471545,0.6962005692311929,False,False,0.24855101761549797,0.7076449624053451,0.8093431422511481
USTECm,M5,16,50000,259,0.9922973154272317,-0.14422707384786568,1.033163414290894,0.6667328620074624,False,False,0.2960538039880804,1.3676015300302742,0.8093431422511481
USTECm,M15,2,50000,777,0.992358600851682,-0.22184755034188142,0.9903311492001239,-0.6391011970673641,True,False,0.20924328712551843,0.21097336808204983,0.8295658745825425
USTECm,M15,4,50000,777,0.9819078575590228,-0.3048571777250238,0.9833952430633298,-0.644946143527068,True,False,0.7006217970228023,0.5123895903393239,0.8295658745825425
USTECm,M15,8,50000,777,0.9929742475265708,-0.08483516098755528,0.980515989871861,-0.5319067681811944,True,False,0.38477025307444196,0.8502783475634841,0.8295658745825425
USTECm,M15,16,50000,777,1.014358198653186,0.13317398537672198,0.9747325902831496,-0.514871915376867,False,False,1.1120481695546705,1.5594034604819786,0.8295658745825425
USTECm,H1,2,30127,2953,0.9088922864542553,-1.920068964814499,1.0115933995563124,0.6691716489323102,False,False,2.88848100360611,0.2075347078193336,2.162924291486858
USTECm,H1,4,30127,2953,0.8817094916442862,-1.4242745988865169,1.023687039446935,0.6656631210881151,False,False,5.303703829008698,0.5996608767079293,2.162924291486858
USTECm,H1,8,30127,2953,0.8583171186165683,-1.203245518511579,1.045234595551366,0.8163292276038447,False,False,8.983834529152988,1.6194988407808255,2.162924291486858
USTECm,H1,16,30127,2953,0.8758550011901369,-0.7567083274206415,1.0642915044222703,0.8393317782101578,False,False,11.132394554602437,3.2552062906045274,2.162924291486858
USTECm,H4,2,8889,2953,0.9198961551127262,-1.631797186798995,1.0276909367496985,0.9855982061028989,False,False,4.78955457845531,0.9857476020403595,2.0810319461451487
USTECm,H4,4,8889,2953,0.8995594239512588,-1.1687535513081722,1.0473823498787316,0.8762233705763735,False,False,8.493094512416878,2.3853915406509247,2.0810319461451487
USTECm,H4,8,8889,2953,0.8688639573300034,-1.0740420932164527,0.9527998469155317,-0.5359934794555729,True,False,15.68172500220091,3.3604813112333,2.0810319461451487
USTECm,H4,16,8889,2953,0.8661525198726576,-0.783676653685885,0.9180781346424453,-0.6218649893679897,True,False,22.635857811462746,8.248460665981911,2.0810319461451487
US500m,M5,2,50000,259,1.0179666455142438,1.2203703741279825,0.9866619457874668,-1.0255091659753919,False,False,0.15135252750942962,0.10017764052392146,1.0195974489077062
US500m,M5,4,50000,259,0.9879699082493543,-0.37370553472152424,0.9800113834656361,-0.8693642160251961,True,False,0.1433199394878371,0.21231273973429682,1.0195974489077062
US500m,M5,8,50000,259,0.971280083743288,-0.5446184364083744,0.9697338590560858,-0.8727515205903141,True,False,0.4838779628469205,0.4546376164338495,1.0195974489077062
US500m,M5,16,50000,259,0.9521991044821032,-0.62977323410086,0.9621833423781313,-0.7625927347902061,True,False,1.1389474985046002,0.8033530658302087,1.0195974489077062
US500m,M15,2,50000,777,0.9691300838496393,-0.7446930316682803,0.9694036803324646,-1.5355144007387527,True,False,0.5566995426013072,0.396427650755874,1.010500638000309
US500m,M15,4,50000,777,0.9467408234288012,-0.7388280401252022,0.9454157259927701,-1.6839406427174317,True,False,1.358297370932527,1.0001779718345711,1.010500638000309
US500m,M15,8,50000,777,0.9516611807925607,-0.47345849297809295,0.9357042611399665,-1.460304031908033,True,False,1.7434578319937741,1.6661225262946397,1.010500638000309
US500m,M15,16,50000,777,0.9691951563551957,-0.22977019334113996,0.9170644028075966,-1.4645446192758487,True,False,1.571264928543877,3.039350028977208,1.010500638000309
US500m,H1,2,30126,2953,0.9261397663629464,-1.1541644041583754,1.0048015519893687,0.22416918910751948,False,False,1.5626180024800123,0.053216498829714076,2.6362643565934603
US500m,H1,4,30126,2953,0.953502452147819,-0.4094445178097483,1.01046142134045,0.2327916171092847,False,False,1.3911923926133114,0.1639722494715878,2.6362643565934603
US500m,H1,8,30126,2953,0.9269890095000877,-0.4504360357973958,1.0323844799303128,0.4594135885907504,False,False,3.089302118774377,0.7178464971859956,2.6362643565934603
US500m,H1,16,30126,2953,0.9657378384580951,-0.15094022373659471,1.0553381908338046,0.5740135240536397,False,False,2.0502267621990597,1.7347408803088518,2.6362643565934603
US500m,H4,2,8889,2953,0.9320224247233247,-1.0329640548937642,1.0244918330941533,0.7444661589916148,False,False,2.7134532923490946,0.5390756895236186,2.5400149503411185
US500m,H4,4,8889,2953,0.9570599230899389,-0.3676545402126411,1.0390211547365407,0.5941509056755552,False,False,2.4240104995557314,1.2146287900359716,2.5400149503411185
US500m,H4,8,8889,2953,0.9297480974470721,-0.42101942113008634,0.9279858778362802,-0.6571844887095313,True,False,5.60847472126409,3.170123070135801,2.5400149503411185
US500m,H4,16,8889,2953,0.9657556622001826,-0.14631016254420354,0.8975931407175056,-0.6237761375088642,True,False,3.86625457383106,6.375327456170886,2.5400149503411185
USOILm,M5,2,50000,260,1.0362288650434335,0.6089378913923696,0.9965342971073652,-0.24984366384468182,False,False,0.4837715322439057,0.04496297465003179,2.6153034631216863
USOILm,M5,4,50000,260,1.0131451109905887,0.1402034849406365,0.9923545875706512,-0.3220115224170144,False,False,0.24823604018437911,0.14027478855196765,2.6153034631216863
USOILm,M5,8,50000,260,0.9970426067193403,-0.024177987713361337,1.0050605415488758,0.1419573595320248,False,False,0.07898136897842936,0.13130785207300308,2.6153034631216863
USOILm,M5,16,50000,260,0.9163884753492643,-0.5678538428176927,0.9980149022565701,-0.03906758144820873,True,False,3.157887949053787,0.07284346496356066,2.6153034631216863
USOILm,M15,2,50000,779,1.000178852095308,0.012532800131388386,0.983082634830839,-0.7926405532253269,False,False,0.0022040360145902014,0.33981356171868626,2.5308532409846207
USOILm,M15,4,50000,779,1.0140850620992696,0.5273147034420086,0.9662682396953016,-0.9170864238941897,False,False,0.24546999752794274,0.9582128416739533,2.5308532409846207
USOILm,M15,8,50000,779,1.0159233037897013,0.4011201348139087,0.9322140703008994,-1.3040821604823942,False,False,0.39245316039831174,2.723187443805263,2.5308532409846207
USOILm,M15,16,50000,779,1.0138431525292337,0.25504495515925385,0.9005469673594046,-1.4207902057716981,False,False,0.4825081484455996,5.650293501366052,2.5308532409846207
USOILm,H1,2,30523,2747,1.0609651664370894,1.0262038464518461,0.9906158741374367,-0.6159587352605974,False,False,2.2401780969255958,0.20704284731375366,3.505201335503566
USOILm,H1,4,30523,2747,1.0038578504949418,0.034632935648799365,0.9809744470129086,-0.6255826778695386,False,False,0.2004754393521185,0.593633900315219,3.505201335503566
USOILm,H1,8,30523,2747,1.0525183405913843,0.3050748382902993,0.9825585306674813,-0.322069460603611,False,False,3.859595344535055,0.7696255410099074,3.505201335503566
USOILm,H1,16,30523,2747,1.0942993410432282,0.37169410269194747,0.9795047643153809,-0.2318191752899234,False,False,9.800639942394456,1.2789816627768988,3.505201335503566
USOILm,H4,2,8815,2747,1.0539206043713614,0.8922166244239136,1.0195597437668065,0.5072708325739301,True,False,3.587377610030751,0.7914383170502889,3.5789941827709297
USOILm,H4,4,8815,2747,0.9921369978705834,-0.06940719835120383,1.009727900739921,0.12765341255409954,False,False,0.7398194298532706,0.5566574678666604,3.5789941827709297
USOILm,H4,8,8815,2747,1.0511801704020465,0.29233076845724365,0.9484124233084983,-0.43406122380963513,False,False,6.810109030431273,4.174736168754107,3.5789941827709297
USOILm,H4,16,8815,2747,1.096680304542754,0.3745323682319018,0.8866278867377038,-0.6950304146062054,False,False,18.193042964409774,12.974933684571111,3.5789941827709297
UK100m,M5,2,50000,267,1.0328576652492856,3.4124852916672714,1.031357094658169,1.6024944902452667,True,False,0.1396658891934678,0.1700135479174742,1.5193160491871576
UK100m,M5,4,50000,267,1.041695248411136,2.3253908741187033,1.0340493357940397,1.0746968605690983,True,False,0.25064278837173526,0.26107864846562934,1.5193160491871576
UK100m,M5,8,50000,267,1.046534236085733,1.667285127094951,1.0498681931716496,1.138245882440433,True,False,0.3955999558425093,0.5407559942507241,1.5193160491871576
UK100m,M5,16,50000,267,1.054917663948895,1.3523897416553634,1.0509124961174996,0.8683504224907144,True,False,0.6602534795948939,0.7807591758483103,1.5193160491871576
UK100m,M15,2,50000,793,0.9922537562956306,-0.2767575623627872,1.0014015081414989,0.12347817606574782,False,False,0.015341044921723626,0.002418591321434575,6.7808542268352685
UK100m,M15,4,50000,793,0.9917165884243067,-0.16881593019552807,1.000046773023788,0.002339296448695877,False,False,0.023200002081181285,0.00011415036649251132,6.7808542268352685
UK100m,M15,8,50000,793,0.9884934843482542,-0.16222544741376904,1.0146891209649176,0.4640071081873627,False,False,0.04557614767693868,0.05069821492047486,6.7808542268352685
UK100m,M15,16,50000,793,0.9368508157529442,-0.6623003205938571,1.0208272229532083,0.4498171461173344,False,False,0.35373377081868984,0.10165838941273331,6.7808542268352685
UK100m,H1,2,29385,3135,0.852862902433423,-1.9028565831552238,1.0001542245723847,0.009871577411166338,False,False,1.1022561652017762,0.0005295911997615424,7.0404037530792225
UK100m,H1,4,29385,3135,0.87666576234009,-0.8324937203851936,0.9773661128836416,-0.7194662542481353,True,False,1.306649189259876,0.10991610453602309,7.0404037530792225
UK100m,H1,8,29385,3135,0.8888710585084656,-0.48462309814141924,0.9575755157064143,-0.8440469790113416,True,False,1.6650126027661445,0.2913625654965629,7.0404037530792225
UK100m,H1,16,29385,3135,0.9098540915554755,-0.2826725516683834,0.9567804228937766,-0.565896532123752,True,False,1.910079154320998,0.4197712510262515,7.0404037530792225
UK100m,H4,2,8619,3135,0.8465622208888424,-1.9522396100535189,0.9738688160368523,-0.9457733795534374,True,False,2.1652094493592524,0.17582191910469033,6.851267347557773
UK100m,H4,4,8619,3135,0.8680345997634135,-0.8763238948890946,0.9580365330141537,-0.7071446543070395,True,False,2.633556784751451,0.3993008995567993,6.851267347557773
UK100m,H4,8,8619,3135,0.8838329354994967,-0.49830793639854637,0.8985109547243285,-1.0671999797170633,True,False,3.2785410114493136,1.3657244718522048,6.851267347557773
UK100m,H4,16,8619,3135,0.9022248440094186,-0.30149781094064615,0.8850869698835355,-0.8413075330057187,True,False,3.90248390831975,2.1868963454224684,6.851267347557773
FR40m,M5,2,50000,267,1.0412794569874466,3.3202179561951186,1.0194216524582544,0.5855566280885668,True,False,0.16911321446395516,0.09893969927603927,2.015687275771594
FR40m,M5,4,50000,267,1.0473505017675346,2.180026209182257,0.9964063131797068,-0.06361310004644691,False,False,0.2743362212091239,0.0258904519926246,2.015687275771594
FR40m,M5,8,50000,267,1.0361360442662646,1.134437443532504,0.9991472594635605,-0.011572801732329838,False,False,0.296083478314078,0.008688230048102935,2.015687275771594
FR40m,M5,16,50000,267,1.0200003906142898,0.45038143250456253,0.9978633977987363,-0.024021147330732757,False,False,0.23175389400383017,0.030785986361850166,2.015687275771594
FR40m,M15,2,50000,792,1.0048015761565934,0.14888337385390457,0.9935063152238799,-0.3492223799797463,False,False,0.020529394517895514,0.023793248408079688,4.136995680170114
FR40m,M15,4,50000,792,0.9994017790769871,-0.011063075186518787,0.9802853411044483,-0.655006184749686,True,False,0.0036171699617697077,0.10215668724484389,4.136995680170114
FR40m,M15,8,50000,792,1.010589246799722,0.1409121014547457,0.9901638173711795,-0.23786867115274374,False,False,0.0905497770353345,0.07208071988200088,4.136995680170114
FR40m,M15,16,50000,792,0.9926234827118464,-0.07617324645485876,0.994411054163491,-0.10231328912867248,True,False,0.08920489314483575,0.05792118391431589,4.136995680170114
FR40m,H1,2,29728,3117,0.8937070874494666,-1.3618891767882324,1.0007408838613578,0.05076055372353388,False,False,1.4833424456922377,0.005295515774264981,4.37106808433668
FR40m,H1,4,29728,3117,0.9683257690735504,-0.20975819373007681,0.9984144485461289,-0.053169830735624306,True,False,0.6251125144105042,0.01602704548299282,4.37106808433668
FR40m,H1,8,29728,3117,1.0064755194600137,0.02819948770767182,0.9782899279855982,-0.4656067975262429,False,False,0.18073477605344188,0.31034831451717976,4.37106808433668
FR40m,H1,16,29728,3117,1.0274878750100294,0.08901162267082045,0.9365259500436933,-0.9015289165213677,False,False,1.0849838597957822,1.2832147240075726,4.37106808433668
FR40m,H4,2,8731,3117,0.8845096363818207,-1.4575096935383336,0.9881727470700039,-0.5173725771773191,True,False,3.014914439099745,0.1632145513774552,4.284425017513451
FR40m,H4,4,8731,3117,0.958953987833152,-0.2676946721214091,0.9369531951985678,-1.1861545990214266,True,False,1.5153578754295842,1.2304191180951236,4.284425017513451
FR40m,H4,8,8731,3117,1.0063485381185615,0.02721348529822048,0.8516119403431756,-1.6146166895673653,False,False,0.33146140753536163,4.095471827652486,4.284425017513451
FR40m,H4,16,8731,3117,1.0205533204886528,0.06545569035484257,0.8101622907082965,-1.4009865740154266,False,False,1.5175962011658652,7.409731471200271,4.284425017513451
EURUSDm,M5,2,50000,245,0.9653671721753211,-3.031265610804414,1.0066927265056724,0.5459960499263575,False,False,0.17956719488163597,0.028038432662365435,0.6873785498872361
EURUSDm,M5,4,50000,245,0.9250148502426704,-3.4513807559399847,0.9939606422091317,-0.2783412552472646,True,False,0.5498311055686345,0.03578132445870308,0.6873785498872361
EURUSDm,M5,8,50000,245,0.9010006835038684,-2.9109550200425742,0.9827942120567882,-0.5340522686270265,True,False,1.0265999443303868,0.14416346648553616,0.6873785498872361
EURUSDm,M5,16,50000,245,0.8699451150198332,-2.6730660578342844,0.976749268384943,-0.5131797666148213,True,False,1.907263542839213,0.2755067676495352,0.6873785498872361
EURUSDm,M15,2,50000,734,0.9830513454208325,-1.1190512422769965,0.9884112558869144,-1.0656627332720012,True,False,0.1633064843641222,0.08184794187896119,0.7968015068719134
EURUSDm,M15,4,50000,734,0.9628687622780272,-1.4228077436355449,0.9733859968908734,-1.309968375138561,True,False,0.5059675037568894,0.2658254702981711,0.7968015068719134
EURUSDm,M15,8,50000,734,0.9375066227179543,-1.67698311253496,0.9679665975277664,-1.041156924801155,True,False,1.204293083241641,0.4524852802250109,0.7968015068719134
EURUSDm,M15,16,50000,734,0.9065418836913292,-1.8655435393866195,0.9552259020706476,-1.0468359939851402,True,False,2.5470074640973674,0.8944235551821156,0.7968015068719134
EURUSDm,H1,2,32341,2949,0.9996237094300345,-0.02168171957956473,0.9805274600283619,-1.5733992264526655,True,False,0.010198188703627455,0.33465247178578034,0.7249984911463487
EURUSDm,H1,4,32341,2949,1.028616996580426,0.875869648910162,0.9631646081720044,-1.6223143193931517,False,False,1.0968285801236553,0.8952652444749107,0.7249984911463487
EURUSDm,H1,8,32341,2949,0.9925748497566191,-0.14507448902189482,0.9616895351510032,-1.1051963779107459,True,False,0.4024713313529649,1.3167970666027602,0.7249984911463487
EURUSDm,H1,16,32341,2949,0.8803494579771955,-1.5713086528974072,0.9594566147726625,-0.82217170092289,True,False,9.171901303413794,1.9707722321447567,0.7249984911463487
EURUSDm,H4,2,9066,2949,1.0096533350176868,0.46664230277243196,1.0155714736597121,0.8731210667835567,True,False,0.47964312496429296,0.5155590296472101,0.7227786358852951
EURUSDm,H4,4,9066,2949,1.0238197232169652,0.6249606209195774,1.023189104286911,0.7085220050402967,True,False,1.6737575682872319,1.0857945406247314,0.7227786358852951
EURUSDm,H4,8,9066,2949,0.9843142501556241,-0.2635636973357282,1.0255479846963884,0.49039415536853576,False,False,1.5587487762477836,1.6917466499770317,0.7227786358852951
EURUSDm,H4,16,9066,2949,0.8838387921341819,-1.2952526173423775,1.0095051036317213,0.1215924636803832,False,False,16.324765744408193,0.8901240430593697,0.7227786358852951
ETHUSDm,M5,2,50000,173,0.9948841409815707,-0.4594358732631774,0.9757674348878905,-1.71538098091791,True,False,0.020119841823975,0.08073949121373401,6.970367578230683
ETHUSDm,M5,4,50000,173,0.9870289269950665,-0.6453836208776995,0.9710769919694268,-1.1702770624031105,True,False,0.07214344813569921,0.1362840640666674,6.970367578230683
ETHUSDm,M5,8,50000,173,0.971636414419538,-0.9440682400154515,0.9742479662100108,-0.7170004765748782,True,False,0.22309874192541357,0.17160429333860322,6.970367578230683
ETHUSDm,M5,16,50000,173,0.9643419610815454,-0.8493373803181097,0.9629748665315856,-0.7578017985087353,True,False,0.39665089855802044,0.34892191409361467,6.970367578230683
ETHUSDm,M15,2,50000,520,1.0051036560135145,0.3389728405625253,0.9899404588670305,-0.8137291956455172,False,False,0.05266753045694093,0.09251689789562281,5.179842906242325
ETHUSDm,M15,4,50000,520,0.9878929414281886,-0.4556848928053699,0.9927033217302788,-0.3217060907564141,True,False,0.17669131426356194,0.09490368740125298,5.179842906242325
ETHUSDm,M15,8,50000,520,1.0015891737616633,0.04130419946599357,0.9851259780697398,-0.4402126799806193,False,False,0.0327991766185431,0.27359068371599343,5.179842906242325
ETHUSDm,M15,16,50000,520,1.02231526899923,0.4301885102707617,0.9791692566053624,-0.44466839108124706,False,False,0.6513413946471015,0.5418669390053645,5.179842906242325
ETHUSDm,H1,2,20000,833,0.9997460604650572,-0.01372936571830598,1.016039001175258,1.057278067525356,False,False,0.004230253756311273,0.23921893940094596,6.335511151858155
ETHUSDm,H1,4,20000,833,1.0121618893708697,0.3756746646834495,1.0231788481884072,0.8431197665396382,True,False,0.2865181552570281,0.48890568833290077,6.335511151858155
ETHUSDm,H1,8,20000,833,1.0434239961307148,0.9069307910643185,1.0379989138708672,0.9184391164041492,True,False,1.4467579676979776,1.1334945081990748,6.335511151858155
ETHUSDm,H1,16,20000,833,1.0850710342352075,1.245169608616631,1.0260182263794637,0.44970968935598993,True,False,4.008323879883492,1.0975919747051988,6.335511151858155
ETHUSDm,H4,2,11973,2779,0.9045554799798351,-2.741952103990903,1.0170676619818058,0.8669010564428162,False,False,4.600019256529298,0.4473247768549931,7.525081641395469
ETHUSDm,H4,4,11973,2779,0.9088473591350692,-1.5157368802098194,1.0376405999230491,1.0524998481894454,False,False,6.2128791325481085,1.3951485601632252,7.525081641395469
ETHUSDm,H4,8,11973,2779,0.9516118377982291,-0.5182744511132025,1.0093953034701997,0.17230712655741037,False,False,4.664206554115052,0.49248128217821213,7.525081641395469
ETHUSDm,H4,16,11973,2779,0.9687336115381722,-0.23241797797354566,1.0335192760632501,0.4397844922540473,False,False,4.262175853192831,2.484783443035455,7.525081641395469
