symbol,ny_weekday,ny_hour,median_spread_points,p90_spread_points,n_bars
AUDCADm,0,0,25.0,25.0,259
AUDCADm,0,1,25.0,25.0,259
AUDCADm,0,2,25.0,25.0,259
AUDCADm,0,3,25.0,25.0,259
AUDCADm,0,4,25.0,25.0,259
AUDCADm,0,5,25.0,25.0,259
AUDCADm,0,6,25.0,25.0,259
AUDCADm,0,7,25.0,25.0,259
AUDCADm,0,8,25.0,25.0,259
AUDCADm,0,9,25.0,25.0,259
AUDCADm,0,10,25.0,25.0,259
AUDCADm,0,11,25.0,25.0,259
AUDCADm,0,12,25.0,25.0,259
AUDCADm,0,13,25.0,25.0,259
AUDCADm,0,14,25.0,25.0,259
AUDCADm,0,15,25.0,25.0,259
AUDCADm,0,16,25.0,25.0,259
AUDCADm,0,17,34.0,60.0,261
AUDCADm,0,18,25.0,60.0,261
AUDCADm,0,19,25.0,25.0,261
AUDCADm,0,20,25.0,25.0,261
AUDCADm,0,21,25.0,25.0,261
AUDCADm,0,22,25.0,25.0,260
AUDCADm,0,23,25.0,25.0,261
AUDCADm,1,0,25.0,25.0,261
AUDCADm,1,1,25.0,25.0,261
AUDCADm,1,2,25.0,25.0,261
AUDCADm,1,3,25.0,25.0,261
AUDCADm,1,4,25.0,25.0,261
AUDCADm,1,5,25.0,25.0,261
AUDCADm,1,6,25.0,25.0,261
AUDCADm,1,7,25.0,25.0,261
AUDCADm,1,8,25.0,25.0,261
AUDCADm,1,9,25.0,25.0,261
AUDCADm,1,10,25.0,25.0,261
AUDCADm,1,11,25.0,25.0,261
AUDCADm,1,12,25.0,25.0,261
AUDCADm,1,13,25.0,25.0,260
AUDCADm,1,14,25.0,25.0,261
AUDCADm,1,15,25.0,25.0,261
AUDCADm,1,16,24.0,25.0,261
AUDCADm,1,17,32.0,60.0,259
AUDCADm,1,18,25.0,60.0,259
AUDCADm,1,19,25.0,25.0,258
AUDCADm,1,20,25.0,25.0,259
AUDCADm,1,21,25.0,25.0,259
AUDCADm,1,22,25.0,25.0,258
AUDCADm,1,23,25.0,25.0,259
AUDCADm,2,0,25.0,25.0,259
AUDCADm,2,1,25.0,25.0,259
AUDCADm,2,2,25.0,25.0,259
AUDCADm,2,3,25.0,25.0,259
AUDCADm,2,4,25.0,25.0,259
AUDCADm,2,5,25.0,25.0,259
AUDCADm,2,6,25.0,25.0,259
AUDCADm,2,7,25.0,25.0,259
AUDCADm,2,8,25.0,25.0,259
AUDCADm,2,9,25.0,25.0,259
AUDCADm,2,10,25.0,25.0,259
AUDCADm,2,11,25.0,25.0,259
AUDCADm,2,12,25.0,25.0,259
AUDCADm,2,13,25.0,25.0,259
AUDCADm,2,14,25.0,25.0,259
AUDCADm,2,15,25.0,25.0,259
AUDCADm,2,16,25.0,25.0,259
AUDCADm,2,17,34.0,60.0,259
AUDCADm,2,18,25.0,60.0,259
AUDCADm,2,19,25.0,25.0,259
AUDCADm,2,20,25.0,25.0,259
AUDCADm,2,21,25.0,25.0,259
AUDCADm,2,22,25.0,25.0,258
AUDCADm,2,23,25.0,25.0,259
AUDCADm,3,0,25.0,25.0,259
AUDCADm,3,1,25.0,25.0,259
AUDCADm,3,2,25.0,25.0,259
AUDCADm,3,3,25.0,25.0,259
AUDCADm,3,4,25.0,25.0,259
AUDCADm,3,5,25.0,25.0,259
AUDCADm,3,6,25.0,25.0,259
AUDCADm,3,7,25.0,25.0,259
AUDCADm,3,8,25.0,25.0,259
AUDCADm,3,9,25.0,25.0,259
AUDCADm,3,10,25.0,25.0,259
AUDCADm,3,11,25.0,25.0,259
AUDCADm,3,12,25.0,25.0,259
AUDCADm,3,13,25.0,25.0,259
AUDCADm,3,14,25.0,25.0,259
AUDCADm,3,15,25.0,25.0,259
AUDCADm,3,16,25.0,25.0,259
AUDCADm,3,17,34.0,60.0,261
AUDCADm,3,18,25.0,60.0,261
AUDCADm,3,19,25.0,25.0,261
AUDCADm,3,20,25.0,25.0,261
AUDCADm,3,21,25.0,25.0,261
AUDCADm,3,22,25.0,25.0,260
AUDCADm,3,23,25.0,25.0,261
AUDCADm,4,0,25.0,25.0,261
AUDCADm,4,1,25.0,25.0,261
AUDCADm,4,2,25.0,25.0,261
AUDCADm,4,3,25.0,25.0,261
AUDCADm,4,4,25.0,25.0,261
AUDCADm,4,5,25.0,25.0,261
AUDCADm,4,6,25.0,25.0,261
AUDCADm,4,7,25.0,25.0,261
AUDCADm,4,8,25.0,25.0,261
AUDCADm,4,9,25.0,25.0,261
AUDCADm,4,10,25.0,25.0,261
AUDCADm,4,11,25.0,25.0,261
AUDCADm,4,12,25.0,25.0,261
AUDCADm,4,13,25.0,25.0,261
AUDCADm,4,14,25.0,25.0,261
AUDCADm,4,15,25.0,25.0,259
AUDCADm,4,16,25.0,25.0,259
AUDCADm,6,17,60.0,83.20000000000002,259
AUDCADm,6,18,25.0,73.0,259
AUDCADm,6,19,25.0,25.0,259
AUDCADm,6,20,25.0,25.0,259
AUDCADm,6,21,25.0,25.0,259
AUDCADm,6,22,25.0,25.0,259
AUDCADm,6,23,25.0,25.0,259
AUDCHFm,0,0,9.0,15.0,259
AUDCHFm,0,1,9.0,9.0,259
AUDCHFm,0,2,9.0,9.0,259
AUDCHFm,0,3,9.0,9.0,259
AUDCHFm,0,4,9.0,9.0,259
AUDCHFm,0,5,9.0,9.0,259
AUDCHFm,0,6,9.0,9.0,259
AUDCHFm,0,7,9.0,9.0,259
AUDCHFm,0,8,9.0,9.0,259
AUDCHFm,0,9,9.0,9.0,259
AUDCHFm,0,10,9.0,9.0,259
AUDCHFm,0,11,9.0,9.0,259
AUDCHFm,0,12,9.0,9.0,259
AUDCHFm,0,13,9.0,9.0,259
AUDCHFm,0,14,9.0,9.0,259
AUDCHFm,0,15,9.0,9.0,259
AUDCHFm,0,16,9.0,9.0,259
AUDCHFm,0,17,20.0,74.0,261
AUDCHFm,0,18,37.0,47.0,261
AUDCHFm,0,19,9.0,15.0,261
AUDCHFm,0,20,9.0,15.0,261
AUDCHFm,0,21,9.0,15.0,261
AUDCHFm,0,22,9.0,15.0,260
AUDCHFm,0,23,9.0,15.0,261
AUDCHFm,1,0,9.0,15.0,261
AUDCHFm,1,1,9.0,9.0,261
AUDCHFm,1,2,9.0,9.0,261
AUDCHFm,1,3,9.0,9.0,261
AUDCHFm,1,4,9.0,9.0,261
AUDCHFm,1,5,9.0,9.0,261
AUDCHFm,1,6,9.0,9.0,261
AUDCHFm,1,7,9.0,9.0,261
AUDCHFm,1,8,9.0,9.0,261
AUDCHFm,1,9,9.0,9.0,261
AUDCHFm,1,10,9.0,9.0,261
AUDCHFm,1,11,9.0,9.0,261
AUDCHFm,1,12,9.0,9.0,261
AUDCHFm,1,13,9.0,9.0,260
AUDCHFm,1,14,9.0,9.0,261
AUDCHFm,1,15,9.0,9.0,261
AUDCHFm,1,16,9.0,9.0,261
AUDCHFm,1,17,18.0,66.20000000000002,259
AUDCHFm,1,18,37.0,38.600000000000136,259
AUDCHFm,1,19,9.0,15.0,258
AUDCHFm,1,20,9.0,15.0,259
AUDCHFm,1,21,9.0,15.0,259
AUDCHFm,1,22,9.0,15.0,258
AUDCHFm,1,23,9.0,15.0,259
AUDCHFm,2,0,9.0,15.0,259
AUDCHFm,2,1,9.0,9.0,259
AUDCHFm,2,2,9.0,9.0,259
AUDCHFm,2,3,9.0,9.0,259
AUDCHFm,2,4,9.0,9.0,259
AUDCHFm,2,5,9.0,9.0,259
AUDCHFm,2,6,9.0,9.0,259
AUDCHFm,2,7,9.0,9.0,259
AUDCHFm,2,8,9.0,9.0,259
AUDCHFm,2,9,9.0,9.0,259
AUDCHFm,2,10,9.0,9.0,259
AUDCHFm,2,11,9.0,9.0,259
AUDCHFm,2,12,9.0,9.0,259
AUDCHFm,2,13,9.0,9.0,259
AUDCHFm,2,14,9.0,9.0,259
AUDCHFm,2,15,9.0,9.0,259
AUDCHFm,2,16,9.0,9.0,259
AUDCHFm,2,17,20.0,63.0,259
AUDCHFm,2,18,37.0,47.0,259
AUDCHFm,2,19,9.0,15.0,259
AUDCHFm,2,20,9.0,15.0,259
AUDCHFm,2,21,9.0,15.0,259
AUDCHFm,2,22,9.0,15.0,258
AUDCHFm,2,23,9.0,15.0,259
AUDCHFm,3,0,9.0,15.0,259
AUDCHFm,3,1,9.0,9.0,259
AUDCHFm,3,2,9.0,9.0,259
AUDCHFm,3,3,9.0,9.0,259
AUDCHFm,3,4,9.0,9.0,259
AUDCHFm,3,5,9.0,9.0,259
AUDCHFm,3,6,9.0,9.0,259
AUDCHFm,3,7,9.0,9.0,259
AUDCHFm,3,8,9.0,9.0,259
AUDCHFm,3,9,9.0,9.0,259
AUDCHFm,3,10,9.0,9.0,259
AUDCHFm,3,11,9.0,9.0,259
AUDCHFm,3,12,9.0,9.0,259
AUDCHFm,3,13,9.0,9.0,259
AUDCHFm,3,14,9.0,9.0,259
AUDCHFm,3,15,9.0,9.0,259
AUDCHFm,3,16,9.0,9.0,259
AUDCHFm,3,17,20.0,65.0,261
AUDCHFm,3,18,37.0,47.0,261
AUDCHFm,3,19,9.0,15.0,261
AUDCHFm,3,20,9.0,15.0,261
AUDCHFm,3,21,9.0,15.0,261
AUDCHFm,3,22,9.0,15.0,260
AUDCHFm,3,23,9.0,15.0,261
AUDCHFm,4,0,9.0,15.0,261
AUDCHFm,4,1,9.0,9.0,261
AUDCHFm,4,2,9.0,9.0,261
AUDCHFm,4,3,9.0,9.0,261
AUDCHFm,4,4,9.0,9.0,261
AUDCHFm,4,5,9.0,9.0,261
AUDCHFm,4,6,9.0,9.0,261
AUDCHFm,4,7,9.0,9.0,261
AUDCHFm,4,8,9.0,9.0,261
AUDCHFm,4,9,9.0,9.0,261
AUDCHFm,4,10,9.0,9.0,261
AUDCHFm,4,11,9.0,9.0,261
AUDCHFm,4,12,9.0,9.0,261
AUDCHFm,4,13,9.0,9.0,261
AUDCHFm,4,14,9.0,9.0,261
AUDCHFm,4,15,9.0,9.0,259
AUDCHFm,4,16,9.0,9.0,259
AUDCHFm,6,17,79.0,105.20000000000002,259
AUDCHFm,6,18,37.0,61.0,259
AUDCHFm,6,19,15.0,15.0,259
AUDCHFm,6,20,9.0,15.0,259
AUDCHFm,6,21,9.0,15.0,259
AUDCHFm,6,22,9.0,15.0,259
AUDCHFm,6,23,9.0,15.0,259
AUDJPYm,0,0,21.0,21.0,259
AUDJPYm,0,1,21.0,21.0,259
AUDJPYm,0,2,21.0,21.0,259
AUDJPYm,0,3,21.0,21.0,259
AUDJPYm,0,4,21.0,21.0,259
AUDJPYm,0,5,21.0,21.0,259
AUDJPYm,0,6,21.0,21.0,259
AUDJPYm,0,7,21.0,21.0,259
AUDJPYm,0,8,21.0,21.0,259
AUDJPYm,0,9,21.0,21.0,259
AUDJPYm,0,10,21.0,21.0,259
AUDJPYm,0,11,21.0,21.0,259
AUDJPYm,0,12,21.0,21.0,259
AUDJPYm,0,13,21.0,21.0,259
AUDJPYm,0,14,21.0,21.0,259
AUDJPYm,0,15,20.0,21.0,259
AUDJPYm,0,16,27.0,32.0,259
AUDJPYm,0,17,38.0,48.0,261
AUDJPYm,0,18,47.0,72.0,261
AUDJPYm,0,19,21.0,21.0,261
AUDJPYm,0,20,21.0,21.0,261
AUDJPYm,0,21,21.0,21.0,261
AUDJPYm,0,22,21.0,21.0,260
AUDJPYm,0,23,21.0,21.0,261
AUDJPYm,1,0,21.0,21.0,261
AUDJPYm,1,1,21.0,21.0,261
AUDJPYm,1,2,21.0,21.0,261
AUDJPYm,1,3,21.0,21.0,261
AUDJPYm,1,4,21.0,21.0,261
AUDJPYm,1,5,21.0,21.0,261
AUDJPYm,1,6,21.0,21.0,261
AUDJPYm,1,7,21.0,21.0,261
AUDJPYm,1,8,21.0,21.0,261
AUDJPYm,1,9,21.0,21.0,261
AUDJPYm,1,10,21.0,21.0,261
AUDJPYm,1,11,21.0,21.0,261
AUDJPYm,1,12,21.0,21.0,261
AUDJPYm,1,13,21.0,21.0,261
AUDJPYm,1,14,21.0,21.0,261
AUDJPYm,1,15,20.0,21.0,261
AUDJPYm,1,16,27.0,32.0,261
AUDJPYm,1,17,37.0,47.0,259
AUDJPYm,1,18,47.0,72.0,259
AUDJPYm,1,19,21.0,21.0,258
AUDJPYm,1,20,21.0,21.0,259
AUDJPYm,1,21,21.0,21.0,259
AUDJPYm,1,22,21.0,21.0,258
AUDJPYm,1,23,21.0,21.0,259
AUDJPYm,2,0,21.0,21.0,259
AUDJPYm,2,1,21.0,21.0,259
AUDJPYm,2,2,21.0,21.0,259
AUDJPYm,2,3,21.0,21.0,259
AUDJPYm,2,4,21.0,21.0,259
AUDJPYm,2,5,21.0,21.0,259
AUDJPYm,2,6,21.0,21.0,259
AUDJPYm,2,7,21.0,21.0,259
AUDJPYm,2,8,21.0,21.0,259
AUDJPYm,2,9,21.0,21.0,259
AUDJPYm,2,10,21.0,21.0,259
AUDJPYm,2,11,21.0,21.0,259
AUDJPYm,2,12,21.0,21.0,259
AUDJPYm,2,13,21.0,21.0,259
AUDJPYm,2,14,21.0,21.0,259
AUDJPYm,2,15,20.0,21.0,259
AUDJPYm,2,16,27.0,32.0,259
AUDJPYm,2,17,41.0,50.20000000000002,259
AUDJPYm,2,18,47.0,71.20000000000002,259
AUDJPYm,2,19,21.0,21.0,259
AUDJPYm,2,20,21.0,21.0,259
AUDJPYm,2,21,21.0,21.0,259
AUDJPYm,2,22,21.0,21.0,258
AUDJPYm,2,23,21.0,21.0,259
AUDJPYm,3,0,21.0,21.0,259
AUDJPYm,3,1,21.0,21.0,259
AUDJPYm,3,2,21.0,21.0,259
AUDJPYm,3,3,21.0,21.0,259
AUDJPYm,3,4,21.0,21.0,259
AUDJPYm,3,5,21.0,21.0,259
AUDJPYm,3,6,21.0,21.0,259
AUDJPYm,3,7,21.0,21.0,259
AUDJPYm,3,8,21.0,21.0,259
AUDJPYm,3,9,21.0,21.0,259
AUDJPYm,3,10,21.0,21.0,259
AUDJPYm,3,11,21.0,21.0,259
AUDJPYm,3,12,21.0,21.0,259
AUDJPYm,3,13,21.0,21.0,259
AUDJPYm,3,14,21.0,21.0,259
AUDJPYm,3,15,20.0,21.0,259
AUDJPYm,3,16,27.0,32.0,259
AUDJPYm,3,17,38.0,48.0,261
AUDJPYm,3,18,47.0,71.0,261
AUDJPYm,3,19,21.0,21.0,261
AUDJPYm,3,20,21.0,21.0,261
AUDJPYm,3,21,21.0,21.0,261
AUDJPYm,3,22,21.0,21.0,260
AUDJPYm,3,23,21.0,21.0,261
AUDJPYm,4,0,21.0,21.0,261
AUDJPYm,4,1,21.0,21.0,261
AUDJPYm,4,2,21.0,21.0,261
AUDJPYm,4,3,21.0,21.0,261
AUDJPYm,4,4,21.0,21.0,261
AUDJPYm,4,5,21.0,21.0,261
AUDJPYm,4,6,21.0,21.0,261
AUDJPYm,4,7,21.0,21.0,261
AUDJPYm,4,8,21.0,21.0,261
AUDJPYm,4,9,21.0,21.0,261
AUDJPYm,4,10,21.0,21.0,261
AUDJPYm,4,11,21.0,21.0,261
AUDJPYm,4,12,21.0,21.0,261
AUDJPYm,4,13,21.0,21.0,261
AUDJPYm,4,14,21.0,21.0,261
AUDJPYm,4,15,20.0,21.0,259
AUDJPYm,4,16,27.0,32.0,259
AUDJPYm,6,17,59.0,103.20000000000002,259
AUDJPYm,6,18,51.0,79.0,259
AUDJPYm,6,19,21.0,21.0,259
AUDJPYm,6,20,21.0,21.0,259
AUDJPYm,6,21,21.0,21.0,259
AUDJPYm,6,22,21.0,21.0,259
AUDJPYm,6,23,21.0,21.0,259
AUDNZDm,0,0,23.0,23.0,259
AUDNZDm,0,1,23.0,23.0,259
AUDNZDm,0,2,23.0,23.0,259
AUDNZDm,0,3,23.0,23.0,259
AUDNZDm,0,4,23.0,23.0,259
AUDNZDm,0,5,23.0,23.0,259
AUDNZDm,0,6,23.0,23.0,259
AUDNZDm,0,7,23.0,23.0,259
AUDNZDm,0,8,23.0,23.0,259
AUDNZDm,0,9,23.0,23.0,259
AUDNZDm,0,10,23.0,23.0,259
AUDNZDm,0,11,23.0,23.0,259
AUDNZDm,0,12,23.0,23.0,259
AUDNZDm,0,13,23.0,23.0,259
AUDNZDm,0,14,23.0,23.0,259
AUDNZDm,0,15,23.0,23.0,259
AUDNZDm,0,16,20.0,23.0,259
AUDNZDm,0,17,34.0,97.0,261
AUDNZDm,0,18,56.0,74.0,261
AUDNZDm,0,19,23.0,23.0,261
AUDNZDm,0,20,23.0,23.0,261
AUDNZDm,0,21,23.0,23.0,261
AUDNZDm,0,22,23.0,23.0,260
AUDNZDm,0,23,23.0,23.0,261
AUDNZDm,1,0,23.0,23.0,261
AUDNZDm,1,1,23.0,23.0,261
AUDNZDm,1,2,23.0,23.0,261
AUDNZDm,1,3,23.0,23.0,261
AUDNZDm,1,4,23.0,23.0,261
AUDNZDm,1,5,23.0,23.0,261
AUDNZDm,1,6,23.0,23.0,261
AUDNZDm,1,7,23.0,23.0,261
AUDNZDm,1,8,23.0,23.0,261
AUDNZDm,1,9,23.0,23.0,261
AUDNZDm,1,10,23.0,23.0,261
AUDNZDm,1,11,23.0,23.0,261
AUDNZDm,1,12,23.0,23.0,261
AUDNZDm,1,13,23.0,23.0,261
AUDNZDm,1,14,23.0,23.0,261
AUDNZDm,1,15,23.0,23.0,261
AUDNZDm,1,16,22.0,23.0,261
AUDNZDm,1,17,32.0,95.0,259
AUDNZDm,1,18,56.0,70.20000000000002,259
AUDNZDm,1,19,23.0,23.0,258
AUDNZDm,1,20,23.0,23.0,259
AUDNZDm,1,21,23.0,23.0,259
AUDNZDm,1,22,23.0,23.0,258
AUDNZDm,1,23,23.0,23.0,259
AUDNZDm,2,0,23.0,23.0,259
AUDNZDm,2,1,23.0,23.0,259
AUDNZDm,2,2,23.0,23.0,259
AUDNZDm,2,3,23.0,23.0,259
AUDNZDm,2,4,23.0,23.0,259
AUDNZDm,2,5,23.0,23.0,259
AUDNZDm,2,6,23.0,23.0,259
AUDNZDm,2,7,23.0,23.0,259
AUDNZDm,2,8,23.0,23.0,259
AUDNZDm,2,9,23.0,23.0,259
AUDNZDm,2,10,23.0,23.0,259
AUDNZDm,2,11,23.0,23.0,259
AUDNZDm,2,12,23.0,23.0,259
AUDNZDm,2,13,23.0,23.0,259
AUDNZDm,2,14,23.0,23.0,259
AUDNZDm,2,15,23.0,23.0,259
AUDNZDm,2,16,23.0,23.0,259
AUDNZDm,2,17,34.0,94.0,259
AUDNZDm,2,18,56.0,72.40000000000003,259
AUDNZDm,2,19,23.0,23.0,259
AUDNZDm,2,20,23.0,23.0,259
AUDNZDm,2,21,23.0,23.0,259
AUDNZDm,2,22,23.0,23.0,258
AUDNZDm,2,23,23.0,23.0,259
AUDNZDm,3,0,23.0,23.0,259
AUDNZDm,3,1,23.0,23.0,259
AUDNZDm,3,2,23.0,23.0,259
AUDNZDm,3,3,23.0,23.0,259
AUDNZDm,3,4,23.0,23.0,259
AUDNZDm,3,5,23.0,23.0,259
AUDNZDm,3,6,23.0,23.0,259
AUDNZDm,3,7,23.0,23.0,259
AUDNZDm,3,8,23.0,23.0,259
AUDNZDm,3,9,23.0,23.0,259
AUDNZDm,3,10,23.0,23.0,259
AUDNZDm,3,11,23.0,23.0,259
AUDNZDm,3,12,23.0,23.0,259
AUDNZDm,3,13,23.0,23.0,259
AUDNZDm,3,14,23.0,23.0,259
AUDNZDm,3,15,23.0,23.0,259
AUDNZDm,3,16,22.0,23.0,259
AUDNZDm,3,17,34.0,92.0,261
AUDNZDm,3,18,56.0,74.0,261
AUDNZDm,3,19,23.0,23.0,261
AUDNZDm,3,20,23.0,23.0,261
AUDNZDm,3,21,23.0,23.0,261
AUDNZDm,3,22,23.0,23.0,260
AUDNZDm,3,23,23.0,23.0,261
AUDNZDm,4,0,23.0,23.0,261
AUDNZDm,4,1,23.0,23.0,261
AUDNZDm,4,2,23.0,23.0,261
AUDNZDm,4,3,23.0,23.0,261
AUDNZDm,4,4,23.0,23.0,261
AUDNZDm,4,5,23.0,23.0,261
AUDNZDm,4,6,23.0,23.0,261
AUDNZDm,4,7,23.0,23.0,261
AUDNZDm,4,8,23.0,23.0,261
AUDNZDm,4,9,23.0,23.0,261
AUDNZDm,4,10,23.0,23.0,261
AUDNZDm,4,11,23.0,23.0,261
AUDNZDm,4,12,23.0,23.0,261
AUDNZDm,4,13,23.0,23.0,261
AUDNZDm,4,14,23.0,23.0,261
AUDNZDm,4,15,23.0,23.0,259
AUDNZDm,4,16,23.0,23.0,259
AUDNZDm,6,17,100.0,165.20000000000002,259
AUDNZDm,6,18,72.0,135.20000000000002,259
AUDNZDm,6,19,23.0,23.0,259
AUDNZDm,6,20,23.0,23.0,259
AUDNZDm,6,21,23.0,23.0,259
AUDNZDm,6,22,23.0,23.0,259
AUDNZDm,6,23,23.0,23.0,259
AUDUSDm,0,0,11.0,14.0,259
AUDUSDm,0,1,11.0,14.0,259
AUDUSDm,0,2,11.0,14.0,259
AUDUSDm,0,3,11.0,14.0,259
AUDUSDm,0,4,11.0,14.0,259
AUDUSDm,0,5,11.0,14.0,259
AUDUSDm,0,6,11.0,14.0,259
AUDUSDm,0,7,11.0,14.0,259
AUDUSDm,0,8,11.0,14.0,259
AUDUSDm,0,9,11.0,14.0,259
AUDUSDm,0,10,11.0,14.0,259
AUDUSDm,0,11,11.0,14.0,259
AUDUSDm,0,12,11.0,14.0,259
AUDUSDm,0,13,11.0,14.0,259
AUDUSDm,0,14,11.0,14.0,259
AUDUSDm,0,15,11.0,14.0,259
AUDUSDm,0,16,11.0,14.0,259
AUDUSDm,0,17,17.0,35.0,261
AUDUSDm,0,18,14.0,38.0,261
AUDUSDm,0,19,14.0,15.0,261
AUDUSDm,0,20,11.0,14.0,261
AUDUSDm,0,21,11.0,14.0,261
AUDUSDm,0,22,11.0,14.0,260
AUDUSDm,0,23,11.0,14.0,261
AUDUSDm,1,0,11.0,14.0,261
AUDUSDm,1,1,11.0,14.0,261
AUDUSDm,1,2,11.0,14.0,261
AUDUSDm,1,3,11.0,14.0,261
AUDUSDm,1,4,11.0,14.0,261
AUDUSDm,1,5,11.0,14.0,261
AUDUSDm,1,6,11.0,14.0,261
AUDUSDm,1,7,11.0,14.0,261
AUDUSDm,1,8,11.0,14.0,261
AUDUSDm,1,9,11.0,14.0,261
AUDUSDm,1,10,11.0,14.0,261
AUDUSDm,1,11,11.0,14.0,261
AUDUSDm,1,12,11.0,14.0,261
AUDUSDm,1,13,11.0,14.0,261
AUDUSDm,1,14,11.0,14.0,261
AUDUSDm,1,15,11.0,14.0,261
AUDUSDm,1,16,11.0,14.0,261
AUDUSDm,1,17,17.0,28.0,259
AUDUSDm,1,18,14.0,30.800000000000153,259
AUDUSDm,1,19,14.0,15.0,258
AUDUSDm,1,20,11.0,14.0,259
AUDUSDm,1,21,11.0,14.0,259
AUDUSDm,1,22,11.0,14.0,258
AUDUSDm,1,23,11.0,14.0,259
AUDUSDm,2,0,11.0,14.0,259
AUDUSDm,2,1,11.0,14.0,259
AUDUSDm,2,2,11.0,14.0,259
AUDUSDm,2,3,11.0,14.0,259
AUDUSDm,2,4,11.0,14.0,259
AUDUSDm,2,5,11.0,14.0,259
AUDUSDm,2,6,11.0,14.0,259
AUDUSDm,2,7,11.0,14.0,259
AUDUSDm,2,8,11.0,14.0,259
AUDUSDm,2,9,11.0,14.0,259
AUDUSDm,2,10,11.0,14.0,259
AUDUSDm,2,11,11.0,14.0,259
AUDUSDm,2,12,11.0,14.0,259
AUDUSDm,2,13,11.0,14.0,259
AUDUSDm,2,14,11.0,14.0,259
AUDUSDm,2,15,11.0,14.0,259
AUDUSDm,2,16,11.0,14.0,259
AUDUSDm,2,17,17.0,35.400000000000034,259
AUDUSDm,2,18,14.0,30.000000000000085,259
AUDUSDm,2,19,14.0,15.0,259
AUDUSDm,2,20,11.0,14.0,259
AUDUSDm,2,21,11.0,14.0,259
AUDUSDm,2,22,11.0,14.0,258
AUDUSDm,2,23,11.0,14.0,259
AUDUSDm,3,0,11.0,14.0,259
AUDUSDm,3,1,11.0,14.0,259
AUDUSDm,3,2,11.0,14.0,259
AUDUSDm,3,3,11.0,14.0,259
AUDUSDm,3,4,11.0,14.0,259
AUDUSDm,3,5,11.0,14.0,259
AUDUSDm,3,6,11.0,14.0,259
AUDUSDm,3,7,11.0,14.0,259
AUDUSDm,3,8,11.0,14.0,259
AUDUSDm,3,9,11.0,14.0,259
AUDUSDm,3,10,11.0,14.0,259
AUDUSDm,3,11,11.0,14.0,259
AUDUSDm,3,12,11.0,14.0,259
AUDUSDm,3,13,11.0,14.0,259
AUDUSDm,3,14,11.0,14.0,259
AUDUSDm,3,15,11.0,14.0,259
AUDUSDm,3,16,11.0,14.0,259
AUDUSDm,3,17,16.0,29.0,261
AUDUSDm,3,18,14.0,28.0,261
AUDUSDm,3,19,14.0,15.0,261
AUDUSDm,3,20,11.0,14.0,261
AUDUSDm,3,21,11.0,14.0,261
AUDUSDm,3,22,11.0,14.0,260
AUDUSDm,3,23,11.0,14.0,261
AUDUSDm,4,0,11.0,14.0,261
AUDUSDm,4,1,11.0,14.0,261
AUDUSDm,4,2,11.0,14.0,261
AUDUSDm,4,3,11.0,14.0,261
AUDUSDm,4,4,11.0,14.0,261
AUDUSDm,4,5,11.0,14.0,261
AUDUSDm,4,6,11.0,14.0,261
AUDUSDm,4,7,11.0,14.0,261
AUDUSDm,4,8,11.0,14.0,261
AUDUSDm,4,9,11.0,14.0,261
AUDUSDm,4,10,11.0,14.0,261
AUDUSDm,4,11,11.0,14.0,261
AUDUSDm,4,12,11.0,14.0,261
AUDUSDm,4,13,11.0,14.0,261
AUDUSDm,4,14,11.0,14.0,261
AUDUSDm,4,15,11.0,14.0,259
AUDUSDm,4,16,11.0,14.0,259
AUDUSDm,6,17,35.0,76.20000000000002,259
AUDUSDm,6,18,14.0,44.0,259
AUDUSDm,6,19,14.0,15.0,259
AUDUSDm,6,20,11.0,14.0,259
AUDUSDm,6,21,11.0,14.0,259
AUDUSDm,6,22,11.0,14.0,259
AUDUSDm,6,23,11.0,14.0,259
CADJPYm,0,0,38.0,38.0,259
CADJPYm,0,1,38.0,38.0,259
CADJPYm,0,2,38.0,38.0,259
CADJPYm,0,3,38.0,38.0,259
CADJPYm,0,4,38.0,38.0,259
CADJPYm,0,5,38.0,38.0,259
CADJPYm,0,6,38.0,38.0,259
CADJPYm,0,7,38.0,38.0,259
CADJPYm,0,8,38.0,38.0,259
CADJPYm,0,9,38.0,38.0,259
CADJPYm,0,10,38.0,38.0,259
CADJPYm,0,11,38.0,38.0,259
CADJPYm,0,12,38.0,38.0,259
CADJPYm,0,13,38.0,38.0,259
CADJPYm,0,14,38.0,38.0,259
CADJPYm,0,15,38.0,38.0,259
CADJPYm,0,16,38.0,38.0,259
CADJPYm,0,17,57.0,60.0,261
CADJPYm,0,18,78.0,83.0,261
CADJPYm,0,19,38.0,38.0,261
CADJPYm,0,20,38.0,38.0,261
CADJPYm,0,21,38.0,38.0,261
CADJPYm,0,22,38.0,38.0,260
CADJPYm,0,23,38.0,38.0,261
CADJPYm,1,0,38.0,38.0,261
CADJPYm,1,1,38.0,38.0,261
CADJPYm,1,2,38.0,38.0,261
CADJPYm,1,3,38.0,38.0,261
CADJPYm,1,4,38.0,38.0,261
CADJPYm,1,5,38.0,38.0,261
CADJPYm,1,6,38.0,38.0,261
CADJPYm,1,7,38.0,38.0,261
CADJPYm,1,8,38.0,38.0,261
CADJPYm,1,9,38.0,38.0,261
CADJPYm,1,10,38.0,38.0,261
CADJPYm,1,11,38.0,38.0,261
CADJPYm,1,12,38.0,38.0,261
CADJPYm,1,13,38.0,38.0,261
CADJPYm,1,14,38.0,38.0,261
CADJPYm,1,15,38.0,38.0,261
CADJPYm,1,16,38.0,38.0,261
CADJPYm,1,17,57.0,58.0,259
CADJPYm,1,18,78.0,83.0,259
CADJPYm,1,19,38.0,38.0,258
CADJPYm,1,20,38.0,38.0,259
CADJPYm,1,21,38.0,38.0,259
CADJPYm,1,22,38.0,38.0,258
CADJPYm,1,23,38.0,38.0,259
CADJPYm,2,0,38.0,38.0,259
CADJPYm,2,1,38.0,38.0,259
CADJPYm,2,2,38.0,38.0,259
CADJPYm,2,3,38.0,38.0,259
CADJPYm,2,4,38.0,38.0,259
CADJPYm,2,5,38.0,38.0,259
CADJPYm,2,6,38.0,38.0,259
CADJPYm,2,7,38.0,38.0,259
CADJPYm,2,8,38.0,38.0,259
CADJPYm,2,9,38.0,38.0,259
CADJPYm,2,10,38.0,38.0,259
CADJPYm,2,11,38.0,38.0,259
CADJPYm,2,12,38.0,38.0,259
CADJPYm,2,13,38.0,38.0,259
CADJPYm,2,14,38.0,38.0,259
CADJPYm,2,15,38.0,38.0,259
CADJPYm,2,16,38.0,38.0,259
CADJPYm,2,17,57.0,57.0,259
CADJPYm,2,18,78.0,83.0,259
CADJPYm,2,19,38.0,38.0,259
CADJPYm,2,20,38.0,38.0,259
CADJPYm,2,21,38.0,38.0,259
CADJPYm,2,22,38.0,38.0,258
CADJPYm,2,23,38.0,38.0,259
CADJPYm,3,0,38.0,38.0,259
CADJPYm,3,1,38.0,38.0,259
CADJPYm,3,2,38.0,38.0,259
CADJPYm,3,3,38.0,38.0,259
CADJPYm,3,4,38.0,38.0,259
CADJPYm,3,5,38.0,38.0,259
CADJPYm,3,6,38.0,38.0,259
CADJPYm,3,7,38.0,38.0,259
CADJPYm,3,8,38.0,38.0,259
CADJPYm,3,9,38.0,38.0,259
CADJPYm,3,10,38.0,38.0,259
CADJPYm,3,11,38.0,38.0,259
CADJPYm,3,12,38.0,38.0,259
CADJPYm,3,13,38.0,38.0,259
CADJPYm,3,14,38.0,38.0,259
CADJPYm,3,15,38.0,38.0,259
CADJPYm,3,16,38.0,38.0,259
CADJPYm,3,17,57.0,59.0,261
CADJPYm,3,18,78.0,83.0,261
CADJPYm,3,19,38.0,38.0,261
CADJPYm,3,20,38.0,38.0,261
CADJPYm,3,21,38.0,38.0,261
CADJPYm,3,22,38.0,38.0,260
CADJPYm,3,23,38.0,38.0,261
CADJPYm,4,0,38.0,38.0,261
CADJPYm,4,1,38.0,38.0,261
CADJPYm,4,2,38.0,38.0,261
CADJPYm,4,3,38.0,38.0,261
CADJPYm,4,4,38.0,38.0,261
CADJPYm,4,5,38.0,38.0,261
CADJPYm,4,6,38.0,38.0,261
CADJPYm,4,7,38.0,38.0,261
CADJPYm,4,8,38.0,38.0,261
CADJPYm,4,9,38.0,38.0,261
CADJPYm,4,10,38.0,38.0,261
CADJPYm,4,11,38.0,38.0,261
CADJPYm,4,12,38.0,38.0,261
CADJPYm,4,13,38.0,38.0,261
CADJPYm,4,14,38.0,38.0,261
CADJPYm,4,15,38.0,38.0,259
CADJPYm,4,16,38.0,38.0,259
CADJPYm,6,17,65.0,99.0,259
CADJPYm,6,18,83.0,95.20000000000002,259
CADJPYm,6,19,38.0,38.0,259
CADJPYm,6,20,38.0,38.0,259
CADJPYm,6,21,38.0,38.0,259
CADJPYm,6,22,38.0,38.0,259
CADJPYm,6,23,38.0,38.0,259
CHFJPYm,0,0,27.0,27.0,259
CHFJPYm,0,1,17.0,24.0,259
CHFJPYm,0,2,17.0,24.0,259
CHFJPYm,0,3,17.0,24.0,259
CHFJPYm,0,4,17.0,24.0,259
CHFJPYm,0,5,17.0,24.0,259
CHFJPYm,0,6,17.0,24.0,259
CHFJPYm,0,7,17.0,24.0,259
CHFJPYm,0,8,17.0,24.0,259
CHFJPYm,0,9,17.0,24.0,259
CHFJPYm,0,10,17.0,24.0,259
CHFJPYm,0,11,17.0,24.0,259
CHFJPYm,0,12,17.0,24.0,259
CHFJPYm,0,13,17.0,24.0,259
CHFJPYm,0,14,17.0,24.0,259
CHFJPYm,0,15,16.0,21.0,259
CHFJPYm,0,16,17.0,29.200000000000017,259
CHFJPYm,0,17,52.0,136.0,261
CHFJPYm,0,18,73.0,107.0,261
CHFJPYm,0,19,27.0,27.0,261
CHFJPYm,0,20,27.0,27.0,261
CHFJPYm,0,21,27.0,27.0,261
CHFJPYm,0,22,27.0,27.0,260
CHFJPYm,0,23,27.0,27.0,261
CHFJPYm,1,0,27.0,27.0,261
CHFJPYm,1,1,17.0,24.0,261
CHFJPYm,1,2,17.0,24.0,261
CHFJPYm,1,3,17.0,24.0,261
CHFJPYm,1,4,17.0,24.0,261
CHFJPYm,1,5,17.0,24.0,261
CHFJPYm,1,6,17.0,24.0,261
CHFJPYm,1,7,17.0,24.0,261
CHFJPYm,1,8,17.0,24.0,261
CHFJPYm,1,9,17.0,24.0,261
CHFJPYm,1,10,17.0,24.0,261
CHFJPYm,1,11,17.0,24.0,261
CHFJPYm,1,12,17.0,24.0,261
CHFJPYm,1,13,17.0,24.0,261
CHFJPYm,1,14,17.0,24.0,261
CHFJPYm,1,15,15.0,20.0,261
CHFJPYm,1,16,17.0,28.0,261
CHFJPYm,1,17,52.0,138.40000000000003,259
CHFJPYm,1,18,72.0,107.0,259
CHFJPYm,1,19,27.0,27.0,258
CHFJPYm,1,20,27.0,27.0,259
CHFJPYm,1,21,27.0,27.0,259
CHFJPYm,1,22,27.0,27.0,258
CHFJPYm,1,23,27.0,27.0,259
CHFJPYm,2,0,27.0,27.0,259
CHFJPYm,2,1,17.0,24.0,259
CHFJPYm,2,2,17.0,24.0,259
CHFJPYm,2,3,17.0,24.0,259
CHFJPYm,2,4,17.0,24.0,259
CHFJPYm,2,5,17.0,24.0,259
CHFJPYm,2,6,17.0,24.0,259
CHFJPYm,2,7,17.0,24.0,259
CHFJPYm,2,8,17.0,24.0,259
CHFJPYm,2,9,17.0,24.0,259
CHFJPYm,2,10,17.0,24.0,259
CHFJPYm,2,11,17.0,24.0,259
CHFJPYm,2,12,17.0,24.0,259
CHFJPYm,2,13,17.0,24.0,259
CHFJPYm,2,14,17.0,24.0,259
CHFJPYm,2,15,15.0,20.0,259
CHFJPYm,2,16,26.0,39.20000000000002,259
CHFJPYm,2,17,98.0,156.60000000000005,259
CHFJPYm,2,18,73.0,110.40000000000003,259
CHFJPYm,2,19,27.0,27.0,259
CHFJPYm,2,20,27.0,27.0,259
CHFJPYm,2,21,27.0,27.0,259
CHFJPYm,2,22,27.0,27.0,258
CHFJPYm,2,23,27.0,27.0,259
CHFJPYm,3,0,27.0,27.0,259
CHFJPYm,3,1,17.0,24.0,259
CHFJPYm,3,2,17.0,24.0,259
CHFJPYm,3,3,17.0,24.0,259
CHFJPYm,3,4,17.0,24.0,259
CHFJPYm,3,5,17.0,24.0,259
CHFJPYm,3,6,17.0,24.0,259
CHFJPYm,3,7,17.0,24.0,259
CHFJPYm,3,8,17.0,24.0,259
CHFJPYm,3,9,17.0,24.0,259
CHFJPYm,3,10,17.0,24.0,259
CHFJPYm,3,11,17.0,24.0,259
CHFJPYm,3,12,17.0,24.0,259
CHFJPYm,3,13,17.0,24.0,259
CHFJPYm,3,14,17.0,24.0,259
CHFJPYm,3,15,15.0,20.0,259
CHFJPYm,3,16,17.0,29.200000000000017,259
CHFJPYm,3,17,54.0,142.0,261
CHFJPYm,3,18,75.0,109.0,261
CHFJPYm,3,19,27.0,27.89999999999995,260
CHFJPYm,3,20,27.0,27.0,261
CHFJPYm,3,21,27.0,27.0,261
CHFJPYm,3,22,27.0,27.0,260
CHFJPYm,3,23,27.0,27.0,261
CHFJPYm,4,0,27.0,27.0,261
CHFJPYm,4,1,17.0,24.0,261
CHFJPYm,4,2,17.0,24.0,261
CHFJPYm,4,3,17.0,24.0,261
CHFJPYm,4,4,17.0,24.0,261
CHFJPYm,4,5,17.0,24.0,261
CHFJPYm,4,6,17.0,24.0,261
CHFJPYm,4,7,17.0,24.0,261
CHFJPYm,4,8,17.0,24.0,261
CHFJPYm,4,9,17.0,24.0,261
CHFJPYm,4,10,17.0,24.0,261
CHFJPYm,4,11,17.0,24.0,261
CHFJPYm,4,12,17.0,24.0,261
CHFJPYm,4,13,17.0,24.0,261
CHFJPYm,4,14,17.0,24.0,261
CHFJPYm,4,15,16.0,20.200000000000017,259
CHFJPYm,4,16,28.0,41.0,259
CHFJPYm,6,17,208.0,371.20000000000005,259
CHFJPYm,6,18,87.0,135.20000000000002,259
CHFJPYm,6,19,27.0,36.0,259
CHFJPYm,6,20,27.0,27.0,259
CHFJPYm,6,21,27.0,27.0,259
CHFJPYm,6,22,27.0,27.0,259
CHFJPYm,6,23,27.0,27.0,259
EURCADm,0,0,20.0,29.0,259
EURCADm,0,1,20.0,29.0,259
EURCADm,0,2,20.0,29.0,259
EURCADm,0,3,20.0,29.0,259
EURCADm,0,4,20.0,29.0,259
EURCADm,0,5,20.0,29.0,259
EURCADm,0,6,20.0,29.0,259
EURCADm,0,7,20.0,29.0,259
EURCADm,0,8,20.0,29.0,259
EURCADm,0,9,20.0,29.0,259
EURCADm,0,10,20.0,29.0,259
EURCADm,0,11,20.0,29.0,259
EURCADm,0,12,20.0,29.0,259
EURCADm,0,13,20.0,29.0,259
EURCADm,0,14,20.0,29.0,259
EURCADm,0,15,20.0,29.0,259
EURCADm,0,16,20.0,29.0,259
EURCADm,0,17,36.0,73.0,261
EURCADm,0,18,20.0,29.0,261
EURCADm,0,19,20.0,29.0,261
EURCADm,0,20,20.0,29.0,261
EURCADm,0,21,20.0,29.0,261
EURCADm,0,22,20.0,29.0,260
EURCADm,0,23,20.0,29.0,261
EURCADm,1,0,20.0,29.0,261
EURCADm,1,1,20.0,29.0,261
EURCADm,1,2,20.0,29.0,261
EURCADm,1,3,20.0,29.0,261
EURCADm,1,4,20.0,29.0,261
EURCADm,1,5,20.0,29.0,261
EURCADm,1,6,20.0,29.0,261
EURCADm,1,7,20.0,29.0,261
EURCADm,1,8,20.0,29.0,261
EURCADm,1,9,20.0,29.0,261
EURCADm,1,10,20.0,29.0,261
EURCADm,1,11,20.0,29.0,261
EURCADm,1,12,20.0,29.0,261
EURCADm,1,13,20.0,29.0,261
EURCADm,1,14,20.0,29.0,261
EURCADm,1,15,20.0,29.0,261
EURCADm,1,16,20.0,29.0,261
EURCADm,1,17,39.0,73.0,259
EURCADm,1,18,20.0,29.0,259
EURCADm,1,19,20.0,29.0,258
EURCADm,1,20,20.0,29.0,259
EURCADm,1,21,20.0,29.0,259
EURCADm,1,22,20.0,29.0,258
EURCADm,1,23,20.0,29.0,259
EURCADm,2,0,20.0,29.0,259
EURCADm,2,1,20.0,29.0,259
EURCADm,2,2,20.0,29.0,259
EURCADm,2,3,20.0,29.0,259
EURCADm,2,4,20.0,29.0,259
EURCADm,2,5,20.0,29.0,259
EURCADm,2,6,20.0,29.0,259
EURCADm,2,7,20.0,29.0,259
EURCADm,2,8,20.0,29.0,259
EURCADm,2,9,20.0,29.0,259
EURCADm,2,10,20.0,29.0,259
EURCADm,2,11,20.0,29.0,259
EURCADm,2,12,20.0,29.0,259
EURCADm,2,13,20.0,29.0,259
EURCADm,2,14,20.0,29.0,259
EURCADm,2,15,20.0,29.0,259
EURCADm,2,16,20.0,29.0,259
EURCADm,2,17,42.0,73.0,259
EURCADm,2,18,20.0,29.0,259
EURCADm,2,19,20.0,29.0,259
EURCADm,2,20,20.0,29.0,259
EURCADm,2,21,20.0,29.0,259
EURCADm,2,22,20.0,29.0,258
EURCADm,2,23,20.0,29.0,259
EURCADm,3,0,20.0,29.0,259
EURCADm,3,1,20.0,29.0,259
EURCADm,3,2,20.0,29.0,259
EURCADm,3,3,20.0,29.0,259
EURCADm,3,4,20.0,29.0,259
EURCADm,3,5,20.0,29.0,259
EURCADm,3,6,20.0,29.0,259
EURCADm,3,7,20.0,29.0,259
EURCADm,3,8,20.0,29.0,259
EURCADm,3,9,20.0,29.0,259
EURCADm,3,10,20.0,29.0,259
EURCADm,3,11,20.0,29.0,259
EURCADm,3,12,20.0,29.0,259
EURCADm,3,13,20.0,29.0,259
EURCADm,3,14,20.0,29.0,259
EURCADm,3,15,20.0,29.0,259
EURCADm,3,16,20.0,29.0,259
EURCADm,3,17,42.0,73.0,261
EURCADm,3,18,20.0,29.0,261
EURCADm,3,19,20.0,29.0,261
EURCADm,3,20,20.0,29.0,261
EURCADm,3,21,20.0,29.0,261
EURCADm,3,22,20.0,29.0,260
EURCADm,3,23,20.0,29.0,261
EURCADm,4,0,20.0,29.0,261
EURCADm,4,1,20.0,29.0,261
EURCADm,4,2,20.0,29.0,261
EURCADm,4,3,20.0,29.0,261
EURCADm,4,4,20.0,29.0,261
EURCADm,4,5,20.0,29.0,261
EURCADm,4,6,20.0,29.0,261
EURCADm,4,7,20.0,29.0,261
EURCADm,4,8,20.0,29.0,261
EURCADm,4,9,20.0,29.0,261
EURCADm,4,10,20.0,29.0,261
EURCADm,4,11,20.0,29.0,261
EURCADm,4,12,20.0,29.0,261
EURCADm,4,13,20.0,29.0,261
EURCADm,4,14,20.0,29.0,261
EURCADm,4,15,20.0,29.0,259
EURCADm,4,16,20.0,29.0,259
EURCADm,6,17,78.0,139.20000000000002,259
EURCADm,6,18,29.0,33.0,259
EURCADm,6,19,20.0,29.0,259
EURCADm,6,20,20.0,29.0,259
EURCADm,6,21,20.0,29.0,259
EURCADm,6,22,20.0,29.0,259
EURCADm,6,23,20.0,29.0,259
EURCHFm,0,0,27.0,27.400000000000034,259
EURCHFm,0,1,27.0,29.0,259
EURCHFm,0,2,27.0,29.0,259
EURCHFm,0,3,27.0,29.0,259
EURCHFm,0,4,27.0,29.0,259
EURCHFm,0,5,27.0,29.0,259
EURCHFm,0,6,27.0,29.0,259
EURCHFm,0,7,27.0,29.0,259
EURCHFm,0,8,27.0,29.0,259
EURCHFm,0,9,27.0,29.0,259
EURCHFm,0,10,27.0,29.0,259
EURCHFm,0,11,27.0,29.0,259
EURCHFm,0,12,27.0,29.0,259
EURCHFm,0,13,27.0,29.0,259
EURCHFm,0,14,27.0,29.0,259
EURCHFm,0,15,27.0,29.0,259
EURCHFm,0,16,27.0,29.0,259
EURCHFm,0,17,72.0,137.0,261
EURCHFm,0,18,25.0,68.0,261
EURCHFm,0,19,27.0,29.0,261
EURCHFm,0,20,27.0,29.0,261
EURCHFm,0,21,27.0,29.0,261
EURCHFm,0,22,27.0,29.0,260
EURCHFm,0,23,27.0,29.0,261
EURCHFm,1,0,27.0,28.0,261
EURCHFm,1,1,27.0,28.0,261
EURCHFm,1,2,27.0,29.0,261
EURCHFm,1,3,27.0,29.0,261
EURCHFm,1,4,27.0,29.0,261
EURCHFm,1,5,27.0,29.0,261
EURCHFm,1,6,27.0,29.0,261
EURCHFm,1,7,27.0,27.0,261
EURCHFm,1,8,27.0,27.0,261
EURCHFm,1,9,27.0,27.0,261
EURCHFm,1,10,27.0,27.0,261
EURCHFm,1,11,27.0,27.0,261
EURCHFm,1,12,27.0,27.0,261
EURCHFm,1,13,27.0,27.0,261
EURCHFm,1,14,27.0,29.0,261
EURCHFm,1,15,27.0,29.0,261
EURCHFm,1,16,27.0,29.0,261
EURCHFm,1,17,68.0,135.20000000000002,259
EURCHFm,1,18,25.0,68.0,259
EURCHFm,1,19,27.0,27.600000000000023,258
EURCHFm,1,20,27.0,27.400000000000034,259
EURCHFm,1,21,27.0,27.400000000000034,259
EURCHFm,1,22,27.0,27.0,258
EURCHFm,1,23,27.0,27.400000000000034,259
EURCHFm,2,0,27.0,27.400000000000034,259
EURCHFm,2,1,27.0,27.400000000000034,259
EURCHFm,2,2,27.0,27.400000000000034,259
EURCHFm,2,3,27.0,27.400000000000034,259
EURCHFm,2,4,27.0,27.400000000000034,259
EURCHFm,2,5,27.0,27.400000000000034,259
EURCHFm,2,6,27.0,27.400000000000034,259
EURCHFm,2,7,27.0,27.0,259
EURCHFm,2,8,27.0,27.400000000000034,259
EURCHFm,2,9,27.0,27.400000000000034,259
EURCHFm,2,10,27.0,27.400000000000034,259
EURCHFm,2,11,27.0,27.400000000000034,259
EURCHFm,2,12,27.0,27.400000000000034,259
EURCHFm,2,13,27.0,27.0,259
EURCHFm,2,14,27.0,29.0,259
EURCHFm,2,15,27.0,29.0,259
EURCHFm,2,16,27.0,29.0,259
EURCHFm,2,17,72.0,137.0,259
EURCHFm,2,18,25.0,64.80000000000007,259
EURCHFm,2,19,27.0,27.400000000000034,259
EURCHFm,2,20,27.0,27.400000000000034,259
EURCHFm,2,21,27.0,27.400000000000034,259
EURCHFm,2,22,27.0,27.0,258
EURCHFm,2,23,27.0,27.0,259
EURCHFm,3,0,27.0,27.0,259
EURCHFm,3,1,27.0,27.400000000000034,259
EURCHFm,3,2,27.0,27.400000000000034,259
EURCHFm,3,3,27.0,27.400000000000034,259
EURCHFm,3,4,27.0,27.400000000000034,259
EURCHFm,3,5,27.0,27.400000000000034,259
EURCHFm,3,6,27.0,27.400000000000034,259
EURCHFm,3,7,27.0,27.400000000000034,259
EURCHFm,3,8,27.0,27.400000000000034,259
EURCHFm,3,9,27.0,27.400000000000034,259
EURCHFm,3,10,27.0,27.400000000000034,259
EURCHFm,3,11,27.0,27.400000000000034,259
EURCHFm,3,12,27.0,27.0,259
EURCHFm,3,13,27.0,27.400000000000034,259
EURCHFm,3,14,27.0,29.0,259
EURCHFm,3,15,27.0,29.0,259
EURCHFm,3,16,27.0,29.0,259
EURCHFm,3,17,74.0,138.0,261
EURCHFm,3,18,25.0,68.0,261
EURCHFm,3,19,27.0,29.0,261
EURCHFm,3,20,27.0,29.0,261
EURCHFm,3,21,27.0,29.0,261
EURCHFm,3,22,27.0,29.0,260
EURCHFm,3,23,27.0,29.0,261
EURCHFm,4,0,27.0,29.0,261
EURCHFm,4,1,27.0,29.0,261
EURCHFm,4,2,27.0,29.0,261
EURCHFm,4,3,27.0,29.0,261
EURCHFm,4,4,27.0,29.0,261
EURCHFm,4,5,27.0,29.0,261
EURCHFm,4,6,27.0,29.0,261
EURCHFm,4,7,27.0,29.0,261
EURCHFm,4,8,27.0,29.0,261
EURCHFm,4,9,27.0,29.0,261
EURCHFm,4,10,27.0,29.0,261
EURCHFm,4,11,27.0,29.0,261
EURCHFm,4,12,27.0,29.0,261
EURCHFm,4,13,27.0,29.0,261
EURCHFm,4,14,27.0,29.0,261
EURCHFm,4,15,27.0,29.0,259
EURCHFm,4,16,27.0,29.0,259
EURCHFm,6,17,120.0,177.80000000000007,259
EURCHFm,6,18,17.0,68.0,259
EURCHFm,6,19,27.0,29.0,259
EURCHFm,6,20,27.0,29.0,259
EURCHFm,6,21,27.0,29.0,259
EURCHFm,6,22,27.0,29.0,259
EURCHFm,6,23,27.0,29.0,259
EURGBPm,0,0,16.0,16.0,259
EURGBPm,0,1,16.0,16.0,259
EURGBPm,0,2,16.0,16.0,259
EURGBPm,0,3,16.0,16.0,259
EURGBPm,0,4,16.0,16.0,259
EURGBPm,0,5,16.0,16.0,259
EURGBPm,0,6,16.0,16.0,259
EURGBPm,0,7,16.0,16.0,259
EURGBPm,0,8,16.0,16.0,259
EURGBPm,0,9,16.0,16.0,259
EURGBPm,0,10,16.0,16.0,259
EURGBPm,0,11,16.0,16.0,259
EURGBPm,0,12,16.0,16.0,259
EURGBPm,0,13,16.0,16.0,259
EURGBPm,0,14,16.0,16.0,259
EURGBPm,0,15,16.0,16.0,259
EURGBPm,0,16,16.0,16.0,259
EURGBPm,0,17,46.0,64.0,261
EURGBPm,0,18,46.0,50.0,261
EURGBPm,0,19,16.0,16.0,261
EURGBPm,0,20,16.0,16.0,261
EURGBPm,0,21,16.0,16.0,261
EURGBPm,0,22,16.0,16.0,260
EURGBPm,0,23,16.0,16.0,261
EURGBPm,1,0,16.0,16.0,261
EURGBPm,1,1,16.0,16.0,261
EURGBPm,1,2,16.0,16.0,261
EURGBPm,1,3,16.0,16.0,261
EURGBPm,1,4,16.0,16.0,261
EURGBPm,1,5,16.0,16.0,261
EURGBPm,1,6,16.0,16.0,261
EURGBPm,1,7,16.0,16.0,261
EURGBPm,1,8,16.0,16.0,261
EURGBPm,1,9,16.0,16.0,261
EURGBPm,1,10,16.0,16.0,261
EURGBPm,1,11,16.0,16.0,261
EURGBPm,1,12,16.0,16.0,261
EURGBPm,1,13,16.0,16.0,261
EURGBPm,1,14,16.0,16.0,261
EURGBPm,1,15,16.0,16.0,261
EURGBPm,1,16,16.0,16.0,261
EURGBPm,1,17,46.0,63.0,259
EURGBPm,1,18,46.0,50.0,259
EURGBPm,1,19,16.0,16.0,258
EURGBPm,1,20,16.0,16.0,259
EURGBPm,1,21,16.0,16.0,259
EURGBPm,1,22,16.0,16.0,258
EURGBPm,1,23,16.0,16.0,259
EURGBPm,2,0,16.0,16.0,259
EURGBPm,2,1,16.0,16.0,259
EURGBPm,2,2,16.0,16.0,259
EURGBPm,2,3,16.0,16.0,259
EURGBPm,2,4,16.0,16.0,259
EURGBPm,2,5,16.0,16.0,259
EURGBPm,2,6,16.0,16.0,259
EURGBPm,2,7,16.0,16.0,259
EURGBPm,2,8,16.0,16.0,259
EURGBPm,2,9,16.0,16.0,259
EURGBPm,2,10,16.0,16.0,259
EURGBPm,2,11,16.0,16.0,259
EURGBPm,2,12,16.0,16.0,259
EURGBPm,2,13,16.0,16.0,259
EURGBPm,2,14,16.0,16.0,259
EURGBPm,2,15,16.0,16.0,259
EURGBPm,2,16,16.0,16.0,259
EURGBPm,2,17,46.0,60.0,259
EURGBPm,2,18,46.0,50.0,259
EURGBPm,2,19,16.0,16.0,259
EURGBPm,2,20,16.0,16.0,259
EURGBPm,2,21,16.0,16.0,259
EURGBPm,2,22,16.0,16.0,258
EURGBPm,2,23,16.0,16.0,259
EURGBPm,3,0,16.0,16.0,259
EURGBPm,3,1,16.0,16.0,259
EURGBPm,3,2,16.0,16.0,259
EURGBPm,3,3,16.0,16.0,259
EURGBPm,3,4,16.0,16.0,259
EURGBPm,3,5,16.0,16.0,259
EURGBPm,3,6,16.0,16.0,259
EURGBPm,3,7,16.0,16.0,259
EURGBPm,3,8,16.0,16.0,259
EURGBPm,3,9,16.0,16.0,259
EURGBPm,3,10,16.0,16.0,259
EURGBPm,3,11,16.0,16.0,259
EURGBPm,3,12,16.0,16.0,259
EURGBPm,3,13,16.0,16.0,259
EURGBPm,3,14,16.0,16.0,259
EURGBPm,3,15,16.0,16.0,259
EURGBPm,3,16,16.0,16.0,259
EURGBPm,3,17,46.0,62.0,261
EURGBPm,3,18,46.0,50.0,261
EURGBPm,3,19,16.0,16.0,261
EURGBPm,3,20,16.0,16.0,261
EURGBPm,3,21,16.0,16.0,261
EURGBPm,3,22,16.0,16.0,260
EURGBPm,3,23,16.0,16.0,261
EURGBPm,4,0,16.0,16.0,261
EURGBPm,4,1,16.0,16.0,261
EURGBPm,4,2,16.0,16.0,261
EURGBPm,4,3,16.0,16.0,261
EURGBPm,4,4,16.0,16.0,261
EURGBPm,4,5,16.0,16.0,261
EURGBPm,4,6,16.0,16.0,261
EURGBPm,4,7,16.0,16.0,261
EURGBPm,4,8,16.0,16.0,261
EURGBPm,4,9,16.0,16.0,261
EURGBPm,4,10,16.0,16.0,261
EURGBPm,4,11,16.0,16.0,261
EURGBPm,4,12,16.0,16.0,261
EURGBPm,4,13,16.0,16.0,261
EURGBPm,4,14,16.0,16.0,261
EURGBPm,4,15,16.0,16.0,259
EURGBPm,4,16,16.0,16.0,259
EURGBPm,6,17,70.0,124.20000000000002,259
EURGBPm,6,18,46.0,50.0,259
EURGBPm,6,19,16.0,16.0,259
EURGBPm,6,20,16.0,16.0,259
EURGBPm,6,21,16.0,16.0,259
EURGBPm,6,22,16.0,16.0,259
EURGBPm,6,23,16.0,16.0,259
EURJPYm,0,0,19.0,24.0,259
EURJPYm,0,1,19.0,24.0,259
EURJPYm,0,2,19.0,24.0,259
EURJPYm,0,3,19.0,24.0,259
EURJPYm,0,4,19.0,24.0,259
EURJPYm,0,5,19.0,24.0,259
EURJPYm,0,6,19.0,24.0,259
EURJPYm,0,7,19.0,24.0,259
EURJPYm,0,8,19.0,24.0,259
EURJPYm,0,9,19.0,24.0,259
EURJPYm,0,10,19.0,24.0,259
EURJPYm,0,11,19.0,24.0,259
EURJPYm,0,12,19.0,24.0,259
EURJPYm,0,13,19.0,24.0,259
EURJPYm,0,14,19.0,24.0,259
EURJPYm,0,15,19.0,24.0,259
EURJPYm,0,16,28.0,48.20000000000002,259
EURJPYm,0,17,72.0,105.0,261
EURJPYm,0,18,24.0,48.0,261
EURJPYm,0,19,19.0,24.0,261
EURJPYm,0,20,19.0,24.0,261
EURJPYm,0,21,19.0,24.0,261
EURJPYm,0,22,19.0,24.0,260
EURJPYm,0,23,19.0,24.0,261
EURJPYm,1,0,19.0,24.0,261
EURJPYm,1,1,19.0,24.0,261
EURJPYm,1,2,19.0,24.0,261
EURJPYm,1,3,19.0,24.0,261
EURJPYm,1,4,19.0,24.0,261
EURJPYm,1,5,19.0,24.0,261
EURJPYm,1,6,19.0,24.0,261
EURJPYm,1,7,19.0,24.0,261
EURJPYm,1,8,19.0,24.0,261
EURJPYm,1,9,19.0,24.0,261
EURJPYm,1,10,19.0,24.0,261
EURJPYm,1,11,19.0,24.0,261
EURJPYm,1,12,19.0,24.0,261
EURJPYm,1,13,19.0,24.0,261
EURJPYm,1,14,19.0,24.0,261
EURJPYm,1,15,19.0,24.0,261
EURJPYm,1,16,26.0,43.0,261
EURJPYm,1,17,66.0,98.20000000000002,259
EURJPYm,1,18,24.0,48.0,259
EURJPYm,1,19,19.0,24.0,258
EURJPYm,1,20,19.0,24.0,259
EURJPYm,1,21,19.0,24.0,259
EURJPYm,1,22,19.0,24.0,258
EURJPYm,1,23,19.0,24.0,259
EURJPYm,2,0,19.0,24.0,259
EURJPYm,2,1,19.0,24.0,259
EURJPYm,2,2,19.0,24.0,259
EURJPYm,2,3,19.0,24.0,259
EURJPYm,2,4,19.0,24.0,259
EURJPYm,2,5,19.0,24.0,259
EURJPYm,2,6,19.0,24.0,259
EURJPYm,2,7,19.0,24.0,259
EURJPYm,2,8,19.0,24.0,259
EURJPYm,2,9,19.0,24.0,259
EURJPYm,2,10,19.0,24.0,259
EURJPYm,2,11,19.0,24.0,259
EURJPYm,2,12,19.0,24.0,259
EURJPYm,2,13,19.0,24.0,259
EURJPYm,2,14,19.0,24.0,259
EURJPYm,2,15,19.0,24.0,259
EURJPYm,2,16,35.0,48.0,259
EURJPYm,2,17,71.0,106.20000000000002,259
EURJPYm,2,18,24.0,48.0,259
EURJPYm,2,19,19.0,24.0,259
EURJPYm,2,20,19.0,24.0,259
EURJPYm,2,21,19.0,24.0,259
EURJPYm,2,22,19.0,24.0,258
EURJPYm,2,23,19.0,24.0,259
EURJPYm,3,0,19.0,24.0,259
EURJPYm,3,1,19.0,24.0,259
EURJPYm,3,2,19.0,24.0,259
EURJPYm,3,3,19.0,24.0,259
EURJPYm,3,4,19.0,24.0,259
EURJPYm,3,5,19.0,24.0,259
EURJPYm,3,6,19.0,24.0,259
EURJPYm,3,7,19.0,24.0,259
EURJPYm,3,8,19.0,24.0,259
EURJPYm,3,9,19.0,24.0,259
EURJPYm,3,10,19.0,24.0,259
EURJPYm,3,11,19.0,24.0,259
EURJPYm,3,12,19.0,24.0,259
EURJPYm,3,13,19.0,24.0,259
EURJPYm,3,14,19.0,24.0,259
EURJPYm,3,15,19.0,24.0,259
EURJPYm,3,16,27.0,43.0,259
EURJPYm,3,17,69.0,103.0,261
EURJPYm,3,18,24.0,48.0,261
EURJPYm,3,19,19.0,24.0,261
EURJPYm,3,20,19.0,24.0,261
EURJPYm,3,21,19.0,24.0,261
EURJPYm,3,22,19.0,24.0,260
EURJPYm,3,23,19.0,24.0,261
EURJPYm,4,0,19.0,24.0,261
EURJPYm,4,1,19.0,24.0,261
EURJPYm,4,2,19.0,24.0,261
EURJPYm,4,3,19.0,24.0,261
EURJPYm,4,4,19.0,24.0,261
EURJPYm,4,5,19.0,24.0,261
EURJPYm,4,6,19.0,24.0,261
EURJPYm,4,7,19.0,24.0,261
EURJPYm,4,8,19.0,24.0,261
EURJPYm,4,9,19.0,24.0,261
EURJPYm,4,10,19.0,24.0,261
EURJPYm,4,11,19.0,24.0,261
EURJPYm,4,12,19.0,24.0,261
EURJPYm,4,13,19.0,24.0,261
EURJPYm,4,14,19.0,24.0,261
EURJPYm,4,15,19.0,24.0,259
EURJPYm,4,16,42.0,49.0,259
EURJPYm,6,17,113.0,240.0,259
EURJPYm,6,18,24.0,51.0,259
EURJPYm,6,19,19.0,24.0,259
EURJPYm,6,20,19.0,24.0,259
EURJPYm,6,21,19.0,24.0,259
EURJPYm,6,22,19.0,24.0,259
EURJPYm,6,23,19.0,24.0,259
EURNZDm,0,0,36.0,54.0,259
EURNZDm,0,1,36.0,54.0,259
EURNZDm,0,2,36.0,54.0,259
EURNZDm,0,3,36.0,54.0,259
EURNZDm,0,4,36.0,54.0,259
EURNZDm,0,5,36.0,54.0,259
EURNZDm,0,6,36.0,54.0,259
EURNZDm,0,7,36.0,54.0,259
EURNZDm,0,8,36.0,54.0,259
EURNZDm,0,9,36.0,54.0,259
EURNZDm,0,10,36.0,54.0,259
EURNZDm,0,11,36.0,54.0,259
EURNZDm,0,12,36.0,54.0,259
EURNZDm,0,13,36.0,54.0,259
EURNZDm,0,14,36.0,54.0,259
EURNZDm,0,15,36.0,54.0,259
EURNZDm,0,16,36.0,146.0,259
EURNZDm,0,17,124.0,454.0,261
EURNZDm,0,18,70.0,297.0,261
EURNZDm,0,19,42.0,60.0,261
EURNZDm,0,20,36.0,54.0,261
EURNZDm,0,21,36.0,54.0,261
EURNZDm,0,22,36.0,54.0,260
EURNZDm,0,23,36.0,54.0,261
EURNZDm,1,0,36.0,54.0,261
EURNZDm,1,1,36.0,54.0,261
EURNZDm,1,2,36.0,54.0,261
EURNZDm,1,3,36.0,54.0,261
EURNZDm,1,4,36.0,54.0,261
EURNZDm,1,5,36.0,54.0,261
EURNZDm,1,6,36.0,54.0,261
EURNZDm,1,7,36.0,54.0,261
EURNZDm,1,8,36.0,54.0,261
EURNZDm,1,9,36.0,54.0,261
EURNZDm,1,10,36.0,54.0,261
EURNZDm,1,11,36.0,54.0,261
EURNZDm,1,12,36.0,54.0,261
EURNZDm,1,13,36.0,54.0,261
EURNZDm,1,14,36.0,54.0,261
EURNZDm,1,15,36.0,54.0,261
EURNZDm,1,16,36.0,146.0,261
EURNZDm,1,17,116.0,429.00000000000017,259
EURNZDm,1,18,60.0,284.0000000000001,259
EURNZDm,1,19,36.0,60.0,258
EURNZDm,1,20,36.0,54.0,259
EURNZDm,1,21,36.0,54.0,259
EURNZDm,1,22,36.0,54.0,258
EURNZDm,1,23,36.0,54.0,259
EURNZDm,2,0,36.0,54.0,259
EURNZDm,2,1,36.0,54.0,259
EURNZDm,2,2,36.0,54.0,259
EURNZDm,2,3,36.0,54.0,259
EURNZDm,2,4,36.0,54.0,259
EURNZDm,2,5,36.0,54.0,259
EURNZDm,2,6,36.0,54.0,259
EURNZDm,2,7,36.0,54.0,259
EURNZDm,2,8,36.0,54.0,259
EURNZDm,2,9,36.0,54.0,259
EURNZDm,2,10,36.0,54.0,259
EURNZDm,2,11,36.0,54.0,259
EURNZDm,2,12,36.0,54.0,259
EURNZDm,2,13,36.0,54.0,259
EURNZDm,2,14,36.0,54.0,259
EURNZDm,2,15,36.0,54.0,259
EURNZDm,2,16,36.0,146.0,259
EURNZDm,2,17,124.0,440.4000000000001,259
EURNZDm,2,18,84.0,224.80000000000118,259
EURNZDm,2,19,36.0,60.0,259
EURNZDm,2,20,36.0,54.0,259
EURNZDm,2,21,36.0,54.0,259
EURNZDm,2,22,36.0,54.0,258
EURNZDm,2,23,36.0,54.0,259
EURNZDm,3,0,36.0,54.0,259
EURNZDm,3,1,36.0,54.0,259
EURNZDm,3,2,36.0,54.0,259
EURNZDm,3,3,36.0,54.0,259
EURNZDm,3,4,36.0,54.0,259
EURNZDm,3,5,36.0,54.0,259
EURNZDm,3,6,36.0,54.0,259
EURNZDm,3,7,36.0,54.0,259
EURNZDm,3,8,36.0,54.0,259
EURNZDm,3,9,36.0,54.0,259
EURNZDm,3,10,36.0,54.0,259
EURNZDm,3,11,36.0,54.0,259
EURNZDm,3,12,36.0,54.0,259
EURNZDm,3,13,36.0,54.0,259
EURNZDm,3,14,36.0,54.0,259
EURNZDm,3,15,36.0,54.0,259
EURNZDm,3,16,36.0,146.0,259
EURNZDm,3,17,120.0,421.0,261
EURNZDm,3,18,60.0,280.0,261
EURNZDm,3,19,46.0,60.0,261
EURNZDm,3,20,36.0,54.0,261
EURNZDm,3,21,36.0,54.0,261
EURNZDm,3,22,36.0,54.0,260
EURNZDm,3,23,36.0,54.0,261
EURNZDm,4,0,36.0,54.0,261
EURNZDm,4,1,36.0,54.0,261
EURNZDm,4,2,36.0,54.0,261
EURNZDm,4,3,36.0,54.0,261
EURNZDm,4,4,36.0,54.0,261
EURNZDm,4,5,36.0,54.0,261
EURNZDm,4,6,36.0,54.0,261
EURNZDm,4,7,36.0,54.0,261
EURNZDm,4,8,36.0,54.0,261
EURNZDm,4,9,36.0,54.0,261
EURNZDm,4,10,36.0,54.0,261
EURNZDm,4,11,36.0,54.0,261
EURNZDm,4,12,36.0,54.0,261
EURNZDm,4,13,36.0,54.0,261
EURNZDm,4,14,36.0,54.0,261
EURNZDm,4,15,36.0,54.0,259
EURNZDm,4,16,54.0,146.0,259
EURNZDm,6,17,259.0,585.4000000000001,259
EURNZDm,6,18,84.0,292.0,259
EURNZDm,6,19,54.0,60.0,259
EURNZDm,6,20,36.0,54.0,259
EURNZDm,6,21,36.0,54.0,259
EURNZDm,6,22,36.0,54.0,259
EURNZDm,6,23,36.0,54.0,259
EURUSDm,0,0,8.0,10.0,259
EURUSDm,0,1,8.0,10.0,259
EURUSDm,0,2,8.0,10.0,259
EURUSDm,0,3,8.0,10.0,259
EURUSDm,0,4,8.0,10.0,259
EURUSDm,0,5,8.0,10.0,259
EURUSDm,0,6,8.0,10.0,259
EURUSDm,0,7,8.0,10.0,259
EURUSDm,0,8,8.0,10.0,259
EURUSDm,0,9,8.0,10.0,259
EURUSDm,0,10,8.0,10.0,259
EURUSDm,0,11,8.0,10.0,259
EURUSDm,0,12,8.0,10.0,259
EURUSDm,0,13,8.0,10.0,259
EURUSDm,0,14,8.0,10.0,259
EURUSDm,0,15,8.0,10.0,259
EURUSDm,0,16,8.0,10.0,259
EURUSDm,0,17,17.0,40.0,261
EURUSDm,0,18,10.0,40.0,261
EURUSDm,0,19,10.0,10.0,261
EURUSDm,0,20,8.0,10.0,261
EURUSDm,0,21,8.0,10.0,261
EURUSDm,0,22,8.0,10.0,260
EURUSDm,0,23,8.0,10.0,261
EURUSDm,1,0,8.0,10.0,261
EURUSDm,1,1,8.0,10.0,261
EURUSDm,1,2,8.0,10.0,261
EURUSDm,1,3,8.0,10.0,261
EURUSDm,1,4,8.0,10.0,261
EURUSDm,1,5,8.0,10.0,261
EURUSDm,1,6,8.0,10.0,261
EURUSDm,1,7,8.0,10.0,261
EURUSDm,1,8,8.0,10.0,261
EURUSDm,1,9,8.0,10.0,261
EURUSDm,1,10,8.0,10.0,261
EURUSDm,1,11,8.0,10.0,261
EURUSDm,1,12,8.0,10.0,261
EURUSDm,1,13,8.0,10.0,261
EURUSDm,1,14,8.0,10.0,261
EURUSDm,1,15,8.0,10.0,261
EURUSDm,1,16,8.0,10.0,261
EURUSDm,1,17,16.0,40.0,259
EURUSDm,1,18,10.0,40.0,259
EURUSDm,1,19,10.0,10.0,258
EURUSDm,1,20,8.0,10.0,259
EURUSDm,1,21,8.0,10.0,259
EURUSDm,1,22,8.0,10.0,258
EURUSDm,1,23,8.0,10.0,259
EURUSDm,2,0,8.0,10.0,259
EURUSDm,2,1,8.0,10.0,259
EURUSDm,2,2,8.0,10.0,259
EURUSDm,2,3,8.0,10.0,259
EURUSDm,2,4,8.0,10.0,259
EURUSDm,2,5,8.0,10.0,259
EURUSDm,2,6,8.0,10.0,259
EURUSDm,2,7,8.0,10.0,259
EURUSDm,2,8,8.0,10.0,259
EURUSDm,2,9,8.0,10.0,259
EURUSDm,2,10,8.0,10.0,259
EURUSDm,2,11,8.0,10.0,259
EURUSDm,2,12,8.0,10.0,259
EURUSDm,2,13,8.0,10.0,259
EURUSDm,2,14,8.0,10.0,259
EURUSDm,2,15,8.0,10.0,259
EURUSDm,2,16,8.0,10.0,259
EURUSDm,2,17,15.0,40.0,259
EURUSDm,2,18,10.0,40.0,259
EURUSDm,2,19,10.0,10.0,259
EURUSDm,2,20,8.0,10.0,259
EURUSDm,2,21,8.0,10.0,259
EURUSDm,2,22,8.0,10.0,258
EURUSDm,2,23,8.0,10.0,259
EURUSDm,3,0,8.0,10.0,259
EURUSDm,3,1,8.0,10.0,259
EURUSDm,3,2,8.0,10.0,259
EURUSDm,3,3,8.0,10.0,259
EURUSDm,3,4,8.0,10.0,259
EURUSDm,3,5,8.0,10.0,259
EURUSDm,3,6,8.0,10.0,259
EURUSDm,3,7,8.0,10.0,259
EURUSDm,3,8,8.0,10.0,259
EURUSDm,3,9,8.0,10.0,259
EURUSDm,3,10,8.0,10.0,259
EURUSDm,3,11,8.0,10.0,259
EURUSDm,3,12,8.0,10.0,259
EURUSDm,3,13,8.0,10.0,259
EURUSDm,3,14,8.0,10.0,259
EURUSDm,3,15,8.0,10.0,259
EURUSDm,3,16,8.0,10.0,259
EURUSDm,3,17,15.0,40.0,261
EURUSDm,3,18,10.0,40.0,261
EURUSDm,3,19,10.0,10.0,261
EURUSDm,3,20,8.0,10.0,261
EURUSDm,3,21,8.0,10.0,261
EURUSDm,3,22,8.0,10.0,260
EURUSDm,3,23,8.0,10.0,261
EURUSDm,4,0,8.0,10.0,261
EURUSDm,4,1,8.0,10.0,261
EURUSDm,4,2,8.0,10.0,261
EURUSDm,4,3,8.0,10.0,261
EURUSDm,4,4,8.0,10.0,261
EURUSDm,4,5,8.0,10.0,261
EURUSDm,4,6,8.0,10.0,261
EURUSDm,4,7,8.0,10.0,261
EURUSDm,4,8,8.0,10.0,261
EURUSDm,4,9,8.0,10.0,261
EURUSDm,4,10,8.0,10.0,261
EURUSDm,4,11,8.0,10.0,261
EURUSDm,4,12,8.0,10.0,261
EURUSDm,4,13,8.0,10.0,261
EURUSDm,4,14,8.0,10.0,261
EURUSDm,4,15,8.0,10.0,259
EURUSDm,4,16,8.0,10.0,259
EURUSDm,6,17,40.0,53.0,259
EURUSDm,6,18,10.0,40.0,259
EURUSDm,6,19,10.0,10.0,259
EURUSDm,6,20,8.0,10.0,259
EURUSDm,6,21,8.0,10.0,259
EURUSDm,6,22,8.0,10.0,259
EURUSDm,6,23,8.0,10.0,259
GBPAUDm,0,0,28.0,28.0,259
GBPAUDm,0,1,28.0,28.0,259
GBPAUDm,0,2,28.0,28.0,259
GBPAUDm,0,3,28.0,28.0,259
GBPAUDm,0,4,28.0,28.0,259
GBPAUDm,0,5,28.0,28.0,259
GBPAUDm,0,6,28.0,28.0,259
GBPAUDm,0,7,28.0,28.0,259
GBPAUDm,0,8,28.0,28.0,259
GBPAUDm,0,9,28.0,28.0,259
GBPAUDm,0,10,28.0,28.0,259
GBPAUDm,0,11,28.0,28.0,259
GBPAUDm,0,12,28.0,28.0,259
GBPAUDm,0,13,28.0,28.0,259
GBPAUDm,0,14,28.0,28.0,259
GBPAUDm,0,15,28.0,28.0,259
GBPAUDm,0,16,28.0,28.0,259
GBPAUDm,0,17,70.0,151.0,261
GBPAUDm,0,18,47.0,99.0,261
GBPAUDm,0,19,28.0,28.0,261
GBPAUDm,0,20,28.0,28.0,261
GBPAUDm,0,21,28.0,28.0,261
GBPAUDm,0,22,28.0,28.0,260
GBPAUDm,0,23,28.0,28.0,261
GBPAUDm,1,0,28.0,28.0,261
GBPAUDm,1,1,28.0,28.0,261
GBPAUDm,1,2,28.0,28.0,261
GBPAUDm,1,3,28.0,28.0,261
GBPAUDm,1,4,28.0,28.0,261
GBPAUDm,1,5,28.0,28.0,261
GBPAUDm,1,6,28.0,28.0,261
GBPAUDm,1,7,28.0,28.0,261
GBPAUDm,1,8,28.0,28.0,261
GBPAUDm,1,9,28.0,28.0,261
GBPAUDm,1,10,28.0,28.0,261
GBPAUDm,1,11,28.0,28.0,261
GBPAUDm,1,12,28.0,28.0,261
GBPAUDm,1,13,28.0,28.0,261
GBPAUDm,1,14,28.0,28.0,261
GBPAUDm,1,15,28.0,28.0,261
GBPAUDm,1,16,28.0,28.0,261
GBPAUDm,1,17,70.0,150.40000000000003,259
GBPAUDm,1,18,47.0,99.20000000000002,259
GBPAUDm,1,19,28.0,28.0,258
GBPAUDm,1,20,28.0,28.0,259
GBPAUDm,1,21,28.0,28.0,259
GBPAUDm,1,22,28.0,28.0,258
GBPAUDm,1,23,28.0,28.0,259
GBPAUDm,2,0,28.0,28.0,259
GBPAUDm,2,1,28.0,28.0,259
GBPAUDm,2,2,28.0,28.0,259
GBPAUDm,2,3,28.0,28.0,259
GBPAUDm,2,4,28.0,28.0,259
GBPAUDm,2,5,28.0,28.0,259
GBPAUDm,2,6,28.0,28.0,259
GBPAUDm,2,7,28.0,28.0,259
GBPAUDm,2,8,28.0,28.0,259
GBPAUDm,2,9,28.0,28.0,259
GBPAUDm,2,10,28.0,28.0,259
GBPAUDm,2,11,28.0,28.0,259
GBPAUDm,2,12,28.0,28.0,259
GBPAUDm,2,13,28.0,28.0,259
GBPAUDm,2,14,28.0,28.0,259
GBPAUDm,2,15,28.0,28.0,259
GBPAUDm,2,16,28.0,28.0,259
GBPAUDm,2,17,73.0,155.20000000000002,259
GBPAUDm,2,18,47.0,99.0,259
GBPAUDm,2,19,28.0,28.0,259
GBPAUDm,2,20,28.0,28.0,259
GBPAUDm,2,21,28.0,28.0,259
GBPAUDm,2,22,28.0,28.0,258
GBPAUDm,2,23,28.0,28.0,259
GBPAUDm,3,0,28.0,28.0,259
GBPAUDm,3,1,28.0,28.0,259
GBPAUDm,3,2,28.0,28.0,259
GBPAUDm,3,3,28.0,28.0,259
GBPAUDm,3,4,28.0,28.0,259
GBPAUDm,3,5,28.0,28.0,259
GBPAUDm,3,6,28.0,28.0,259
GBPAUDm,3,7,28.0,28.0,259
GBPAUDm,3,8,28.0,28.0,259
GBPAUDm,3,9,28.0,28.0,259
GBPAUDm,3,10,28.0,28.0,259
GBPAUDm,3,11,28.0,28.0,259
GBPAUDm,3,12,28.0,28.0,259
GBPAUDm,3,13,28.0,28.0,259
GBPAUDm,3,14,28.0,28.0,259
GBPAUDm,3,15,28.0,28.0,259
GBPAUDm,3,16,28.0,28.0,259
GBPAUDm,3,17,73.0,153.0,261
GBPAUDm,3,18,47.0,99.0,261
GBPAUDm,3,19,28.0,28.0,261
GBPAUDm,3,20,28.0,28.0,261
GBPAUDm,3,21,28.0,28.0,261
GBPAUDm,3,22,28.0,28.0,260
GBPAUDm,3,23,28.0,28.0,261
GBPAUDm,4,0,28.0,28.0,261
GBPAUDm,4,1,28.0,28.0,261
GBPAUDm,4,2,28.0,28.0,261
GBPAUDm,4,3,28.0,28.0,261
GBPAUDm,4,4,28.0,28.0,261
GBPAUDm,4,5,28.0,28.0,261
GBPAUDm,4,6,28.0,28.0,261
GBPAUDm,4,7,28.0,28.0,261
GBPAUDm,4,8,28.0,28.0,261
GBPAUDm,4,9,28.0,28.0,261
GBPAUDm,4,10,28.0,28.0,261
GBPAUDm,4,11,28.0,28.0,261
GBPAUDm,4,12,28.0,28.0,261
GBPAUDm,4,13,28.0,28.0,261
GBPAUDm,4,14,28.0,28.0,261
GBPAUDm,4,15,28.0,28.0,259
GBPAUDm,4,16,28.0,28.0,259
GBPAUDm,6,17,181.0,400.0000000000001,259
GBPAUDm,6,18,47.0,100.0,259
GBPAUDm,6,19,28.0,28.0,259
GBPAUDm,6,20,28.0,28.0,259
GBPAUDm,6,21,28.0,28.0,259
GBPAUDm,6,22,28.0,28.0,259
GBPAUDm,6,23,28.0,28.0,259
GBPCHFm,0,0,27.0,27.0,259
GBPCHFm,0,1,27.0,27.0,259
GBPCHFm,0,2,27.0,27.0,259
GBPCHFm,0,3,27.0,27.0,259
GBPCHFm,0,4,27.0,27.0,259
GBPCHFm,0,5,27.0,27.0,259
GBPCHFm,0,6,27.0,27.0,259
GBPCHFm,0,7,27.0,27.0,259
GBPCHFm,0,8,27.0,27.0,259
GBPCHFm,0,9,27.0,27.0,259
GBPCHFm,0,10,27.0,27.0,259
GBPCHFm,0,11,27.0,27.0,259
GBPCHFm,0,12,27.0,27.0,259
GBPCHFm,0,13,27.0,27.0,259
GBPCHFm,0,14,27.0,27.0,259
GBPCHFm,0,15,27.0,27.0,259
GBPCHFm,0,16,27.0,27.0,259
GBPCHFm,0,17,42.0,219.0,261
GBPCHFm,0,18,66.0,172.0,261
GBPCHFm,0,19,27.0,27.0,261
GBPCHFm,0,20,27.0,27.0,261
GBPCHFm,0,21,27.0,27.0,261
GBPCHFm,0,22,27.0,27.0,260
GBPCHFm,0,23,27.0,27.0,261
GBPCHFm,1,0,27.0,27.0,261
GBPCHFm,1,1,27.0,27.0,261
GBPCHFm,1,2,27.0,27.0,261
GBPCHFm,1,3,27.0,27.0,261
GBPCHFm,1,4,27.0,27.0,261
GBPCHFm,1,5,27.0,27.0,261
GBPCHFm,1,6,27.0,27.0,261
GBPCHFm,1,7,27.0,27.0,261
GBPCHFm,1,8,27.0,27.0,261
GBPCHFm,1,9,27.0,27.0,261
GBPCHFm,1,10,27.0,27.0,261
GBPCHFm,1,11,27.0,27.0,261
GBPCHFm,1,12,27.0,27.0,261
GBPCHFm,1,13,27.0,27.0,261
GBPCHFm,1,14,27.0,27.0,261
GBPCHFm,1,15,27.0,27.0,261
GBPCHFm,1,16,27.0,27.0,261
GBPCHFm,1,17,40.0,199.0,259
GBPCHFm,1,18,66.0,168.20000000000002,259
GBPCHFm,1,19,27.0,27.0,258
GBPCHFm,1,20,27.0,27.0,259
GBPCHFm,1,21,27.0,27.0,259
GBPCHFm,1,22,27.0,27.0,258
GBPCHFm,1,23,27.0,27.0,259
GBPCHFm,2,0,27.0,27.0,259
GBPCHFm,2,1,27.0,27.0,259
GBPCHFm,2,2,27.0,27.0,259
GBPCHFm,2,3,27.0,27.0,259
GBPCHFm,2,4,27.0,27.0,259
GBPCHFm,2,5,27.0,27.0,259
GBPCHFm,2,6,27.0,27.0,259
GBPCHFm,2,7,27.0,27.0,259
GBPCHFm,2,8,27.0,27.0,259
GBPCHFm,2,9,27.0,27.0,259
GBPCHFm,2,10,27.0,27.0,259
GBPCHFm,2,11,27.0,27.0,259
GBPCHFm,2,12,27.0,27.0,259
GBPCHFm,2,13,27.0,27.0,259
GBPCHFm,2,14,27.0,27.0,259
GBPCHFm,2,15,27.0,27.0,259
GBPCHFm,2,16,27.0,27.0,259
GBPCHFm,2,17,40.0,193.60000000000005,259
GBPCHFm,2,18,66.0,170.40000000000003,259
GBPCHFm,2,19,27.0,27.0,259
GBPCHFm,2,20,27.0,27.0,259
GBPCHFm,2,21,27.0,27.0,259
GBPCHFm,2,22,27.0,27.0,258
GBPCHFm,2,23,27.0,27.0,259
GBPCHFm,3,0,27.0,27.0,259
GBPCHFm,3,1,27.0,27.0,259
GBPCHFm,3,2,27.0,27.0,259
GBPCHFm,3,3,27.0,27.0,259
GBPCHFm,3,4,27.0,27.0,259
GBPCHFm,3,5,27.0,27.0,259
GBPCHFm,3,6,27.0,27.0,259
GBPCHFm,3,7,27.0,27.0,259
GBPCHFm,3,8,27.0,27.0,259
GBPCHFm,3,9,27.0,27.0,259
GBPCHFm,3,10,27.0,27.0,259
GBPCHFm,3,11,27.0,27.0,259
GBPCHFm,3,12,27.0,27.0,259
GBPCHFm,3,13,27.0,27.0,259
GBPCHFm,3,14,27.0,27.0,259
GBPCHFm,3,15,27.0,27.0,259
GBPCHFm,3,16,27.0,27.0,259
GBPCHFm,3,17,40.0,196.0,261
GBPCHFm,3,18,66.0,174.0,261
GBPCHFm,3,19,27.0,27.0,261
GBPCHFm,3,20,27.0,27.0,261
GBPCHFm,3,21,27.0,27.0,261
GBPCHFm,3,22,27.0,27.0,260
GBPCHFm,3,23,27.0,27.0,261
GBPCHFm,4,0,27.0,27.0,261
GBPCHFm,4,1,27.0,27.0,261
GBPCHFm,4,2,27.0,27.0,261
GBPCHFm,4,3,27.0,27.0,261
GBPCHFm,4,4,27.0,27.0,261
GBPCHFm,4,5,27.0,27.0,261
GBPCHFm,4,6,27.0,27.0,261
GBPCHFm,4,7,27.0,27.0,261
GBPCHFm,4,8,27.0,27.0,261
GBPCHFm,4,9,27.0,27.0,261
GBPCHFm,4,10,27.0,27.0,261
GBPCHFm,4,11,27.0,27.0,261
GBPCHFm,4,12,27.0,27.0,261
GBPCHFm,4,13,27.0,27.0,261
GBPCHFm,4,14,27.0,27.0,261
GBPCHFm,4,15,27.0,27.0,259
GBPCHFm,4,16,27.0,27.0,259
GBPCHFm,6,17,199.0,278.20000000000005,259
GBPCHFm,6,18,92.0,196.20000000000002,259
GBPCHFm,6,19,27.0,27.0,259
GBPCHFm,6,20,27.0,27.0,259
GBPCHFm,6,21,27.0,27.0,259
GBPCHFm,6,22,27.0,27.0,259
GBPCHFm,6,23,27.0,27.0,259
GBPJPYm,0,0,22.0,25.0,259
GBPJPYm,0,1,22.0,25.0,259
GBPJPYm,0,2,22.0,25.0,259
GBPJPYm,0,3,22.0,25.0,259
GBPJPYm,0,4,22.0,25.0,259
GBPJPYm,0,5,22.0,25.0,259
GBPJPYm,0,6,22.0,25.0,259
GBPJPYm,0,7,22.0,25.0,259
GBPJPYm,0,8,22.0,25.0,259
GBPJPYm,0,9,22.0,25.0,259
GBPJPYm,0,10,22.0,25.0,259
GBPJPYm,0,11,22.0,25.0,259
GBPJPYm,0,12,22.0,25.0,259
GBPJPYm,0,13,22.0,25.0,259
GBPJPYm,0,14,22.0,25.0,259
GBPJPYm,0,15,22.0,25.0,259
GBPJPYm,0,16,26.0,31.0,259
GBPJPYm,0,17,68.0,88.0,261
GBPJPYm,0,18,76.0,131.0,261
GBPJPYm,0,19,22.0,25.0,261
GBPJPYm,0,20,22.0,25.0,261
GBPJPYm,0,21,22.0,25.0,261
GBPJPYm,0,22,22.0,25.0,260
GBPJPYm,0,23,22.0,25.0,261
GBPJPYm,1,0,22.0,25.0,261
GBPJPYm,1,1,22.0,25.0,261
GBPJPYm,1,2,22.0,25.0,261
GBPJPYm,1,3,22.0,25.0,261
GBPJPYm,1,4,22.0,25.0,261
GBPJPYm,1,5,22.0,25.0,261
GBPJPYm,1,6,22.0,25.0,261
GBPJPYm,1,7,22.0,25.0,261
GBPJPYm,1,8,22.0,25.0,261
GBPJPYm,1,9,22.0,25.0,261
GBPJPYm,1,10,22.0,25.0,261
GBPJPYm,1,11,22.0,25.0,261
GBPJPYm,1,12,22.0,25.0,261
GBPJPYm,1,13,22.0,25.0,261
GBPJPYm,1,14,22.0,25.0,261
GBPJPYm,1,15,22.0,25.0,261
GBPJPYm,1,16,25.0,31.0,261
GBPJPYm,1,17,69.0,94.0,259
GBPJPYm,1,18,76.0,129.0,259
GBPJPYm,1,19,22.0,25.0,258
GBPJPYm,1,20,22.0,25.0,259
GBPJPYm,1,21,22.0,25.0,259
GBPJPYm,1,22,22.0,25.0,258
GBPJPYm,1,23,22.0,25.0,259
GBPJPYm,2,0,22.0,25.0,259
GBPJPYm,2,1,22.0,25.0,259
GBPJPYm,2,2,22.0,25.0,259
GBPJPYm,2,3,22.0,25.0,259
GBPJPYm,2,4,22.0,25.0,259
GBPJPYm,2,5,22.0,25.0,259
GBPJPYm,2,6,22.0,25.0,259
GBPJPYm,2,7,22.0,25.0,259
GBPJPYm,2,8,22.0,25.0,259
GBPJPYm,2,9,22.0,25.0,259
GBPJPYm,2,10,22.0,25.0,259
GBPJPYm,2,11,22.0,25.0,259
GBPJPYm,2,12,22.0,25.0,259
GBPJPYm,2,13,22.0,25.0,259
GBPJPYm,2,14,22.0,25.0,259
GBPJPYm,2,15,22.0,25.0,259
GBPJPYm,2,16,59.0,68.0,259
GBPJPYm,2,17,72.0,96.40000000000003,259
GBPJPYm,2,18,76.0,131.0,259
GBPJPYm,2,19,22.0,25.0,259
GBPJPYm,2,20,22.0,25.0,259
GBPJPYm,2,21,22.0,25.0,259
GBPJPYm,2,22,22.0,25.0,258
GBPJPYm,2,23,22.0,25.0,259
GBPJPYm,3,0,22.0,25.0,259
GBPJPYm,3,1,22.0,25.0,259
GBPJPYm,3,2,22.0,25.0,259
GBPJPYm,3,3,22.0,25.0,259
GBPJPYm,3,4,22.0,25.0,259
GBPJPYm,3,5,22.0,25.0,259
GBPJPYm,3,6,22.0,25.0,259
GBPJPYm,3,7,22.0,25.0,259
GBPJPYm,3,8,22.0,25.0,259
GBPJPYm,3,9,22.0,25.0,259
GBPJPYm,3,10,22.0,25.0,259
GBPJPYm,3,11,22.0,25.0,259
GBPJPYm,3,12,22.0,25.0,259
GBPJPYm,3,13,22.0,25.0,259
GBPJPYm,3,14,22.0,25.0,259
GBPJPYm,3,15,22.0,25.0,259
GBPJPYm,3,16,25.0,31.0,259
GBPJPYm,3,17,68.0,92.0,261
GBPJPYm,3,18,76.0,131.0,261
GBPJPYm,3,19,22.0,25.0,261
GBPJPYm,3,20,22.0,25.0,261
GBPJPYm,3,21,22.0,25.0,261
GBPJPYm,3,22,22.0,25.0,260
GBPJPYm,3,23,22.0,25.0,261
GBPJPYm,4,0,22.0,25.0,261
GBPJPYm,4,1,22.0,25.0,261
GBPJPYm,4,2,22.0,25.0,261
GBPJPYm,4,3,22.0,25.0,261
GBPJPYm,4,4,22.0,25.0,261
GBPJPYm,4,5,22.0,25.0,261
GBPJPYm,4,6,22.0,25.0,261
GBPJPYm,4,7,22.0,25.0,261
GBPJPYm,4,8,22.0,25.0,261
GBPJPYm,4,9,22.0,25.0,261
GBPJPYm,4,10,22.0,25.0,261
GBPJPYm,4,11,22.0,25.0,261
GBPJPYm,4,12,22.0,25.0,261
GBPJPYm,4,13,22.0,25.0,261
GBPJPYm,4,14,22.0,25.0,261
GBPJPYm,4,15,22.0,25.0,259
GBPJPYm,4,16,60.0,68.0,259
GBPJPYm,6,17,96.0,213.20000000000002,259
GBPJPYm,6,18,76.0,139.0,259
GBPJPYm,6,19,22.0,25.0,259
GBPJPYm,6,20,22.0,25.0,259
GBPJPYm,6,21,22.0,25.0,259
GBPJPYm,6,22,22.0,25.0,259
GBPJPYm,6,23,22.0,25.0,259
GBPNZDm,0,0,66.0,66.0,259
GBPNZDm,0,1,66.0,66.0,259
GBPNZDm,0,2,66.0,66.0,259
GBPNZDm,0,3,66.0,66.0,259
GBPNZDm,0,4,66.0,66.0,259
GBPNZDm,0,5,66.0,66.0,259
GBPNZDm,0,6,66.0,66.0,259
GBPNZDm,0,7,66.0,66.0,259
GBPNZDm,0,8,66.0,66.0,259
GBPNZDm,0,9,66.0,66.0,259
GBPNZDm,0,10,66.0,66.0,259
GBPNZDm,0,11,66.0,66.0,259
GBPNZDm,0,12,66.0,66.0,259
GBPNZDm,0,13,66.0,66.0,259
GBPNZDm,0,14,66.0,66.0,259
GBPNZDm,0,15,66.0,66.0,259
GBPNZDm,0,16,66.0,66.0,259
GBPNZDm,0,17,170.0,455.0,261
GBPNZDm,0,18,110.0,200.0,261
GBPNZDm,0,19,66.0,66.0,261
GBPNZDm,0,20,66.0,66.0,261
GBPNZDm,0,21,66.0,66.0,261
GBPNZDm,0,22,66.0,66.0,260
GBPNZDm,0,23,66.0,66.0,261
GBPNZDm,1,0,66.0,66.0,261
GBPNZDm,1,1,66.0,66.0,261
GBPNZDm,1,2,66.0,66.0,261
GBPNZDm,1,3,66.0,66.0,261
GBPNZDm,1,4,66.0,66.0,261
GBPNZDm,1,5,66.0,66.0,261
GBPNZDm,1,6,66.0,66.0,261
GBPNZDm,1,7,66.0,66.0,261
GBPNZDm,1,8,66.0,66.0,261
GBPNZDm,1,9,66.0,66.0,261
GBPNZDm,1,10,66.0,66.0,261
GBPNZDm,1,11,66.0,66.0,261
GBPNZDm,1,12,66.0,66.0,261
GBPNZDm,1,13,66.0,66.0,261
GBPNZDm,1,14,66.0,66.0,261
GBPNZDm,1,15,66.0,66.0,261
GBPNZDm,1,16,66.0,66.0,261
GBPNZDm,1,17,170.0,413.60000000000014,259
GBPNZDm,1,18,110.0,400.0,259
GBPNZDm,1,19,66.0,66.0,258
GBPNZDm,1,20,66.0,66.0,259
GBPNZDm,1,21,66.0,66.0,259
GBPNZDm,1,22,66.0,66.0,258
GBPNZDm,1,23,66.0,66.0,259
GBPNZDm,2,0,66.0,66.0,259
GBPNZDm,2,1,66.0,66.0,259
GBPNZDm,2,2,66.0,66.0,259
GBPNZDm,2,3,66.0,66.0,259
GBPNZDm,2,4,66.0,66.0,259
GBPNZDm,2,5,66.0,66.0,259
GBPNZDm,2,6,66.0,66.0,259
GBPNZDm,2,7,66.0,66.0,259
GBPNZDm,2,8,66.0,66.0,259
GBPNZDm,2,9,66.0,66.0,259
GBPNZDm,2,10,66.0,66.0,259
GBPNZDm,2,11,66.0,66.0,259
GBPNZDm,2,12,66.0,66.0,259
GBPNZDm,2,13,66.0,66.0,259
GBPNZDm,2,14,66.0,66.0,259
GBPNZDm,2,15,66.0,66.0,259
GBPNZDm,2,16,66.0,66.0,259
GBPNZDm,2,17,170.0,429.4000000000001,259
GBPNZDm,2,18,110.0,200.0,259
GBPNZDm,2,19,66.0,66.0,259
GBPNZDm,2,20,66.0,66.0,259
GBPNZDm,2,21,66.0,66.0,259
GBPNZDm,2,22,66.0,66.0,258
GBPNZDm,2,23,66.0,66.0,259
GBPNZDm,3,0,66.0,66.0,259
GBPNZDm,3,1,66.0,66.0,259
GBPNZDm,3,2,66.0,66.0,259
GBPNZDm,3,3,66.0,66.0,259
GBPNZDm,3,4,66.0,66.0,259
GBPNZDm,3,5,66.0,66.0,259
GBPNZDm,3,6,66.0,66.0,259
GBPNZDm,3,7,66.0,66.0,259
GBPNZDm,3,8,66.0,66.0,259
GBPNZDm,3,9,66.0,66.0,259
GBPNZDm,3,10,66.0,66.0,259
GBPNZDm,3,11,66.0,66.0,259
GBPNZDm,3,12,66.0,66.0,259
GBPNZDm,3,13,66.0,66.0,259
GBPNZDm,3,14,66.0,66.0,259
GBPNZDm,3,15,66.0,66.0,259
GBPNZDm,3,16,66.0,66.0,259
GBPNZDm,3,17,170.0,430.0,261
GBPNZDm,3,18,110.0,200.0,261
GBPNZDm,3,19,66.0,66.0,261
GBPNZDm,3,20,66.0,66.0,261
GBPNZDm,3,21,66.0,66.0,261
GBPNZDm,3,22,66.0,66.0,260
GBPNZDm,3,23,66.0,66.0,261
GBPNZDm,4,0,66.0,66.0,261
GBPNZDm,4,1,66.0,66.0,261
GBPNZDm,4,2,66.0,66.0,261
GBPNZDm,4,3,66.0,66.0,261
GBPNZDm,4,4,66.0,66.0,261
GBPNZDm,4,5,66.0,66.0,261
GBPNZDm,4,6,66.0,66.0,261
GBPNZDm,4,7,66.0,66.0,261
GBPNZDm,4,8,66.0,66.0,261
GBPNZDm,4,9,66.0,66.0,261
GBPNZDm,4,10,66.0,66.0,261
GBPNZDm,4,11,66.0,66.0,261
GBPNZDm,4,12,66.0,66.0,261
GBPNZDm,4,13,66.0,66.0,261
GBPNZDm,4,14,66.0,66.0,261
GBPNZDm,4,15,66.0,66.0,259
GBPNZDm,4,16,66.0,66.0,259
GBPNZDm,6,17,350.0,678.8000000000001,259
GBPNZDm,6,18,110.0,400.0,259
GBPNZDm,6,19,66.0,66.0,259
GBPNZDm,6,20,66.0,66.0,259
GBPNZDm,6,21,66.0,66.0,259
GBPNZDm,6,22,66.0,66.0,259
GBPNZDm,6,23,66.0,66.0,259
GBPUSDm,0,0,10.0,12.0,259
GBPUSDm,0,1,10.0,12.0,259
GBPUSDm,0,2,10.0,12.0,259
GBPUSDm,0,3,10.0,12.0,259
GBPUSDm,0,4,10.0,12.0,259
GBPUSDm,0,5,10.0,12.0,259
GBPUSDm,0,6,10.0,12.0,259
GBPUSDm,0,7,10.0,12.0,259
GBPUSDm,0,8,10.0,12.0,259
GBPUSDm,0,9,10.0,12.0,259
GBPUSDm,0,10,10.0,12.0,259
GBPUSDm,0,11,10.0,12.0,259
GBPUSDm,0,12,10.0,12.0,259
GBPUSDm,0,13,10.0,12.0,259
GBPUSDm,0,14,10.0,12.0,259
GBPUSDm,0,15,10.0,12.0,259
GBPUSDm,0,16,8.0,12.0,259
GBPUSDm,0,17,32.0,73.0,261
GBPUSDm,0,18,12.0,19.0,261
GBPUSDm,0,19,12.0,12.0,261
GBPUSDm,0,20,10.0,12.0,261
GBPUSDm,0,21,10.0,12.0,261
GBPUSDm,0,22,10.0,12.0,260
GBPUSDm,0,23,10.0,12.0,261
GBPUSDm,1,0,10.0,12.0,261
GBPUSDm,1,1,10.0,12.0,261
GBPUSDm,1,2,10.0,12.0,261
GBPUSDm,1,3,10.0,12.0,261
GBPUSDm,1,4,10.0,12.0,261
GBPUSDm,1,5,10.0,12.0,261
GBPUSDm,1,6,10.0,12.0,261
GBPUSDm,1,7,10.0,12.0,261
GBPUSDm,1,8,10.0,12.0,261
GBPUSDm,1,9,8.0,12.0,261
GBPUSDm,1,10,10.0,12.0,261
GBPUSDm,1,11,10.0,12.0,261
GBPUSDm,1,12,10.0,12.0,261
GBPUSDm,1,13,10.0,12.0,261
GBPUSDm,1,14,10.0,12.0,261
GBPUSDm,1,15,10.0,12.0,261
GBPUSDm,1,16,8.0,12.0,261
GBPUSDm,1,17,32.0,69.40000000000003,259
GBPUSDm,1,18,12.0,23.600000000000136,259
GBPUSDm,1,19,12.0,12.0,259
GBPUSDm,1,20,10.0,12.0,259
GBPUSDm,1,21,10.0,12.0,259
GBPUSDm,1,22,10.0,12.0,258
GBPUSDm,1,23,10.0,12.0,259
GBPUSDm,2,0,10.0,12.0,259
GBPUSDm,2,1,10.0,12.0,259
GBPUSDm,2,2,10.0,12.0,259
GBPUSDm,2,3,10.0,12.0,259
GBPUSDm,2,4,10.0,12.0,259
GBPUSDm,2,5,10.0,12.0,259
GBPUSDm,2,6,10.0,12.0,259
GBPUSDm,2,7,10.0,12.0,259
GBPUSDm,2,8,8.0,12.0,259
GBPUSDm,2,9,10.0,12.0,259
GBPUSDm,2,10,10.0,12.0,259
GBPUSDm,2,11,10.0,12.0,259
GBPUSDm,2,12,10.0,12.0,259
GBPUSDm,2,13,10.0,12.0,259
GBPUSDm,2,14,10.0,12.0,259
GBPUSDm,2,15,10.0,12.0,259
GBPUSDm,2,16,8.0,12.0,259
GBPUSDm,2,17,35.0,71.0,259
GBPUSDm,2,18,12.0,26.200000000000188,259
GBPUSDm,2,19,12.0,12.0,259
GBPUSDm,2,20,10.0,12.0,259
GBPUSDm,2,21,10.0,12.0,259
GBPUSDm,2,22,10.0,12.0,258
GBPUSDm,2,23,10.0,12.0,259
GBPUSDm,3,0,10.0,12.0,259
GBPUSDm,3,1,10.0,12.0,259
GBPUSDm,3,2,10.0,12.0,259
GBPUSDm,3,3,10.0,12.0,259
GBPUSDm,3,4,10.0,12.0,259
GBPUSDm,3,5,10.0,12.0,259
GBPUSDm,3,6,10.0,12.0,259
GBPUSDm,3,7,10.0,12.0,259
GBPUSDm,3,8,8.0,12.0,259
GBPUSDm,3,9,10.0,12.0,259
GBPUSDm,3,10,10.0,12.0,259
GBPUSDm,3,11,10.0,12.0,259
GBPUSDm,3,12,10.0,12.0,259
GBPUSDm,3,13,10.0,12.0,259
GBPUSDm,3,14,10.0,12.0,259
GBPUSDm,3,15,10.0,12.0,259
GBPUSDm,3,16,8.0,12.0,259
GBPUSDm,3,17,33.0,71.0,261
GBPUSDm,3,18,12.0,24.0,261
GBPUSDm,3,19,12.0,12.0,261
GBPUSDm,3,20,10.0,12.0,261
GBPUSDm,3,21,10.0,12.0,261
GBPUSDm,3,22,10.0,12.0,260
GBPUSDm,3,23,10.0,12.0,261
GBPUSDm,4,0,10.0,12.0,261
GBPUSDm,4,1,10.0,12.0,261
GBPUSDm,4,2,10.0,12.0,261
GBPUSDm,4,3,10.0,12.0,261
GBPUSDm,4,4,10.0,12.0,261
GBPUSDm,4,5,10.0,12.0,261
GBPUSDm,4,6,10.0,12.0,261
GBPUSDm,4,7,10.0,12.0,261
GBPUSDm,4,8,8.0,12.0,261
GBPUSDm,4,9,10.0,12.0,261
GBPUSDm,4,10,10.0,12.0,261
GBPUSDm,4,11,10.0,12.0,261
GBPUSDm,4,12,10.0,12.0,261
GBPUSDm,4,13,10.0,12.0,261
GBPUSDm,4,14,10.0,12.0,261
GBPUSDm,4,15,10.0,12.0,259
GBPUSDm,4,16,10.0,12.0,259
GBPUSDm,6,17,82.0,152.0,259
GBPUSDm,6,18,12.0,40.0,259
GBPUSDm,6,19,12.0,12.0,259
GBPUSDm,6,20,10.0,12.0,259
GBPUSDm,6,21,10.0,12.0,259
GBPUSDm,6,22,10.0,12.0,259
GBPUSDm,6,23,10.0,12.0,259
NZDCADm,0,0,21.0,21.0,259
NZDCADm,0,1,13.0,13.0,259
NZDCADm,0,2,13.0,13.0,259
NZDCADm,0,3,13.0,13.0,259
NZDCADm,0,4,13.0,13.0,259
NZDCADm,0,5,13.0,13.0,259
NZDCADm,0,6,13.0,13.0,259
NZDCADm,0,7,13.0,13.0,259
NZDCADm,0,8,13.0,13.0,259
NZDCADm,0,9,13.0,13.0,259
NZDCADm,0,10,13.0,13.0,259
NZDCADm,0,11,13.0,13.0,259
NZDCADm,0,12,13.0,13.0,259
NZDCADm,0,13,13.0,18.0,259
NZDCADm,0,14,13.0,18.0,259
NZDCADm,0,15,13.0,18.0,259
NZDCADm,0,16,13.0,13.0,259
NZDCADm,0,17,26.0,109.0,261
NZDCADm,0,18,52.0,67.0,261
NZDCADm,0,19,21.0,21.0,261
NZDCADm,0,20,21.0,21.0,261
NZDCADm,0,21,21.0,21.0,261
NZDCADm,0,22,21.0,21.0,260
NZDCADm,0,23,21.0,21.0,261
NZDCADm,1,0,21.0,21.0,261
NZDCADm,1,1,13.0,13.0,261
NZDCADm,1,2,13.0,13.0,261
NZDCADm,1,3,13.0,13.0,261
NZDCADm,1,4,13.0,13.0,261
NZDCADm,1,5,13.0,13.0,261
NZDCADm,1,6,13.0,13.0,261
NZDCADm,1,7,13.0,13.0,261
NZDCADm,1,8,13.0,13.0,261
NZDCADm,1,9,13.0,13.0,261
NZDCADm,1,10,13.0,13.0,261
NZDCADm,1,11,13.0,13.0,261
NZDCADm,1,12,13.0,13.0,261
NZDCADm,1,13,13.0,13.0,261
NZDCADm,1,14,13.0,13.0,261
NZDCADm,1,15,13.0,13.0,261
NZDCADm,1,16,13.0,13.0,261
NZDCADm,1,17,28.0,104.20000000000002,259
NZDCADm,1,18,52.0,65.20000000000002,259
NZDCADm,1,19,21.0,21.0,258
NZDCADm,1,20,21.0,21.0,259
NZDCADm,1,21,21.0,21.0,259
NZDCADm,1,22,21.0,21.0,258
NZDCADm,1,23,21.0,21.0,259
NZDCADm,2,0,21.0,21.0,259
NZDCADm,2,1,13.0,13.0,259
NZDCADm,2,2,13.0,13.0,259
NZDCADm,2,3,13.0,13.0,259
NZDCADm,2,4,13.0,13.0,259
NZDCADm,2,5,13.0,13.0,259
NZDCADm,2,6,13.0,13.0,259
NZDCADm,2,7,13.0,13.0,259
NZDCADm,2,8,13.0,13.0,259
NZDCADm,2,9,13.0,13.0,259
NZDCADm,2,10,13.0,13.0,259
NZDCADm,2,11,13.0,13.0,259
NZDCADm,2,12,13.0,13.0,259
NZDCADm,2,13,13.0,13.0,259
NZDCADm,2,14,13.0,13.0,259
NZDCADm,2,15,13.0,13.0,259
NZDCADm,2,16,13.0,13.0,259
NZDCADm,2,17,32.0,100.0,259
NZDCADm,2,18,52.0,52.0,259
NZDCADm,2,19,21.0,21.0,259
NZDCADm,2,20,21.0,21.0,259
NZDCADm,2,21,21.0,21.0,259
NZDCADm,2,22,21.0,21.0,258
NZDCADm,2,23,21.0,21.0,259
NZDCADm,3,0,21.0,21.0,259
NZDCADm,3,1,13.0,13.0,259
NZDCADm,3,2,13.0,13.0,259
NZDCADm,3,3,13.0,13.0,259
NZDCADm,3,4,13.0,13.0,259
NZDCADm,3,5,13.0,13.0,259
NZDCADm,3,6,13.0,13.0,259
NZDCADm,3,7,13.0,13.0,259
NZDCADm,3,8,13.0,13.0,259
NZDCADm,3,9,13.0,13.0,259
NZDCADm,3,10,13.0,13.0,259
NZDCADm,3,11,13.0,13.0,259
NZDCADm,3,12,13.0,13.0,259
NZDCADm,3,13,13.0,13.0,259
NZDCADm,3,14,13.0,13.0,259
NZDCADm,3,15,13.0,13.0,259
NZDCADm,3,16,13.0,13.0,259
NZDCADm,3,17,28.0,108.0,261
NZDCADm,3,18,52.0,65.0,261
NZDCADm,3,19,21.0,21.0,261
NZDCADm,3,20,21.0,21.0,261
NZDCADm,3,21,21.0,21.0,261
NZDCADm,3,22,21.0,21.0,260
NZDCADm,3,23,21.0,21.0,261
NZDCADm,4,0,21.0,21.0,261
NZDCADm,4,1,13.0,18.0,261
NZDCADm,4,2,13.0,13.0,261
NZDCADm,4,3,13.0,13.0,261
NZDCADm,4,4,13.0,13.0,261
NZDCADm,4,5,13.0,13.0,261
NZDCADm,4,6,13.0,13.0,261
NZDCADm,4,7,13.0,13.0,261
NZDCADm,4,8,13.0,13.0,261
NZDCADm,4,9,13.0,13.0,261
NZDCADm,4,10,13.0,13.0,261
NZDCADm,4,11,13.0,13.0,261
NZDCADm,4,12,13.0,13.0,261
NZDCADm,4,13,13.0,18.0,261
NZDCADm,4,14,13.0,18.0,261
NZDCADm,4,15,13.0,18.0,259
NZDCADm,4,16,13.0,18.0,259
NZDCADm,6,17,123.0,163.0,259
NZDCADm,6,18,66.0,86.0,259
NZDCADm,6,19,21.0,21.0,259
NZDCADm,6,20,21.0,21.0,259
NZDCADm,6,21,21.0,21.0,259
NZDCADm,6,22,21.0,21.0,259
NZDCADm,6,23,21.0,21.0,259
NZDJPYm,0,0,43.0,43.0,259
NZDJPYm,0,1,43.0,43.0,259
NZDJPYm,0,2,43.0,43.0,259
NZDJPYm,0,3,43.0,43.0,259
NZDJPYm,0,4,43.0,43.0,259
NZDJPYm,0,5,43.0,43.0,259
NZDJPYm,0,6,43.0,43.0,259
NZDJPYm,0,7,43.0,43.0,259
NZDJPYm,0,8,43.0,43.0,259
NZDJPYm,0,9,43.0,43.0,259
NZDJPYm,0,10,43.0,43.0,259
NZDJPYm,0,11,43.0,43.0,259
NZDJPYm,0,12,38.0,43.0,259
NZDJPYm,0,13,43.0,43.0,259
NZDJPYm,0,14,43.0,43.0,259
NZDJPYm,0,15,43.0,43.0,259
NZDJPYm,0,16,43.0,43.0,259
NZDJPYm,0,17,97.0,126.0,261
NZDJPYm,0,18,97.0,117.0,261
NZDJPYm,0,19,43.0,43.0,261
NZDJPYm,0,20,43.0,43.0,261
NZDJPYm,0,21,43.0,43.0,261
NZDJPYm,0,22,43.0,43.0,260
NZDJPYm,0,23,43.0,43.0,261
NZDJPYm,1,0,43.0,43.0,261
NZDJPYm,1,1,43.0,43.0,261
NZDJPYm,1,2,43.0,43.0,261
NZDJPYm,1,3,43.0,43.0,261
NZDJPYm,1,4,43.0,43.0,261
NZDJPYm,1,5,43.0,43.0,261
NZDJPYm,1,6,43.0,43.0,261
NZDJPYm,1,7,43.0,43.0,261
NZDJPYm,1,8,43.0,43.0,261
NZDJPYm,1,9,43.0,43.0,261
NZDJPYm,1,10,43.0,43.0,261
NZDJPYm,1,11,43.0,43.0,261
NZDJPYm,1,12,37.0,43.0,261
NZDJPYm,1,13,37.0,43.0,261
NZDJPYm,1,14,36.0,43.0,261
NZDJPYm,1,15,43.0,43.0,261
NZDJPYm,1,16,43.0,43.0,261
NZDJPYm,1,17,98.0,120.0,259
NZDJPYm,1,18,96.0,117.0,259
NZDJPYm,1,19,43.0,43.0,258
NZDJPYm,1,20,43.0,43.0,259
NZDJPYm,1,21,43.0,43.0,259
NZDJPYm,1,22,43.0,43.0,258
NZDJPYm,1,23,43.0,43.0,259
NZDJPYm,2,0,43.0,43.0,259
NZDJPYm,2,1,43.0,43.0,259
NZDJPYm,2,2,43.0,43.0,259
NZDJPYm,2,3,43.0,43.0,259
NZDJPYm,2,4,43.0,43.0,259
NZDJPYm,2,5,43.0,43.0,259
NZDJPYm,2,6,43.0,43.0,259
NZDJPYm,2,7,43.0,43.0,259
NZDJPYm,2,8,43.0,43.0,259
NZDJPYm,2,9,43.0,43.0,259
NZDJPYm,2,10,43.0,43.0,259
NZDJPYm,2,11,43.0,43.0,259
NZDJPYm,2,12,37.0,43.0,259
NZDJPYm,2,13,40.0,43.0,259
NZDJPYm,2,14,39.0,43.0,259
NZDJPYm,2,15,43.0,43.0,259
NZDJPYm,2,16,43.0,43.0,259
NZDJPYm,2,17,99.0,123.0,259
NZDJPYm,2,18,96.0,116.20000000000002,259
NZDJPYm,2,19,43.0,43.0,259
NZDJPYm,2,20,43.0,43.0,259
NZDJPYm,2,21,43.0,43.0,259
NZDJPYm,2,22,43.0,43.0,258
NZDJPYm,2,23,43.0,43.0,259
NZDJPYm,3,0,43.0,43.0,259
NZDJPYm,3,1,43.0,43.0,259
NZDJPYm,3,2,43.0,43.0,259
NZDJPYm,3,3,43.0,43.0,259
NZDJPYm,3,4,43.0,43.0,259
NZDJPYm,3,5,43.0,43.0,259
NZDJPYm,3,6,43.0,43.0,259
NZDJPYm,3,7,43.0,43.0,259
NZDJPYm,3,8,43.0,43.0,259
NZDJPYm,3,9,43.0,43.0,259
NZDJPYm,3,10,43.0,43.0,259
NZDJPYm,3,11,43.0,43.0,259
NZDJPYm,3,12,37.0,43.0,259
NZDJPYm,3,13,37.0,43.0,259
NZDJPYm,3,14,36.0,43.0,259
NZDJPYm,3,15,40.0,43.0,259
NZDJPYm,3,16,43.0,43.0,259
NZDJPYm,3,17,98.0,125.0,261
NZDJPYm,3,18,96.0,117.0,261
NZDJPYm,3,19,43.0,43.0,261
NZDJPYm,3,20,43.0,43.0,261
NZDJPYm,3,21,43.0,43.0,261
NZDJPYm,3,22,43.0,43.0,260
NZDJPYm,3,23,43.0,43.0,261
NZDJPYm,4,0,43.0,43.0,261
NZDJPYm,4,1,43.0,43.0,261
NZDJPYm,4,2,43.0,43.0,261
NZDJPYm,4,3,43.0,43.0,261
NZDJPYm,4,4,43.0,43.0,261
NZDJPYm,4,5,43.0,43.0,261
NZDJPYm,4,6,43.0,43.0,261
NZDJPYm,4,7,43.0,43.0,261
NZDJPYm,4,8,43.0,43.0,261
NZDJPYm,4,9,43.0,43.0,261
NZDJPYm,4,10,43.0,43.0,261
NZDJPYm,4,11,43.0,43.0,261
NZDJPYm,4,12,38.0,43.0,261
NZDJPYm,4,13,43.0,43.0,261
NZDJPYm,4,14,38.0,43.0,261
NZDJPYm,4,15,43.0,43.0,259
NZDJPYm,4,16,43.0,43.0,259
NZDJPYm,6,17,142.0,189.80000000000007,259
NZDJPYm,6,18,105.0,129.20000000000002,259
NZDJPYm,6,19,43.0,43.0,259
NZDJPYm,6,20,43.0,43.0,259
NZDJPYm,6,21,43.0,43.0,259
NZDJPYm,6,22,43.0,43.0,259
NZDJPYm,6,23,43.0,43.0,259
USDCADm,0,0,14.0,22.0,259
USDCADm,0,1,14.0,22.0,259
USDCADm,0,2,14.0,22.0,259
USDCADm,0,3,14.0,22.0,259
USDCADm,0,4,14.0,22.0,259
USDCADm,0,5,14.0,22.0,259
USDCADm,0,6,14.0,22.0,259
USDCADm,0,7,14.0,22.0,259
USDCADm,0,8,14.0,22.0,259
USDCADm,0,9,14.0,22.0,259
USDCADm,0,10,14.0,22.0,259
USDCADm,0,11,14.0,22.0,259
USDCADm,0,12,14.0,22.0,259
USDCADm,0,13,14.0,22.0,259
USDCADm,0,14,14.0,22.0,259
USDCADm,0,15,14.0,22.0,259
USDCADm,0,16,14.0,22.0,259
USDCADm,0,17,26.0,62.0,261
USDCADm,0,18,21.0,40.0,261
USDCADm,0,19,21.0,22.0,261
USDCADm,0,20,14.0,22.0,261
USDCADm,0,21,14.0,22.0,261
USDCADm,0,22,14.0,22.0,260
USDCADm,0,23,14.0,22.0,261
USDCADm,1,0,14.0,22.0,261
USDCADm,1,1,14.0,22.0,261
USDCADm,1,2,14.0,22.0,261
USDCADm,1,3,14.0,22.0,261
USDCADm,1,4,14.0,22.0,261
USDCADm,1,5,14.0,22.0,261
USDCADm,1,6,14.0,22.0,261
USDCADm,1,7,14.0,22.0,261
USDCADm,1,8,14.0,22.0,261
USDCADm,1,9,14.0,22.0,261
USDCADm,1,10,14.0,22.0,261
USDCADm,1,11,14.0,22.0,261
USDCADm,1,12,14.0,22.0,261
USDCADm,1,13,14.0,22.0,261
USDCADm,1,14,14.0,22.0,261
USDCADm,1,15,14.0,22.0,261
USDCADm,1,16,14.0,22.0,261
USDCADm,1,17,25.0,65.0,259
USDCADm,1,18,21.0,40.0,259
USDCADm,1,19,21.0,22.0,258
USDCADm,1,20,14.0,22.0,259
USDCADm,1,21,14.0,22.0,259
USDCADm,1,22,14.0,22.0,258
USDCADm,1,23,14.0,22.0,259
USDCADm,2,0,14.0,22.0,259
USDCADm,2,1,14.0,22.0,259
USDCADm,2,2,14.0,22.0,259
USDCADm,2,3,14.0,22.0,259
USDCADm,2,4,14.0,22.0,259
USDCADm,2,5,14.0,22.0,259
USDCADm,2,6,14.0,22.0,259
USDCADm,2,7,14.0,22.0,259
USDCADm,2,8,14.0,22.0,259
USDCADm,2,9,14.0,22.0,259
USDCADm,2,10,14.0,22.0,259
USDCADm,2,11,14.0,22.0,259
USDCADm,2,12,14.0,22.0,259
USDCADm,2,13,14.0,22.0,259
USDCADm,2,14,14.0,22.0,259
USDCADm,2,15,14.0,22.0,259
USDCADm,2,16,14.0,22.0,259
USDCADm,2,17,28.0,62.0,259
USDCADm,2,18,21.0,40.0,259
USDCADm,2,19,21.0,22.0,259
USDCADm,2,20,14.0,22.0,259
USDCADm,2,21,14.0,22.0,259
USDCADm,2,22,14.0,22.0,258
USDCADm,2,23,14.0,22.0,259
USDCADm,3,0,14.0,22.0,259
USDCADm,3,1,14.0,22.0,259
USDCADm,3,2,14.0,22.0,259
USDCADm,3,3,14.0,22.0,259
USDCADm,3,4,14.0,22.0,259
USDCADm,3,5,14.0,22.0,259
USDCADm,3,6,14.0,22.0,259
USDCADm,3,7,14.0,22.0,259
USDCADm,3,8,14.0,22.0,259
USDCADm,3,9,14.0,22.0,259
USDCADm,3,10,14.0,22.0,259
USDCADm,3,11,14.0,22.0,259
USDCADm,3,12,14.0,22.0,259
USDCADm,3,13,14.0,22.0,259
USDCADm,3,14,14.0,22.0,259
USDCADm,3,15,14.0,22.0,259
USDCADm,3,16,14.0,22.0,259
USDCADm,3,17,28.0,63.0,261
USDCADm,3,18,21.0,40.0,261
USDCADm,3,19,21.0,22.0,261
USDCADm,3,20,14.0,22.0,261
USDCADm,3,21,14.0,22.0,261
USDCADm,3,22,14.0,22.0,260
USDCADm,3,23,14.0,22.0,261
USDCADm,4,0,14.0,22.0,261
USDCADm,4,1,14.0,22.0,261
USDCADm,4,2,14.0,22.0,261
USDCADm,4,3,14.0,22.0,261
USDCADm,4,4,14.0,22.0,261
USDCADm,4,5,14.0,22.0,261
USDCADm,4,6,14.0,22.0,261
USDCADm,4,7,14.0,22.0,261
USDCADm,4,8,14.0,22.0,261
USDCADm,4,9,14.0,22.0,261
USDCADm,4,10,14.0,22.0,261
USDCADm,4,11,14.0,22.0,261
USDCADm,4,12,14.0,22.0,261
USDCADm,4,13,14.0,22.0,261
USDCADm,4,14,14.0,22.0,261
USDCADm,4,15,14.0,22.0,259
USDCADm,4,16,14.0,22.0,259
USDCADm,6,17,68.0,123.80000000000007,259
USDCADm,6,18,22.0,40.0,259
USDCADm,6,19,21.0,22.0,259
USDCADm,6,20,14.0,22.0,259
USDCADm,6,21,14.0,22.0,259
USDCADm,6,22,14.0,22.0,259
USDCADm,6,23,14.0,22.0,259
USDCHFm,0,0,12.0,14.0,259
USDCHFm,0,1,12.0,14.0,259
USDCHFm,0,2,12.0,14.0,259
USDCHFm,0,3,12.0,14.0,259
USDCHFm,0,4,12.0,14.0,259
USDCHFm,0,5,12.0,14.0,259
USDCHFm,0,6,12.0,14.0,259
USDCHFm,0,7,12.0,14.0,259
USDCHFm,0,8,12.0,14.0,259
USDCHFm,0,9,12.0,14.0,259
USDCHFm,0,10,12.0,14.0,259
USDCHFm,0,11,12.0,14.0,259
USDCHFm,0,12,12.0,14.0,259
USDCHFm,0,13,12.0,14.0,259
USDCHFm,0,14,12.0,14.0,259
USDCHFm,0,15,12.0,14.0,259
USDCHFm,0,16,10.0,13.0,259
USDCHFm,0,17,22.0,100.0,261
USDCHFm,0,18,14.0,15.0,261
USDCHFm,0,19,14.0,15.0,261
USDCHFm,0,20,12.0,14.0,261
USDCHFm,0,21,12.0,14.0,261
USDCHFm,0,22,12.0,14.0,260
USDCHFm,0,23,12.0,14.0,261
USDCHFm,1,0,12.0,14.0,261
USDCHFm,1,1,12.0,14.0,261
USDCHFm,1,2,12.0,14.0,261
USDCHFm,1,3,12.0,14.0,261
USDCHFm,1,4,12.0,14.0,261
USDCHFm,1,5,12.0,14.0,261
USDCHFm,1,6,12.0,14.0,261
USDCHFm,1,7,12.0,14.0,261
USDCHFm,1,8,12.0,14.0,261
USDCHFm,1,9,12.0,14.0,261
USDCHFm,1,10,12.0,14.0,261
USDCHFm,1,11,12.0,14.0,261
USDCHFm,1,12,12.0,14.0,261
USDCHFm,1,13,12.0,14.0,261
USDCHFm,1,14,12.0,14.0,261
USDCHFm,1,15,12.0,14.0,261
USDCHFm,1,16,10.0,13.0,261
USDCHFm,1,17,22.0,100.0,259
USDCHFm,1,18,14.0,15.0,259
USDCHFm,1,19,14.0,15.0,258
USDCHFm,1,20,12.0,14.0,259
USDCHFm,1,21,12.0,14.0,259
USDCHFm,1,22,12.0,14.0,258
USDCHFm,1,23,12.0,14.0,259
USDCHFm,2,0,12.0,14.0,259
USDCHFm,2,1,12.0,14.0,259
USDCHFm,2,2,12.0,14.0,259
USDCHFm,2,3,12.0,14.0,259
USDCHFm,2,4,12.0,14.0,259
USDCHFm,2,5,12.0,14.0,259
USDCHFm,2,6,12.0,14.0,259
USDCHFm,2,7,12.0,14.0,259
USDCHFm,2,8,12.0,14.0,259
USDCHFm,2,9,12.0,14.0,259
USDCHFm,2,10,12.0,14.0,259
USDCHFm,2,11,12.0,14.0,259
USDCHFm,2,12,12.0,14.0,259
USDCHFm,2,13,12.0,14.0,259
USDCHFm,2,14,12.0,14.0,259
USDCHFm,2,15,12.0,14.0,259
USDCHFm,2,16,10.0,13.0,259
USDCHFm,2,17,22.0,100.0,259
USDCHFm,2,18,14.0,22.60000000000005,259
USDCHFm,2,19,14.0,15.0,259
USDCHFm,2,20,12.0,14.0,259
USDCHFm,2,21,12.0,14.0,259
USDCHFm,2,22,12.0,14.0,258
USDCHFm,2,23,12.0,14.0,259
USDCHFm,3,0,12.0,14.0,259
USDCHFm,3,1,12.0,14.0,259
USDCHFm,3,2,12.0,14.0,259
USDCHFm,3,3,12.0,14.0,259
USDCHFm,3,4,12.0,14.0,259
USDCHFm,3,5,12.0,14.0,259
USDCHFm,3,6,12.0,14.0,259
USDCHFm,3,7,12.0,14.0,259
USDCHFm,3,8,12.0,14.0,259
USDCHFm,3,9,12.0,14.0,259
USDCHFm,3,10,12.0,14.0,259
USDCHFm,3,11,12.0,14.0,259
USDCHFm,3,12,12.0,14.0,259
USDCHFm,3,13,12.0,14.0,259
USDCHFm,3,14,12.0,14.0,259
USDCHFm,3,15,12.0,14.0,259
USDCHFm,3,16,10.0,13.0,259
USDCHFm,3,17,24.0,100.0,261
USDCHFm,3,18,14.0,48.0,261
USDCHFm,3,19,14.0,15.0,261
USDCHFm,3,20,12.0,14.0,261
USDCHFm,3,21,12.0,14.0,261
USDCHFm,3,22,12.0,14.0,260
USDCHFm,3,23,12.0,14.0,261
USDCHFm,4,0,12.0,14.0,261
USDCHFm,4,1,12.0,14.0,261
USDCHFm,4,2,12.0,14.0,261
USDCHFm,4,3,12.0,14.0,261
USDCHFm,4,4,12.0,14.0,261
USDCHFm,4,5,12.0,14.0,261
USDCHFm,4,6,12.0,14.0,261
USDCHFm,4,7,12.0,14.0,261
USDCHFm,4,8,12.0,14.0,261
USDCHFm,4,9,12.0,14.0,261
USDCHFm,4,10,12.0,14.0,261
USDCHFm,4,11,12.0,14.0,261
USDCHFm,4,12,12.0,14.0,261
USDCHFm,4,13,12.0,14.0,261
USDCHFm,4,14,12.0,14.0,261
USDCHFm,4,15,12.0,14.0,259
USDCHFm,4,16,12.0,14.0,259
USDCHFm,6,17,108.0,192.3,258
USDCHFm,6,18,14.0,80.0,259
USDCHFm,6,19,14.0,15.0,259
USDCHFm,6,20,12.0,14.0,259
USDCHFm,6,21,12.0,14.0,259
USDCHFm,6,22,12.0,14.0,259
USDCHFm,6,23,12.0,14.0,259
USDJPYm,0,0,10.0,11.0,259
USDJPYm,0,1,10.0,11.0,259
USDJPYm,0,2,10.0,11.0,259
USDJPYm,0,3,10.0,11.0,259
USDJPYm,0,4,10.0,11.0,259
USDJPYm,0,5,10.0,11.0,259
USDJPYm,0,6,10.0,11.0,259
USDJPYm,0,7,10.0,11.0,259
USDJPYm,0,8,10.0,11.0,259
USDJPYm,0,9,10.0,11.0,259
USDJPYm,0,10,10.0,11.0,259
USDJPYm,0,11,10.0,11.0,259
USDJPYm,0,12,10.0,11.0,259
USDJPYm,0,13,10.0,11.0,259
USDJPYm,0,14,10.0,11.0,259
USDJPYm,0,15,10.0,11.0,259
USDJPYm,0,16,11.0,43.0,259
USDJPYm,0,17,38.0,43.0,261
USDJPYm,0,18,43.0,69.0,261
USDJPYm,0,19,11.0,11.0,261
USDJPYm,0,20,10.0,11.0,261
USDJPYm,0,21,10.0,11.0,261
USDJPYm,0,22,10.0,11.0,260
USDJPYm,0,23,10.0,11.0,261
USDJPYm,1,0,10.0,11.0,261
USDJPYm,1,1,10.0,11.0,261
USDJPYm,1,2,10.0,11.0,261
USDJPYm,1,3,10.0,11.0,261
USDJPYm,1,4,10.0,11.0,261
USDJPYm,1,5,10.0,11.0,261
USDJPYm,1,6,10.0,11.0,261
USDJPYm,1,7,10.0,11.0,261
USDJPYm,1,8,10.0,11.0,261
USDJPYm,1,9,10.0,11.0,261
USDJPYm,1,10,10.0,11.0,261
USDJPYm,1,11,10.0,11.0,261
USDJPYm,1,12,10.0,11.0,261
USDJPYm,1,13,10.0,11.0,261
USDJPYm,1,14,10.0,11.0,261
USDJPYm,1,15,10.0,11.0,261
USDJPYm,1,16,11.0,43.0,261
USDJPYm,1,17,38.0,43.0,259
USDJPYm,1,18,43.0,69.0,259
USDJPYm,1,19,11.0,11.0,258
USDJPYm,1,20,10.0,11.0,259
USDJPYm,1,21,10.0,11.0,259
USDJPYm,1,22,10.0,11.0,258
USDJPYm,1,23,10.0,11.0,259
USDJPYm,2,0,10.0,11.0,259
USDJPYm,2,1,10.0,11.0,259
USDJPYm,2,2,10.0,11.0,259
USDJPYm,2,3,10.0,11.0,259
USDJPYm,2,4,10.0,11.0,259
USDJPYm,2,5,10.0,11.0,259
USDJPYm,2,6,10.0,11.0,259
USDJPYm,2,7,10.0,11.0,259
USDJPYm,2,8,10.0,11.0,259
USDJPYm,2,9,10.0,11.0,259
USDJPYm,2,10,10.0,11.0,259
USDJPYm,2,11,10.0,11.0,259
USDJPYm,2,12,10.0,11.0,259
USDJPYm,2,13,10.0,11.0,259
USDJPYm,2,14,10.0,11.0,259
USDJPYm,2,15,10.0,11.0,259
USDJPYm,2,16,11.0,43.0,259
USDJPYm,2,17,43.0,146.0,259
USDJPYm,2,18,43.0,69.0,259
USDJPYm,2,19,11.0,11.0,259
USDJPYm,2,20,10.0,11.0,259
USDJPYm,2,21,10.0,11.0,259
USDJPYm,2,22,10.0,11.0,258
USDJPYm,2,23,10.0,11.0,259
USDJPYm,3,0,10.0,11.0,259
USDJPYm,3,1,10.0,11.0,259
USDJPYm,3,2,10.0,11.0,259
USDJPYm,3,3,10.0,11.0,259
USDJPYm,3,4,10.0,11.0,259
USDJPYm,3,5,10.0,11.0,259
USDJPYm,3,6,10.0,11.0,259
USDJPYm,3,7,10.0,11.0,259
USDJPYm,3,8,10.0,11.0,259
USDJPYm,3,9,10.0,11.0,259
USDJPYm,3,10,10.0,11.0,259
USDJPYm,3,11,10.0,11.0,259
USDJPYm,3,12,10.0,11.0,259
USDJPYm,3,13,10.0,11.0,259
USDJPYm,3,14,10.0,11.0,259
USDJPYm,3,15,10.0,11.0,259
USDJPYm,3,16,11.0,43.0,259
USDJPYm,3,17,38.0,43.0,261
USDJPYm,3,18,43.0,69.0,261
USDJPYm,3,19,11.0,11.0,261
USDJPYm,3,20,10.0,11.0,261
USDJPYm,3,21,10.0,11.0,261
USDJPYm,3,22,10.0,11.0,260
USDJPYm,3,23,10.0,11.0,261
USDJPYm,4,0,10.0,11.0,261
USDJPYm,4,1,10.0,11.0,261
USDJPYm,4,2,10.0,11.0,261
USDJPYm,4,3,10.0,11.0,261
USDJPYm,4,4,10.0,11.0,261
USDJPYm,4,5,10.0,11.0,261
USDJPYm,4,6,10.0,11.0,261
USDJPYm,4,7,10.0,11.0,261
USDJPYm,4,8,10.0,11.0,261
USDJPYm,4,9,10.0,11.0,261
USDJPYm,4,10,10.0,11.0,261
USDJPYm,4,11,10.0,11.0,261
USDJPYm,4,12,10.0,11.0,261
USDJPYm,4,13,10.0,11.0,261
USDJPYm,4,14,10.0,11.0,261
USDJPYm,4,15,10.0,11.0,259
USDJPYm,4,16,11.0,43.0,259
USDJPYm,6,17,43.0,43.0,259
USDJPYm,6,18,43.0,69.0,259
USDJPYm,6,19,11.0,11.0,259
USDJPYm,6,20,10.0,11.0,259
USDJPYm,6,21,10.0,11.0,259
USDJPYm,6,22,10.0,11.0,259
USDJPYm,6,23,10.0,11.0,259
