symbol,group,history_depth,d1_bars,d1_start,reported_start_year,earliest_cache_year,cache_year_files,years_missing,history_suspect
USDCADm,A_TRADEABLE_NOW,EXACT,2522,2018-07-03,2018.0,2018.0,9,0,False
AUDUSDm,A_TRADEABLE_NOW,EXACT,2522,2018-07-03,2018.0,2018.0,9,0,False
NZDCADm,A_TRADEABLE_NOW,EXACT,2522,2018-07-03,2018.0,2018.0,9,0,False
AUDNZDm,A_TRADEABLE_NOW,EXACT,2522,2018-07-03,2018.0,2018.0,9,0,False
AUDCHFm,A_TRADEABLE_NOW,EXACT,2522,2018-07-03,2018.0,2018.0,9,0,False
NFLXm,A_TRADEABLE_NOW,EXACT,1603,2020-03-16,2020.0,2020.0,7,0,False
AUDCADm,A_TRADEABLE_NOW,EXACT,2522,2018-07-03,2018.0,2018.0,9,0,False
AUDJPYm,A_TRADEABLE_NOW,EXACT,2522,2018-07-03,2018.0,2018.0,9,0,False
WMTm,A_TRADEABLE_NOW,EXACT,1603,2020-03-16,2020.0,2020.0,7,0,False
AUS200m,A_TRADEABLE_NOW,EXACT,2491,2018-06-12,2018.0,2018.0,9,0,False
CADJPYm,A_TRADEABLE_NOW,EXACT,2522,2018-07-03,2018.0,2018.0,9,0,False
NZDCHFm,A_TRADEABLE_NOW,EXACT,1705,2021-02-14,2021.0,2021.0,6,0,False
NZDJPYm,A_TRADEABLE_NOW,EXACT,2522,2018-07-03,2018.0,2018.0,9,0,False
KOm,A_TRADEABLE_NOW,EXACT,1603,2020-03-16,2020.0,2020.0,7,0,False
XOMm,A_TRADEABLE_NOW,EXACT,1603,2020-03-16,2020.0,2020.0,7,0,False
CMCSAm,A_TRADEABLE_NOW,EXACT,1413,2020-12-14,2020.0,2021.0,6,0,False
HK50m,A_TRADEABLE_NOW,EXACT,1968,2019-07-10,2019.0,2019.0,8,0,False
WFCm,A_TRADEABLE_NOW,EXACT,1603,2020-03-16,2020.0,2020.0,7,0,False
MOm,A_TRADEABLE_NOW,EXACT,1413,2020-12-14,2020.0,2021.0,6,0,False
BILIm,A_TRADEABLE_NOW,EXACT,1216,2021-09-27,2021.0,2021.0,6,0,False
Cm,A_TRADEABLE_NOW,EXACT,1603,2020-03-16,2020.0,2020.0,7,0,False
MRKm,A_TRADEABLE_NOW,EXACT,1413,2020-12-14,2020.0,2021.0,6,0,False
XCUUSDm,A_TRADEABLE_NOW,EXACT,826,2023-04-26,2023.0,2023.0,4,0,False
PGm,A_TRADEABLE_NOW,EXACT,1413,2020-12-14,2020.0,2021.0,6,0,False
BMYm,A_TRADEABLE_NOW,EXACT,1413,2020-12-14,2020.0,2021.0,6,0,False
GILDm,A_TRADEABLE_NOW,EXACT,1413,2020-12-14,2020.0,2021.0,6,0,False
VIPSm,A_TRADEABLE_NOW,EXACT,1216,2021-09-27,2021.0,2021.0,6,0,False
CSCOm,A_TRADEABLE_NOW,EXACT,1603,2020-03-16,2020.0,2020.0,7,0,False
EBAYm,A_TRADEABLE_NOW,EXACT,1603,2020-03-16,2020.0,2020.0,7,0,False
BEKEm,A_TRADEABLE_NOW,EXACT,1216,2021-09-27,2021.0,2021.0,6,0,False
BACm,A_TRADEABLE_NOW,EXACT,1603,2020-03-16,2020.0,2020.0,7,0,False
MDLZm,A_TRADEABLE_NOW,EXACT,1413,2020-12-14,2020.0,2021.0,6,0,False
PEPm,A_TRADEABLE_NOW,EXACT,1413,2020-12-14,2020.0,2021.0,6,0,False
SBUXm,A_TRADEABLE_NOW,EXACT,1413,2020-12-14,2020.0,2021.0,6,0,False
XALUSDm,A_TRADEABLE_NOW,EXACT,834,2023-04-14,2023.0,2023.0,4,0,False
ABTm,A_TRADEABLE_NOW,EXACT,1413,2020-12-14,2020.0,2021.0,6,0,False
CVSm,A_TRADEABLE_NOW,EXACT,1413,2020-12-14,2020.0,2021.0,6,0,False
PYPLm,A_TRADEABLE_NOW,EXACT,1603,2020-03-16,2020.0,2020.0,7,0,False
MMMm,A_TRADEABLE_NOW,EXACT,1413,2020-12-14,2020.0,2021.0,6,0,False
PDDm,A_TRADEABLE_NOW,EXACT,1216,2021-09-27,2021.0,2021.0,6,0,False
CSXm,A_TRADEABLE_NOW,EXACT,1413,2020-12-14,2020.0,2021.0,6,0,False
UPSm,A_TRADEABLE_NOW,EXACT,1413,2020-12-14,2020.0,2021.0,6,0,False
VZm,A_TRADEABLE_NOW,EXACT,1603,2020-03-16,2020.0,2020.0,7,0,False
YUMCm,A_TRADEABLE_NOW,EXACT,1216,2021-09-27,2021.0,2021.0,6,0,False
EURGBPm,A_TRADEABLE_NOW,EXACT,1008,2023-05-11,2023.0,2023.0,4,0,False
BABAm,A_TRADEABLE_NOW,EXACT,1603,2020-03-16,2020.0,2020.0,7,0,False
EURCHFm,A_TRADEABLE_NOW,EXACT,403,2025-04-18,2025.0,2021.0,6,4,True
AMTm,A_TRADEABLE_NOW,EXACT,1413,2020-12-14,2020.0,2021.0,6,0,False
EURCADm,A_TRADEABLE_NOW,EXACT,409,2025-04-11,2025.0,2024.0,3,1,True
XZNUSDm,A_TRADEABLE_NOW,EXACT,868,2023-02-23,2023.0,2023.0,4,0,False
ETHUSDm,B_POSSIBLY_TRADEABLE,PROVISIONAL,400,2025-06-29,2025.0,2019.0,8,0,False
AUDZARm,B_POSSIBLY_TRADEABLE,PROVISIONAL,400,2025-04-22,2025.0,2025.0,2,0,False
CHFJPYm,B_POSSIBLY_TRADEABLE,PROVISIONAL,400,2025-04-22,2025.0,2025.0,2,0,False
CHFMXNm,B_POSSIBLY_TRADEABLE,PROVISIONAL,400,2025-04-22,2025.0,2025.0,2,0,False
EURJPYm,B_POSSIBLY_TRADEABLE,PROVISIONAL,400,2025-04-22,2025.0,2023.0,4,0,False
GBPAUDm,B_POSSIBLY_TRADEABLE,PROVISIONAL,400,2025-04-22,2025.0,2025.0,2,0,False
GBPILSm,B_POSSIBLY_TRADEABLE,PROVISIONAL,400,2025-01-16,2025.0,2025.0,2,0,False
GBPJPYm,B_POSSIBLY_TRADEABLE,PROVISIONAL,400,2025-04-22,2025.0,2023.0,4,0,False
GBPMXNm,B_POSSIBLY_TRADEABLE,PROVISIONAL,400,2025-04-22,2025.0,2025.0,2,0,False
GBPNZDm,B_POSSIBLY_TRADEABLE,PROVISIONAL,400,2025-04-22,2025.0,2025.0,2,0,False
GBPUSDm,B_POSSIBLY_TRADEABLE,PROVISIONAL,400,2025-04-22,2025.0,2018.0,9,0,False
USDCHFm,B_POSSIBLY_TRADEABLE,PROVISIONAL,400,2025-04-22,2025.0,2023.0,4,0,False
USDILSm,B_POSSIBLY_TRADEABLE,PROVISIONAL,400,2025-01-16,2025.0,2017.0,10,0,False
USDJPYm,B_POSSIBLY_TRADEABLE,PROVISIONAL,400,2025-04-22,2025.0,2018.0,9,0,False
USDZARm,B_POSSIBLY_TRADEABLE,PROVISIONAL,400,2025-04-22,2025.0,2025.0,2,0,False
UK100m,B_POSSIBLY_TRADEABLE,PROVISIONAL,400,2025-03-27,2025.0,2018.0,9,0,False
US500m,B_POSSIBLY_TRADEABLE,PROVISIONAL,400,2025-04-22,2025.0,2018.0,9,0,False
AAPLm,B_POSSIBLY_TRADEABLE,PROVISIONAL,400,2024-12-24,2024.0,2019.0,8,0,False
ADBEm,B_POSSIBLY_TRADEABLE,PROVISIONAL,400,2024-12-24,2024.0,2021.0,6,0,False
ADPm,B_POSSIBLY_TRADEABLE,PROVISIONAL,400,2024-12-24,2024.0,2024.0,3,0,False
AMGNm,B_POSSIBLY_TRADEABLE,PROVISIONAL,400,2024-12-24,2024.0,2024.0,3,0,False
AMZNm,B_POSSIBLY_TRADEABLE,PROVISIONAL,400,2024-12-24,2024.0,2020.0,7,0,False
BAm,B_POSSIBLY_TRADEABLE,PROVISIONAL,400,2024-12-24,2024.0,2024.0,3,0,False
BIIBm,B_POSSIBLY_TRADEABLE,PROVISIONAL,400,2024-12-24,2024.0,2024.0,3,0,False
CHTRm,B_POSSIBLY_TRADEABLE,PROVISIONAL,400,2024-12-24,2024.0,2024.0,3,0,False
CMEm,B_POSSIBLY_TRADEABLE,PROVISIONAL,400,2024-12-24,2024.0,2024.0,3,0,False
GOOGLm,B_POSSIBLY_TRADEABLE,PROVISIONAL,400,2024-12-24,2024.0,2020.0,7,0,False
HDm,B_POSSIBLY_TRADEABLE,PROVISIONAL,400,2024-12-24,2024.0,2021.0,6,0,False
IBMm,B_POSSIBLY_TRADEABLE,PROVISIONAL,400,2024-12-24,2024.0,2021.0,6,0,False
INTCm,B_POSSIBLY_TRADEABLE,PROVISIONAL,400,2024-12-24,2024.0,2020.0,7,0,False
INTUm,B_POSSIBLY_TRADEABLE,PROVISIONAL,400,2024-12-24,2024.0,2021.0,6,0,False
JPMm,B_POSSIBLY_TRADEABLE,PROVISIONAL,400,2024-12-24,2024.0,2024.0,3,0,False
LINm,B_POSSIBLY_TRADEABLE,PROVISIONAL,400,2024-12-24,2024.0,2024.0,3,0,False
LMTm,B_POSSIBLY_TRADEABLE,PROVISIONAL,400,2024-12-24,2024.0,2024.0,3,0,False
MAm,B_POSSIBLY_TRADEABLE,PROVISIONAL,400,2024-12-24,2024.0,2024.0,3,0,False
MSm,B_POSSIBLY_TRADEABLE,PROVISIONAL,400,2024-12-24,2024.0,2020.0,7,0,False
MSFTm,B_POSSIBLY_TRADEABLE,PROVISIONAL,400,2024-12-24,2024.0,2020.0,7,0,False
NVDAm,B_POSSIBLY_TRADEABLE,PROVISIONAL,400,2024-12-24,2024.0,2020.0,7,0,False
ORCLm,B_POSSIBLY_TRADEABLE,PROVISIONAL,400,2024-12-24,2024.0,2020.0,7,0,False
TMUSm,B_POSSIBLY_TRADEABLE,PROVISIONAL,400,2024-12-24,2024.0,2024.0,3,0,False
UNHm,B_POSSIBLY_TRADEABLE,PROVISIONAL,400,2024-12-24,2024.0,2024.0,3,0,False
Vm,B_POSSIBLY_TRADEABLE,PROVISIONAL,400,2024-12-24,2024.0,2024.0,3,0,False
VRTXm,B_POSSIBLY_TRADEABLE,PROVISIONAL,400,2024-12-24,2024.0,2024.0,3,0,False
FTNTm,B_POSSIBLY_TRADEABLE,PROVISIONAL,400,2024-12-24,2024.0,2024.0,3,0,False
AUDMXNm,B_POSSIBLY_TRADEABLE,EXACT,2522,2018-07-03,2018.0,2018.0,9,0,False
EURMXNm,B_POSSIBLY_TRADEABLE,EXACT,409,2025-04-11,2025.0,2025.0,2,0,False
EURNZDm,B_POSSIBLY_TRADEABLE,EXACT,2522,2018-07-03,2018.0,2018.0,9,0,False
EURSGDm,B_POSSIBLY_TRADEABLE,EXACT,2522,2018-07-03,2018.0,2018.0,9,0,False
EURUSDm,B_POSSIBLY_TRADEABLE,EXACT,2522,2018-07-03,2018.0,2018.0,9,0,False
GBPCHFm,B_POSSIBLY_TRADEABLE,EXACT,2522,2018-07-03,2018.0,2018.0,9,0,False
HKDJPYm,B_POSSIBLY_TRADEABLE,EXACT,2518,2018-07-02,2018.0,2018.0,9,0,False
USDDKKm,B_POSSIBLY_TRADEABLE,EXACT,2522,2018-07-03,2018.0,2018.0,9,0,False
USDMXNm,B_POSSIBLY_TRADEABLE,EXACT,2522,2018-07-03,2018.0,2018.0,9,0,False
USDSGDm,B_POSSIBLY_TRADEABLE,EXACT,2522,2018-07-03,2018.0,2018.0,9,0,False
ZARJPYm,B_POSSIBLY_TRADEABLE,EXACT,2521,2018-07-03,2018.0,2018.0,9,0,False
XNIUSDm,B_POSSIBLY_TRADEABLE,EXACT,909,2022-12-23,2022.0,2022.0,5,0,False
XPBUSDm,B_POSSIBLY_TRADEABLE,EXACT,851,2023-03-20,2023.0,2023.0,4,0,False
FR40m,B_POSSIBLY_TRADEABLE,EXACT,2483,2018-01-16,2018.0,2018.0,9,0,False
ABBVm,B_POSSIBLY_TRADEABLE,EXACT,1413,2020-12-14,2020.0,2021.0,6,0,False
JNJm,B_POSSIBLY_TRADEABLE,EXACT,1603,2020-03-16,2020.0,2020.0,7,0,False
MCDm,B_POSSIBLY_TRADEABLE,EXACT,1603,2020-03-16,2020.0,2020.0,7,0,False
NKEm,B_POSSIBLY_TRADEABLE,EXACT,1603,2020-03-16,2020.0,2020.0,7,0,False
PFEm,B_POSSIBLY_TRADEABLE,EXACT,1603,2020-03-16,2020.0,2020.0,7,0,False
PMm,B_POSSIBLY_TRADEABLE,EXACT,1413,2020-12-14,2020.0,2021.0,6,0,False
Tm,B_POSSIBLY_TRADEABLE,EXACT,1603,2020-03-16,2020.0,2020.0,7,0,False
BIDUm,B_POSSIBLY_TRADEABLE,EXACT,1216,2021-09-27,2021.0,2021.0,6,0,False
ZTOm,B_POSSIBLY_TRADEABLE,EXACT,1216,2021-09-27,2021.0,2021.0,6,0,False
BCHUSDm,C_NOT_TRADEABLE,PROVISIONAL,400,2025-06-09,2025.0,2019.0,8,0,False
BTCJPYm,C_NOT_TRADEABLE,PROVISIONAL,400,2025-06-24,2025.0,2019.0,8,0,False
BTCKRWm,C_NOT_TRADEABLE,PROVISIONAL,400,2022-11-01,2022.0,2019.0,6,0,False
BTCUSDm,C_NOT_TRADEABLE,PROVISIONAL,400,2025-06-29,2025.0,2019.0,8,0,False
LTCUSDm,C_NOT_TRADEABLE,PROVISIONAL,400,2025-06-09,2025.0,2019.0,8,0,False
XRPUSDm,C_NOT_TRADEABLE,PROVISIONAL,400,2025-06-09,2025.0,2019.0,8,0,False
AAVEUSDm,C_NOT_TRADEABLE,PROVISIONAL,400,2023-09-20,2023.0,2021.0,4,0,False
BATUSDm,C_NOT_TRADEABLE,PROVISIONAL,400,2023-09-20,2023.0,2021.0,4,0,False
LINKUSDm,C_NOT_TRADEABLE,PROVISIONAL,400,2023-09-20,2023.0,2021.0,4,0,False
SNXUSDm,C_NOT_TRADEABLE,PROVISIONAL,400,2023-09-21,2023.0,2021.0,4,0,False
SOLUSDm,C_NOT_TRADEABLE,PROVISIONAL,400,2024-04-10,2024.0,2021.0,6,0,False
UNIUSDm,C_NOT_TRADEABLE,PROVISIONAL,400,2023-09-20,2023.0,2021.0,4,0,False
ADAUSDm,C_NOT_TRADEABLE,PROVISIONAL,400,2023-07-06,2023.0,2021.0,4,0,False
BNBUSDm,C_NOT_TRADEABLE,PROVISIONAL,400,2024-04-10,2024.0,2021.0,6,0,False
DOTUSDm,C_NOT_TRADEABLE,PROVISIONAL,400,2023-07-06,2023.0,2021.0,4,0,False
ENJUSDm,C_NOT_TRADEABLE,PROVISIONAL,400,2023-07-06,2023.0,2021.0,4,0,False
FILUSDm,C_NOT_TRADEABLE,PROVISIONAL,400,2023-07-06,2023.0,2021.0,4,0,False
XTZUSDm,C_NOT_TRADEABLE,PROVISIONAL,400,2023-07-06,2023.0,2021.0,4,0,False
1INCHUSDm,C_NOT_TRADEABLE,PROVISIONAL,400,2023-07-03,2023.0,2021.0,4,0,False
CAKEUSDm,C_NOT_TRADEABLE,PROVISIONAL,400,2023-07-06,2023.0,2021.0,4,0,False
COMPUSDm,C_NOT_TRADEABLE,PROVISIONAL,400,2023-07-03,2023.0,2021.0,4,0,False
DOGEUSDm,C_NOT_TRADEABLE,PROVISIONAL,400,2023-07-06,2023.0,2021.0,4,0,False
HBARUSDm,C_NOT_TRADEABLE,PROVISIONAL,400,2023-07-06,2023.0,2021.0,4,0,False
HTUSDm,C_NOT_TRADEABLE,PROVISIONAL,400,2022-06-10,2022.0,2021.0,3,0,False
IOSTUSDm,C_NOT_TRADEABLE,PROVISIONAL,400,2023-07-06,2023.0,2021.0,4,0,False
MANAUSDm,C_NOT_TRADEABLE,PROVISIONAL,400,2023-07-06,2023.0,2021.0,4,0,False
MATICUSDm,C_NOT_TRADEABLE,PROVISIONAL,400,2023-07-06,2023.0,2021.0,4,0,False
THETAUSDm,C_NOT_TRADEABLE,PROVISIONAL,400,2023-07-06,2023.0,2021.0,4,0,False
BTCUSDTm,C_NOT_TRADEABLE,PROVISIONAL,63,2026-06-01,2026.0,2026.0,1,0,False
ETHBTCm,C_NOT_TRADEABLE,PROVISIONAL,63,2026-06-01,2026.0,2026.0,1,0,False
BTCAUDm,C_NOT_TRADEABLE,PROVISIONAL,400,2025-06-23,2025.0,2021.0,6,0,False
BTCCNHm,C_NOT_TRADEABLE,PROVISIONAL,400,2025-06-22,2025.0,2021.0,6,0,False
BTCTHBm,C_NOT_TRADEABLE,PROVISIONAL,400,2025-06-29,2025.0,2023.0,4,0,False
BTCXAGm,C_NOT_TRADEABLE,PROVISIONAL,400,2025-06-24,2025.0,2025.0,2,0,False
BTCXAUm,C_NOT_TRADEABLE,PROVISIONAL,400,2025-06-24,2025.0,2021.0,6,0,False
BTCZARm,C_NOT_TRADEABLE,PROVISIONAL,400,2025-06-25,2025.0,2021.0,6,0,False
UKOILm,C_NOT_TRADEABLE,PROVISIONAL,400,2025-01-14,2025.0,2020.0,7,0,False
USOILm,C_NOT_TRADEABLE,PROVISIONAL,400,2025-04-21,2025.0,2019.0,8,0,False
XNGUSDm,C_NOT_TRADEABLE,PROVISIONAL,400,2025-04-21,2025.0,2022.0,5,0,False
AUDCZKm,C_NOT_TRADEABLE,PROVISIONAL,400,2025-03-21,2025.0,2018.0,9,0,False
AUDDKKm,C_NOT_TRADEABLE,PROVISIONAL,400,2025-04-22,2025.0,2018.0,9,0,False
AUDHUFm,C_NOT_TRADEABLE,PROVISIONAL,400,2025-03-21,2025.0,2018.0,9,0,False
AUDNOKm,C_NOT_TRADEABLE,PROVISIONAL,400,2025-04-22,2025.0,2025.0,2,0,False
AUDPLNm,C_NOT_TRADEABLE,PROVISIONAL,400,2025-04-22,2025.0,2025.0,2,0,False
AUDSEKm,C_NOT_TRADEABLE,PROVISIONAL,400,2025-04-22,2025.0,2025.0,2,0,False
AUDTRYm,C_NOT_TRADEABLE,PROVISIONAL,400,2025-04-22,2025.0,2025.0,2,0,False
CADCZKm,C_NOT_TRADEABLE,PROVISIONAL,400,2025-03-21,2025.0,2025.0,2,0,False
CADMXNm,C_NOT_TRADEABLE,PROVISIONAL,400,2025-04-22,2025.0,2025.0,2,0,False
CADNOKm,C_NOT_TRADEABLE,PROVISIONAL,400,2025-04-22,2025.0,2025.0,2,0,False
CADPLNm,C_NOT_TRADEABLE,PROVISIONAL,400,2025-04-22,2025.0,2025.0,2,0,False
CADTRYm,C_NOT_TRADEABLE,PROVISIONAL,400,2025-04-22,2025.0,2025.0,2,0,False
CHFDKKm,C_NOT_TRADEABLE,PROVISIONAL,400,2025-04-22,2025.0,2025.0,2,0,False
CHFHUFm,C_NOT_TRADEABLE,PROVISIONAL,400,2025-03-21,2025.0,2025.0,2,0,False
CHFNOKm,C_NOT_TRADEABLE,PROVISIONAL,400,2025-04-22,2025.0,2025.0,2,0,False
CHFPLNm,C_NOT_TRADEABLE,PROVISIONAL,400,2025-04-22,2025.0,2025.0,2,0,False
CHFSEKm,C_NOT_TRADEABLE,PROVISIONAL,400,2025-04-22,2025.0,2025.0,2,0,False
CHFSGDm,C_NOT_TRADEABLE,PROVISIONAL,400,2025-04-22,2025.0,2025.0,2,0,False
CHFTRYm,C_NOT_TRADEABLE,PROVISIONAL,400,2025-04-22,2025.0,2025.0,2,0,False
CHFZARm,C_NOT_TRADEABLE,PROVISIONAL,400,2025-04-22,2025.0,2025.0,2,0,False
CZKPLNm,C_NOT_TRADEABLE,PROVISIONAL,400,2025-03-21,2025.0,2025.0,2,0,False
DKKCZKm,C_NOT_TRADEABLE,PROVISIONAL,400,2025-03-21,2025.0,2025.0,2,0,False
DKKHUFm,C_NOT_TRADEABLE,PROVISIONAL,400,2025-03-21,2025.0,2025.0,2,0,False
DKKPLNm,C_NOT_TRADEABLE,PROVISIONAL,400,2025-04-22,2025.0,2025.0,2,0,False
DKKSGDm,C_NOT_TRADEABLE,PROVISIONAL,400,2025-04-22,2025.0,2025.0,2,0,False
EURCZKm,C_NOT_TRADEABLE,PROVISIONAL,400,2025-03-21,2025.0,2025.0,2,0,False
EURDKKm,C_NOT_TRADEABLE,PROVISIONAL,400,2025-04-22,2025.0,2025.0,2,0,False
EURHUFm,C_NOT_TRADEABLE,PROVISIONAL,400,2025-03-21,2025.0,2025.0,2,0,False
EURNOKm,C_NOT_TRADEABLE,PROVISIONAL,400,2025-04-22,2025.0,2025.0,2,0,False
EURPLNm,C_NOT_TRADEABLE,PROVISIONAL,400,2025-04-22,2025.0,2025.0,2,0,False
EURSEKm,C_NOT_TRADEABLE,PROVISIONAL,400,2025-04-22,2025.0,2025.0,2,0,False
EURTRYm,C_NOT_TRADEABLE,PROVISIONAL,400,2025-04-22,2025.0,2025.0,2,0,False
EURZARm,C_NOT_TRADEABLE,PROVISIONAL,400,2025-04-22,2025.0,2025.0,2,0,False
GBPCZKm,C_NOT_TRADEABLE,PROVISIONAL,400,2025-03-21,2025.0,2025.0,2,0,False
GBPDKKm,C_NOT_TRADEABLE,PROVISIONAL,400,2025-04-22,2025.0,2025.0,2,0,False
GBPHUFm,C_NOT_TRADEABLE,PROVISIONAL,400,2025-03-21,2025.0,2025.0,2,0,False
GBPNOKm,C_NOT_TRADEABLE,PROVISIONAL,400,2025-04-22,2025.0,2025.0,2,0,False
GBPPLNm,C_NOT_TRADEABLE,PROVISIONAL,400,2025-04-22,2025.0,2025.0,2,0,False
GBPSEKm,C_NOT_TRADEABLE,PROVISIONAL,400,2025-04-22,2025.0,2025.0,2,0,False
GBPSGDm,C_NOT_TRADEABLE,PROVISIONAL,400,2025-04-22,2025.0,2025.0,2,0,False
GBPTRYm,C_NOT_TRADEABLE,PROVISIONAL,400,2025-04-22,2025.0,2025.0,2,0,False
GBPZARm,C_NOT_TRADEABLE,PROVISIONAL,400,2025-04-22,2025.0,2025.0,2,0,False
HUFJPYm,C_NOT_TRADEABLE,PROVISIONAL,400,2025-03-21,2025.0,2025.0,2,0,False
MXNJPYm,C_NOT_TRADEABLE,PROVISIONAL,400,2025-04-22,2025.0,2025.0,2,0,False
NOKDKKm,C_NOT_TRADEABLE,PROVISIONAL,400,2025-04-22,2025.0,2025.0,2,0,False
NOKJPYm,C_NOT_TRADEABLE,PROVISIONAL,400,2025-04-22,2025.0,2025.0,2,0,False
NOKSEKm,C_NOT_TRADEABLE,PROVISIONAL,400,2025-04-22,2025.0,2025.0,2,0,False
NZDCZKm,C_NOT_TRADEABLE,PROVISIONAL,400,2025-03-21,2025.0,2025.0,2,0,False
NZDDKKm,C_NOT_TRADEABLE,PROVISIONAL,400,2025-04-22,2025.0,2025.0,2,0,False
NZDHUFm,C_NOT_TRADEABLE,PROVISIONAL,400,2025-03-21,2025.0,2025.0,2,0,False
NZDNOKm,C_NOT_TRADEABLE,PROVISIONAL,400,2025-04-22,2025.0,2025.0,2,0,False
NZDPLNm,C_NOT_TRADEABLE,PROVISIONAL,400,2025-04-22,2025.0,2025.0,2,0,False
NZDSEKm,C_NOT_TRADEABLE,PROVISIONAL,400,2025-04-22,2025.0,2025.0,2,0,False
NZDSGDm,C_NOT_TRADEABLE,PROVISIONAL,400,2025-04-22,2025.0,2025.0,2,0,False
NZDTRYm,C_NOT_TRADEABLE,PROVISIONAL,400,2025-04-22,2025.0,2025.0,2,0,False
NZDZARm,C_NOT_TRADEABLE,PROVISIONAL,400,2025-04-22,2025.0,2025.0,2,0,False
PLNDKKm,C_NOT_TRADEABLE,PROVISIONAL,400,2025-04-22,2025.0,2025.0,2,0,False
PLNHUFm,C_NOT_TRADEABLE,PROVISIONAL,400,2025-03-21,2025.0,2025.0,2,0,False
PLNJPYm,C_NOT_TRADEABLE,PROVISIONAL,400,2025-04-22,2025.0,2025.0,2,0,False
PLNSEKm,C_NOT_TRADEABLE,PROVISIONAL,400,2025-04-22,2025.0,2025.0,2,0,False
SEKDKKm,C_NOT_TRADEABLE,PROVISIONAL,400,2025-04-22,2025.0,2025.0,2,0,False
SEKJPYm,C_NOT_TRADEABLE,PROVISIONAL,400,2025-04-22,2025.0,2025.0,2,0,False
SEKPLNm,C_NOT_TRADEABLE,PROVISIONAL,400,2025-03-21,2025.0,2025.0,2,0,False
SGDHKDm,C_NOT_TRADEABLE,PROVISIONAL,400,2025-04-22,2025.0,2025.0,2,0,False
TRYDKKm,C_NOT_TRADEABLE,PROVISIONAL,400,2025-04-22,2025.0,2025.0,2,0,False
TRYZARm,C_NOT_TRADEABLE,PROVISIONAL,400,2025-04-22,2025.0,2025.0,2,0,False
USDCNHm,C_NOT_TRADEABLE,PROVISIONAL,400,2025-04-01,2025.0,2023.0,4,0,False
USDCZKm,C_NOT_TRADEABLE,PROVISIONAL,400,2025-04-22,2025.0,2023.0,4,0,False
USDHKDm,C_NOT_TRADEABLE,PROVISIONAL,400,2025-04-22,2025.0,2023.0,4,0,False
USDNOKm,C_NOT_TRADEABLE,PROVISIONAL,400,2025-04-22,2025.0,2023.0,4,0,False
USDPLNm,C_NOT_TRADEABLE,PROVISIONAL,400,2025-04-22,2025.0,2023.0,4,0,False
USDSEKm,C_NOT_TRADEABLE,PROVISIONAL,400,2025-04-22,2025.0,2023.0,4,0,False
USDTHBm,C_NOT_TRADEABLE,PROVISIONAL,400,2025-04-01,2025.0,2023.0,4,0,False
USDTRYm,C_NOT_TRADEABLE,PROVISIONAL,400,2025-04-21,2025.0,2023.0,4,0,False
XAGAUDm,C_NOT_TRADEABLE,PROVISIONAL,400,2025-04-21,2025.0,2025.0,2,0,False
XAGEURm,C_NOT_TRADEABLE,PROVISIONAL,400,2025-04-21,2025.0,2025.0,2,0,False
XAGGBPm,C_NOT_TRADEABLE,PROVISIONAL,400,2025-04-21,2025.0,2025.0,2,0,False
XAGJPYm,C_NOT_TRADEABLE,PROVISIONAL,400,2025-01-15,2025.0,2024.0,3,0,False
XAGUSDm,C_NOT_TRADEABLE,PROVISIONAL,400,2025-04-21,2025.0,2018.0,9,0,False
XAUAUDm,C_NOT_TRADEABLE,PROVISIONAL,400,2025-04-21,2025.0,2025.0,2,0,False
XAUEURm,C_NOT_TRADEABLE,PROVISIONAL,400,2025-04-21,2025.0,2025.0,2,0,False
XAUGBPm,C_NOT_TRADEABLE,PROVISIONAL,400,2025-04-21,2025.0,2025.0,2,0,False
XAUUSDm,C_NOT_TRADEABLE,PROVISIONAL,400,2025-04-21,2025.0,2018.0,9,0,False
XPDUSDm,C_NOT_TRADEABLE,PROVISIONAL,400,2025-04-21,2025.0,2025.0,2,0,False
XPTUSDm,C_NOT_TRADEABLE,PROVISIONAL,400,2025-04-21,2025.0,2023.0,4,0,False
XAUUSD247m,C_NOT_TRADEABLE,PROVISIONAL,0,nan,,,0,0,False
USDAEDm,C_NOT_TRADEABLE,PROVISIONAL,400,2025-03-26,2025.0,2018.0,9,0,False
USDAMDm,C_NOT_TRADEABLE,PROVISIONAL,400,2025-01-10,2025.0,2024.0,3,0,False
USDARSm,C_NOT_TRADEABLE,PROVISIONAL,400,2025-03-30,2025.0,2025.0,2,0,False
USDAZNm,C_NOT_TRADEABLE,PROVISIONAL,400,2023-03-02,2023.0,2023.0,2,0,False
USDBDTm,C_NOT_TRADEABLE,PROVISIONAL,400,2025-03-30,2025.0,2025.0,2,0,False
USDBGNm,C_NOT_TRADEABLE,PROVISIONAL,400,2024-06-13,2024.0,2024.0,2,0,False
USDBHDm,C_NOT_TRADEABLE,PROVISIONAL,400,2024-11-15,2024.0,2024.0,3,0,False
USDBNDm,C_NOT_TRADEABLE,PROVISIONAL,400,2025-04-21,2025.0,2025.0,2,0,False
USDBRLm,C_NOT_TRADEABLE,PROVISIONAL,400,2025-02-05,2025.0,2025.0,2,0,False
USDCLPm,C_NOT_TRADEABLE,PROVISIONAL,400,2025-01-16,2025.0,2024.0,3,0,False
USDCNYm,C_NOT_TRADEABLE,PROVISIONAL,400,2025-02-22,2025.0,2025.0,2,0,False
USDCOPm,C_NOT_TRADEABLE,PROVISIONAL,400,2025-02-05,2025.0,2025.0,2,0,False
USDDZDm,C_NOT_TRADEABLE,PROVISIONAL,400,2025-01-30,2025.0,2024.0,3,0,False
USDEGPm,C_NOT_TRADEABLE,PROVISIONAL,400,2025-03-30,2025.0,2025.0,2,0,False
USDGELm,C_NOT_TRADEABLE,PROVISIONAL,400,2024-08-15,2024.0,2024.0,3,0,False
USDGHSm,C_NOT_TRADEABLE,PROVISIONAL,400,2025-03-30,2025.0,2025.0,2,0,False
USDIDRm,C_NOT_TRADEABLE,PROVISIONAL,400,2025-01-27,2025.0,2025.0,2,0,False
USDINRm,C_NOT_TRADEABLE,PROVISIONAL,400,2025-03-30,2025.0,2025.0,2,0,False
USDISKm,C_NOT_TRADEABLE,PROVISIONAL,400,2025-03-19,2025.0,2025.0,2,0,False
USDJODm,C_NOT_TRADEABLE,PROVISIONAL,400,2025-01-16,2025.0,2024.0,3,0,False
USDKESm,C_NOT_TRADEABLE,PROVISIONAL,400,2025-03-30,2025.0,2025.0,2,0,False
USDKGSm,C_NOT_TRADEABLE,PROVISIONAL,400,2023-03-15,2023.0,2023.0,2,0,False
USDKRWm,C_NOT_TRADEABLE,PROVISIONAL,400,2025-04-09,2025.0,2025.0,2,0,False
USDKWDm,C_NOT_TRADEABLE,PROVISIONAL,400,2025-01-16,2025.0,2024.0,3,0,False
USDKZTm,C_NOT_TRADEABLE,PROVISIONAL,400,2024-11-15,2024.0,2024.0,3,0,False
USDLBPm,C_NOT_TRADEABLE,PROVISIONAL,400,2024-08-01,2024.0,2024.0,3,0,False
USDLKRm,C_NOT_TRADEABLE,PROVISIONAL,400,2025-03-13,2025.0,2025.0,2,0,False
USDMADm,C_NOT_TRADEABLE,PROVISIONAL,400,2024-10-30,2024.0,2024.0,3,0,False
USDMYRm,C_NOT_TRADEABLE,PROVISIONAL,400,2025-03-13,2025.0,2025.0,2,0,False
USDNGNm,C_NOT_TRADEABLE,PROVISIONAL,400,2025-03-30,2025.0,2025.0,2,0,False
USDNPRm,C_NOT_TRADEABLE,PROVISIONAL,400,2025-01-10,2025.0,2024.0,3,0,False
USDOMRm,C_NOT_TRADEABLE,PROVISIONAL,400,2024-09-12,2024.0,2024.0,3,0,False
USDPHPm,C_NOT_TRADEABLE,PROVISIONAL,400,2025-02-27,2025.0,2025.0,2,0,False
USDPKRm,C_NOT_TRADEABLE,PROVISIONAL,400,2025-03-30,2025.0,2025.0,2,0,False
USDQARm,C_NOT_TRADEABLE,PROVISIONAL,400,2024-08-16,2024.0,2024.0,3,0,False
USDRONm,C_NOT_TRADEABLE,PROVISIONAL,400,2025-04-17,2025.0,2025.0,2,0,False
USDRURm,C_NOT_TRADEABLE,PROVISIONAL,400,2021-06-15,2021.0,2021.0,3,0,False
USDSARm,C_NOT_TRADEABLE,PROVISIONAL,400,2025-03-11,2025.0,2025.0,2,0,False
USDSYPm,C_NOT_TRADEABLE,PROVISIONAL,400,2024-09-30,2024.0,2024.0,3,0,False
USDTJSm,C_NOT_TRADEABLE,PROVISIONAL,400,2024-04-29,2024.0,2024.0,3,0,False
USDTMTm,C_NOT_TRADEABLE,PROVISIONAL,400,2024-08-29,2024.0,2024.0,3,0,False
USDTNDm,C_NOT_TRADEABLE,PROVISIONAL,400,2024-12-30,2024.0,2024.0,3,0,False
USDTWDm,C_NOT_TRADEABLE,PROVISIONAL,400,2025-02-05,2025.0,2025.0,2,0,False
USDUAHm,C_NOT_TRADEABLE,PROVISIONAL,400,2024-12-18,2024.0,2024.0,3,0,False
USDUGXm,C_NOT_TRADEABLE,PROVISIONAL,400,2024-12-02,2024.0,2024.0,3,0,False
USDUZSm,C_NOT_TRADEABLE,PROVISIONAL,400,2024-01-31,2024.0,2024.0,3,0,False
USDVNDm,C_NOT_TRADEABLE,PROVISIONAL,400,2023-03-16,2023.0,2023.0,4,0,False
USDVUVm,C_NOT_TRADEABLE,PROVISIONAL,400,2025-01-30,2025.0,2025.0,2,0,False
USDXOFm,C_NOT_TRADEABLE,PROVISIONAL,400,2025-04-22,2025.0,2025.0,2,0,False
USDHRKm,C_NOT_TRADEABLE,PROVISIONAL,400,2021-06-09,2021.0,2021.0,2,0,False
USDHUFm,C_NOT_TRADEABLE,PROVISIONAL,400,2025-04-22,2025.0,2025.0,2,0,False
USDRUBm,C_NOT_TRADEABLE,PROVISIONAL,400,2021-06-16,2021.0,2021.0,3,0,False
MBTUSDm,C_NOT_TRADEABLE,PROVISIONAL,400,2025-06-19,2025.0,2025.0,2,0,False
USDIQDm,C_NOT_TRADEABLE,PROVISIONAL,147,2025-12-07,2025.0,2025.0,2,0,False
BWPUSDm,C_NOT_TRADEABLE,PROVISIONAL,136,2025-12-08,2025.0,2025.0,2,0,False
USDAOAm,C_NOT_TRADEABLE,PROVISIONAL,56,2026-03-30,2026.0,2026.0,1,0,False
USDHNLm,C_NOT_TRADEABLE,PROVISIONAL,78,2026-03-30,2026.0,2026.0,1,0,False
USDGTQm,C_NOT_TRADEABLE,PROVISIONAL,78,2026-03-30,2026.0,2026.0,1,0,False
TETUSDm,C_NOT_TRADEABLE,PROVISIONAL,63,2026-05-31,2026.0,2026.0,1,0,False
US30_x10m,C_NOT_TRADEABLE,PROVISIONAL,354,2025-06-15,2025.0,2025.0,2,0,False
US500_x100m,C_NOT_TRADEABLE,PROVISIONAL,354,2025-06-15,2025.0,2025.0,2,0,False
USTEC_x100m,C_NOT_TRADEABLE,PROVISIONAL,354,2025-06-15,2025.0,2025.0,2,0,False
DE30m,C_NOT_TRADEABLE,PROVISIONAL,400,2025-04-03,2025.0,2018.0,9,0,False
JP225m,C_NOT_TRADEABLE,PROVISIONAL,400,2025-04-22,2025.0,2019.0,8,0,False
US30m,C_NOT_TRADEABLE,PROVISIONAL,400,2025-04-22,2025.0,2018.0,9,0,False
USTECm,C_NOT_TRADEABLE,PROVISIONAL,400,2025-04-22,2025.0,2018.0,9,0,False
IN50m,C_NOT_TRADEABLE,PROVISIONAL,59,2023-04-10,2023.0,2023.0,1,0,False
AMDm,C_NOT_TRADEABLE,PROVISIONAL,400,2024-12-24,2024.0,2020.0,7,0,False
ATVIm,C_NOT_TRADEABLE,PROVISIONAL,400,2022-03-11,2022.0,2022.0,2,0,False
AVGOm,C_NOT_TRADEABLE,PROVISIONAL,400,2024-12-24,2024.0,2021.0,6,0,False
COSTm,C_NOT_TRADEABLE,PROVISIONAL,400,2024-12-24,2024.0,2024.0,3,0,False
EAm,C_NOT_TRADEABLE,PROVISIONAL,400,2024-08-22,2024.0,2024.0,3,0,False
EQIXm,C_NOT_TRADEABLE,PROVISIONAL,400,2024-12-24,2024.0,2024.0,3,0,False
Fm,C_NOT_TRADEABLE,PROVISIONAL,400,2024-12-24,2024.0,2024.0,3,0,False
FBm,C_NOT_TRADEABLE,PROVISIONAL,400,2024-12-24,2024.0,2024.0,3,0,False
ISRGm,C_NOT_TRADEABLE,PROVISIONAL,400,2024-12-24,2024.0,2024.0,3,0,False
LLYm,C_NOT_TRADEABLE,PROVISIONAL,400,2024-12-24,2024.0,2024.0,3,0,False
REGNm,C_NOT_TRADEABLE,PROVISIONAL,400,2024-12-24,2024.0,2024.0,3,0,False
TMOm,C_NOT_TRADEABLE,PROVISIONAL,400,2024-12-24,2024.0,2024.0,3,0,False
TSLAm,C_NOT_TRADEABLE,PROVISIONAL,400,2024-12-24,2024.0,2020.0,7,0,False
AMCm,C_NOT_TRADEABLE,PROVISIONAL,400,2022-07-15,2022.0,2022.0,3,0,False
BBm,C_NOT_TRADEABLE,PROVISIONAL,400,2024-12-24,2024.0,2024.0,3,0,False
BBBYm,C_NOT_TRADEABLE,PROVISIONAL,400,2021-09-29,2021.0,2021.0,3,0,False
BRQSm,C_NOT_TRADEABLE,PROVISIONAL,400,2021-12-09,2021.0,2021.0,3,0,False
BYNDm,C_NOT_TRADEABLE,PROVISIONAL,400,2022-07-11,2022.0,2022.0,3,0,False
CANm,C_NOT_TRADEABLE,PROVISIONAL,400,2022-07-11,2022.0,2022.0,3,0,False
EDUm,C_NOT_TRADEABLE,PROVISIONAL,400,2024-12-24,2024.0,2024.0,3,0,False
IQm,C_NOT_TRADEABLE,PROVISIONAL,400,2024-12-24,2024.0,2024.0,3,0,False
RLXm,C_NOT_TRADEABLE,PROVISIONAL,400,2024-12-24,2024.0,2024.0,3,0,False
TALm,C_NOT_TRADEABLE,PROVISIONAL,400,2024-12-24,2024.0,2024.0,3,0,False
TIGRm,C_NOT_TRADEABLE,PROVISIONAL,400,2022-07-11,2022.0,2022.0,3,0,False
TMEm,C_NOT_TRADEABLE,PROVISIONAL,400,2024-12-24,2024.0,2024.0,3,0,False
TSMm,C_NOT_TRADEABLE,PROVISIONAL,400,2024-12-24,2024.0,2021.0,6,0,False
METAm,C_NOT_TRADEABLE,PROVISIONAL,400,2024-12-24,2024.0,2024.0,3,0,False
SPCXm,C_NOT_TRADEABLE,PROVISIONAL,33,2026-06-12,2026.0,2026.0,1,0,False
AUDSGDm,C_NOT_TRADEABLE,EXACT,0,nan,,2018.0,9,0,False
CADCHFm,C_NOT_TRADEABLE,EXACT,0,nan,,2018.0,9,0,False
DKKJPYm,C_NOT_TRADEABLE,EXACT,0,nan,,2018.0,9,0,False
DKKZARm,C_NOT_TRADEABLE,EXACT,0,nan,,2024.0,3,0,False
DXYm,C_NOT_TRADEABLE,EXACT,0,nan,,2025.0,2,0,False
EURAUDm,C_NOT_TRADEABLE,EXACT,0,nan,,2025.0,2,0,False
EURHKDm,C_NOT_TRADEABLE,EXACT,409,2025-04-11,2025.0,2025.0,2,0,False
GBPCADm,C_NOT_TRADEABLE,EXACT,0,nan,,2018.0,9,0,False
NZDMXNm,C_NOT_TRADEABLE,EXACT,0,nan,,2018.0,9,0,False
NZDUSDm,C_NOT_TRADEABLE,EXACT,0,nan,,2023.0,4,0,False
SGDJPYm,C_NOT_TRADEABLE,EXACT,0,nan,,2018.0,9,0,False
TRYJPYm,C_NOT_TRADEABLE,EXACT,2452,2018-07-03,2018.0,2018.0,9,0,False
STOXX50m,C_NOT_TRADEABLE,EXACT,0,nan,,2018.0,9,0,False
FUTUm,C_NOT_TRADEABLE,EXACT,0,nan,,2021.0,6,0,False
JDm,C_NOT_TRADEABLE,EXACT,0,nan,,2021.0,6,0,False
LIm,C_NOT_TRADEABLE,EXACT,0,nan,,2021.0,6,0,False
NIOm,C_NOT_TRADEABLE,EXACT,1216,2021-09-27,2021.0,2021.0,6,0,False
NTESm,C_NOT_TRADEABLE,EXACT,0,nan,,2024.0,3,0,False
XPEVm,C_NOT_TRADEABLE,EXACT,0,nan,,2021.0,6,0,False
